ID_Lote,Fecha,ID_Producto,ID_Linea,ID_Turno,Leche_Usada_Litros,Azucar_Usada_Kg,Otros_Insumos_Kg,Produccion_Programada_Kg,Produccion_Real_Kg,Produccion_Conforme_Kg,Produccion_Defectuosa_Kg,Tiempo_Planificado_Horas,Tiempo_Operativo_Horas,Tiempo_Parada_Horas,Tiempo_Total_Horas,Consumo_Vapor_m3,Consumo_Energia_kWh,Costo_Materia_Prima_USD,Costo_Energia_USD,Costo_ManoObra_USD,Costo_Total_USD,Costo_Unitario_USD_Kg,Estado_Calidad,Nombre_Producto,Categoria_Producto,Presentacion_Kg,Rendimiento_Teorico_L_Kg,Nombre_Linea,Capacidad_Nominal_Kg_Hora,Nombre_Turno
LOT-202601-0001,2026-01-01,PROD003,LIN001,TUR001,744.62,40.0,4.0,200,188.96,176.49,12.47,0.8,0.86,0.37,1.23,89.93,64.62,346.74,115.67,55.35,517.76,2.74,Rechazado / Reproceso,Manjar Tradicional 1kg,Familiar,1.0,3.8,Línea 1 - Marmitas 500L,250,Mañana (06:00 - 14:00)
LOT-202601-0002,2026-01-01,PROD004,LIN002,TUR003,2104.65,100.0,10.0,500,463.12,422.08,41.04,1.0,1.03,0.0,1.03,216.47,137.89,968.95,276.31,77.25,1322.51,2.86,Rechazado / Reproceso,Manjar Repostero 1kg,Industrial/Repostería,1.0,4.1,Línea 2 - Marmitas 1000L,500,Noche (22:00 - 06:00)
LOT-202601-0003,2026-01-01,PROD003,LIN003,TUR001,3808.21,200.0,20.0,1000,947.37,929.16,18.21,1.25,1.31,0.22,1.53,457.72,280.78,1769.45,582.96,168.3,2520.71,2.66,Aprobado A1,Manjar Tradicional 1kg,Familiar,1.0,3.8,Línea 3 - Continua 2000L,800,Mañana (06:00 - 14:00)
LOT-202601-0004,2026-01-01,PROD002,LIN003,TUR001,3007.95,160.0,16.0,800,785.46,760.23,25.23,1.0,0.99,0.0,0.99,399.59,238.54,1399.34,508.13,108.9,2016.37,2.57,Aprobado con Observaciones,Manjar Tradicional 500g,Familiar,0.5,3.8,Línea 3 - Continua 2000L,800,Mañana (06:00 - 14:00)
LOT-202601-0005,2026-01-01,PROD002,LIN003,TUR001,3029.55,160.0,16.0,800,810.82,771.05,39.77,1.0,1.04,0.0,1.04,375.06,255.6,1408.41,480.74,114.4,2003.55,2.47,Aprobado con Observaciones,Manjar Tradicional 500g,Familiar,0.5,3.8,Línea 3 - Continua 2000L,800,Mañana (06:00 - 14:00)
LOT-202601-0006,2026-01-02,PROD005,LIN001,TUR003,1058.75,50.0,5.0,250,243.68,240.61,3.07,1.0,1.02,0.0,1.02,123.47,77.72,487.18,157.49,45.9,690.57,2.83,Aprobado A1,Manjar Alfajorero 5kg,Industrial,5.0,4.3,Línea 1 - Marmitas 500L,250,Noche (22:00 - 06:00)
LOT-202601-0007,2026-01-02,PROD001,LIN003,TUR001,2608.66,140.0,14.0,700,665.69,625.13,40.56,0.88,0.92,0.0,0.92,335.68,243.24,1214.64,432.0,101.2,1747.84,2.63,Rechazado / Reproceso,Manjar Tradicional 250g,Familiar,0.25,3.8,Línea 3 - Continua 2000L,800,Mañana (06:00 - 14:00)
LOT-202601-0008,2026-01-02,PROD001,LIN003,TUR003,3885.73,200.0,20.0,1000,989.58,965.64,23.94,1.25,1.22,0.0,1.22,495.4,295.4,1802.01,629.93,134.2,2566.14,2.59,Aprobado A1,Manjar Tradicional 250g,Familiar,0.25,3.8,Línea 3 - Continua 2000L,800,Noche (22:00 - 06:00)
LOT-202601-0009,2026-01-03,PROD005,LIN001,TUR003,843.4,40.0,4.0,200,197.84,189.63,8.21,0.8,0.86,0.0,0.86,105.71,71.28,388.23,135.41,38.7,562.34,2.84,Aprobado con Observaciones,Manjar Alfajorero 5kg,Industrial,5.0,4.3,Línea 1 - Marmitas 500L,250,Noche (22:00 - 06:00)
LOT-202601-0010,2026-01-03,PROD003,LIN001,TUR001,750.01,40.0,4.0,200,195.67,194.05,1.62,0.8,0.85,0.0,0.85,100.34,71.57,349.0,129.0,38.25,516.25,2.64,Aprobado A1,Manjar Tradicional 1kg,Familiar,1.0,3.8,Línea 1 - Marmitas 500L,250,Mañana (06:00 - 14:00)
LOT-202601-0011,2026-01-03,PROD002,LIN001,TUR002,1175.42,60.0,6.0,300,291.12,286.27,4.85,1.2,1.23,1.1,2.33,154.87,94.94,544.68,197.24,104.85,846.77,2.91,Aprobado A1,Manjar Tradicional 500g,Familiar,0.5,3.8,Línea 1 - Marmitas 500L,250,Tarde (14:00 - 22:00)
LOT-202601-0012,2026-01-03,PROD003,LIN002,TUR001,2300.01,120.0,12.0,600,587.65,584.71,2.94,1.2,1.21,0.0,1.21,304.33,211.9,1068.0,390.62,90.75,1549.37,2.64,Aprobado A1,Manjar Tradicional 1kg,Familiar,1.0,3.8,Línea 2 - Marmitas 1000L,500,Mañana (06:00 - 14:00)
LOT-202601-0013,2026-01-03,PROD004,LIN003,TUR002,2802.85,140.0,14.0,700,688.15,670.36,17.79,0.88,0.92,0.84,1.76,327.02,224.26,1296.2,419.34,193.6,1909.14,2.77,Aprobado con Observaciones,Manjar Repostero 1kg,Industrial/Repostería,1.0,4.1,Línea 3 - Continua 2000L,800,Tarde (14:00 - 22:00)
LOT-202601-0014,2026-01-04,PROD004,LIN001,TUR001,820.84,40.0,4.0,200,199.29,193.15,6.14,0.8,0.84,0.0,0.84,99.42,61.2,378.75,126.65,37.8,543.2,2.73,Aprobado con Observaciones,Manjar Repostero 1kg,Industrial/Repostería,1.0,4.1,Línea 1 - Marmitas 500L,250,Mañana (06:00 - 14:00)
LOT-202601-0015,2026-01-04,PROD004,LIN001,TUR001,817.15,40.0,4.0,200,202.47,197.99,4.48,0.8,0.76,0.0,0.76,102.14,70.35,377.2,131.01,34.2,542.41,2.68,Aprobado A1,Manjar Repostero 1kg,Industrial/Repostería,1.0,4.1,Línea 1 - Marmitas 500L,250,Mañana (06:00 - 14:00)
LOT-202601-0016,2026-01-04,PROD002,LIN002,TUR001,2329.02,120.0,12.0,600,563.47,549.36,14.11,1.2,1.28,0.0,1.28,282.09,201.78,1080.19,362.72,96.0,1538.91,2.73,Aprobado con Observaciones,Manjar Tradicional 500g,Familiar,0.5,3.8,Línea 2 - Marmitas 1000L,500,Mañana (06:00 - 14:00)
LOT-202601-0017,2026-01-04,PROD001,LIN002,TUR003,1546.24,80.0,8.0,400,383.03,377.68,5.35,0.8,0.82,0.0,0.82,194.08,127.1,717.42,248.15,61.5,1027.07,2.68,Aprobado A1,Manjar Tradicional 250g,Familiar,0.25,3.8,Línea 2 - Marmitas 1000L,500,Noche (22:00 - 06:00)
LOT-202601-0018,2026-01-05,PROD003,LIN001,TUR001,947.82,50.0,5.0,250,245.94,240.66,5.28,1.0,0.95,0.0,0.95,132.73,72.76,440.58,168.01,42.75,651.34,2.65,Aprobado A1,Manjar Tradicional 1kg,Familiar,1.0,3.8,Línea 1 - Marmitas 500L,250,Mañana (06:00 - 14:00)
LOT-202601-0019,2026-01-05,PROD002,LIN001,TUR003,930.31,50.0,5.0,250,241.44,239.11,2.33,1.0,1.03,0.0,1.03,130.07,85.61,433.23,166.36,46.35,645.94,2.68,Aprobado A1,Manjar Tradicional 500g,Familiar,0.5,3.8,Línea 1 - Marmitas 500L,250,Noche (22:00 - 06:00)
LOT-202601-0020,2026-01-05,PROD005,LIN001,TUR001,1325.08,60.0,6.0,300,288.71,269.48,19.23,1.2,1.25,0.68,1.93,137.67,91.65,607.53,176.2,86.85,870.58,3.02,Rechazado / Reproceso,Manjar Alfajorero 5kg,Industrial,5.0,4.3,Línea 1 - Marmitas 500L,250,Mañana (06:00 - 14:00)
LOT-202601-0021,2026-01-05,PROD005,LIN002,TUR002,2221.75,100.0,10.0,500,497.59,491.8,5.79,1.0,0.99,0.0,0.99,239.32,173.81,1018.13,308.04,74.25,1400.42,2.81,Aprobado A1,Manjar Alfajorero 5kg,Industrial,5.0,4.3,Línea 2 - Marmitas 1000L,500,Tarde (14:00 - 22:00)
LOT-202601-0022,2026-01-05,PROD005,LIN002,TUR003,2169.92,100.0,10.0,500,472.95,459.08,13.87,1.0,0.96,0.0,0.96,254.34,138.66,996.37,321.85,72.0,1390.22,2.94,Aprobado con Observaciones,Manjar Alfajorero 5kg,Industrial,5.0,4.3,Línea 2 - Marmitas 1000L,500,Noche (22:00 - 06:00)
LOT-202601-0023,2026-01-05,PROD002,LIN003,TUR003,2646.05,140.0,14.0,700,684.57,616.72,67.85,0.88,0.85,0.3,1.15,316.26,238.86,1230.34,408.18,126.5,1765.02,2.58,Rechazado / Reproceso,Manjar Tradicional 500g,Familiar,0.5,3.8,Línea 3 - Continua 2000L,800,Noche (22:00 - 06:00)
LOT-202601-0024,2026-01-05,PROD003,LIN003,TUR002,3915.84,200.0,20.0,1000,992.49,965.85,26.64,1.25,1.31,0.0,1.31,521.38,324.37,1814.65,664.58,144.1,2623.33,2.64,Aprobado con Observaciones,Manjar Tradicional 1kg,Familiar,1.0,3.8,Línea 3 - Continua 2000L,800,Tarde (14:00 - 22:00)
LOT-202601-0025,2026-01-05,PROD003,LIN003,TUR001,2584.61,140.0,14.0,700,667.83,651.57,16.26,0.88,0.89,0.0,0.89,357.38,199.83,1204.54,452.84,97.9,1755.28,2.63,Aprobado A1,Manjar Tradicional 1kg,Familiar,1.0,3.8,Línea 3 - Continua 2000L,800,Mañana (06:00 - 14:00)
LOT-202601-0026,2026-01-06,PROD001,LIN002,TUR001,2280.96,120.0,12.0,600,592.23,577.6,14.63,1.2,1.25,0.0,1.25,306.01,171.83,1060.0,387.83,93.75,1541.58,2.6,Aprobado A1,Manjar Tradicional 250g,Familiar,0.25,3.8,Línea 2 - Marmitas 1000L,500,Mañana (06:00 - 14:00)
LOT-202601-0027,2026-01-06,PROD005,LIN002,TUR003,2672.41,120.0,12.0,600,592.54,584.79,7.75,1.2,1.19,0.0,1.19,278.48,214.5,1224.41,359.92,89.25,1673.58,2.82,Aprobado A1,Manjar Alfajorero 5kg,Industrial,5.0,4.3,Línea 2 - Marmitas 1000L,500,Noche (22:00 - 06:00)
LOT-202601-0028,2026-01-06,PROD004,LIN003,TUR002,3341.68,160.0,16.0,800,782.14,768.07,14.07,1.0,1.0,0.69,1.69,359.81,244.77,1539.51,461.14,185.9,2186.55,2.8,Aprobado A1,Manjar Repostero 1kg,Industrial/Repostería,1.0,4.1,Línea 3 - Continua 2000L,800,Tarde (14:00 - 22:00)
LOT-202601-0029,2026-01-06,PROD004,LIN003,TUR003,4164.9,200.0,20.0,1000,972.82,939.6,33.22,1.25,1.32,0.0,1.32,454.1,322.23,1919.26,583.59,145.2,2648.05,2.72,Aprobado con Observaciones,Manjar Repostero 1kg,Industrial/Repostería,1.0,4.1,Línea 3 - Continua 2000L,800,Noche (22:00 - 06:00)
LOT-202601-0030,2026-01-06,PROD005,LIN003,TUR002,3092.14,140.0,14.0,700,691.91,646.79,45.12,0.88,0.89,0.6,1.49,367.33,232.52,1417.7,468.7,163.9,2050.3,2.96,Rechazado / Reproceso,Manjar Alfajorero 5kg,Industrial,5.0,4.3,Línea 3 - Continua 2000L,800,Tarde (14:00 - 22:00)
LOT-202601-0031,2026-01-07,PROD004,LIN001,TUR002,803.87,40.0,4.0,200,196.93,177.31,19.62,0.8,0.81,0.91,1.72,91.38,61.04,371.63,116.98,77.4,566.01,2.87,Rechazado / Reproceso,Manjar Repostero 1kg,Industrial/Repostería,1.0,4.1,Línea 1 - Marmitas 500L,250,Tarde (14:00 - 22:00)
LOT-202601-0032,2026-01-07,PROD001,LIN001,TUR002,779.84,40.0,4.0,200,196.71,186.98,9.73,0.8,0.77,0.0,0.77,102.19,64.52,361.53,130.37,34.65,526.55,2.68,Aprobado con Observaciones,Manjar Tradicional 250g,Familiar,0.25,3.8,Línea 1 - Marmitas 500L,250,Tarde (14:00 - 22:00)
LOT-202601-0033,2026-01-07,PROD003,LIN002,TUR003,1926.36,100.0,10.0,500,480.3,475.28,5.02,1.0,1.06,0.0,1.06,229.82,165.95,894.07,295.7,79.5,1269.27,2.64,Aprobado A1,Manjar Tradicional 1kg,Familiar,1.0,3.8,Línea 2 - Marmitas 1000L,500,Noche (22:00 - 06:00)
LOT-202601-0034,2026-01-07,PROD004,LIN003,TUR002,3306.18,160.0,16.0,800,775.96,764.73,11.23,1.0,0.97,0.0,0.97,404.47,248.64,1524.6,515.2,106.7,2146.5,2.77,Aprobado A1,Manjar Repostero 1kg,Industrial/Repostería,1.0,4.1,Línea 3 - Continua 2000L,800,Tarde (14:00 - 22:00)
LOT-202601-0035,2026-01-08,PROD003,LIN001,TUR002,957.29,50.0,5.0,250,246.85,226.59,20.26,1.0,1.02,0.0,1.02,126.76,87.35,444.56,162.59,45.9,653.05,2.65,Rechazado / Reproceso,Manjar Tradicional 1kg,Familiar,1.0,3.8,Línea 1 - Marmitas 500L,250,Tarde (14:00 - 22:00)
LOT-202601-0036,2026-01-08,PROD002,LIN001,TUR002,789.37,40.0,4.0,200,195.32,184.12,11.2,0.8,0.84,0.4,1.24,94.95,68.54,365.54,122.16,55.8,543.5,2.78,Rechazado / Reproceso,Manjar Tradicional 500g,Familiar,0.5,3.8,Línea 1 - Marmitas 500L,250,Tarde (14:00 - 22:00)
LOT-202601-0037,2026-01-08,PROD003,LIN002,TUR001,1845.58,100.0,10.0,500,488.45,463.55,24.9,1.0,1.05,0.0,1.05,225.48,147.6,860.14,288.29,78.75,1227.18,2.51,Rechazado / Reproceso,Manjar Tradicional 1kg,Familiar,1.0,3.8,Línea 2 - Marmitas 1000L,500,Mañana (06:00 - 14:00)
LOT-202601-0038,2026-01-08,PROD002,LIN002,TUR002,2229.86,120.0,12.0,600,603.33,580.72,22.61,1.2,1.18,0.0,1.18,315.07,182.87,1038.54,400.03,88.5,1527.07,2.53,Aprobado con Observaciones,Manjar Tradicional 500g,Familiar,0.5,3.8,Línea 2 - Marmitas 1000L,500,Tarde (14:00 - 22:00)
LOT-202601-0039,2026-01-08,PROD001,LIN003,TUR002,3866.17,200.0,20.0,1000,1007.07,968.0,39.07,1.25,1.33,0.0,1.33,525.49,360.55,1793.79,673.85,146.3,2613.94,2.6,Aprobado con Observaciones,Manjar Tradicional 250g,Familiar,0.25,3.8,Línea 3 - Continua 2000L,800,Tarde (14:00 - 22:00)
LOT-202601-0040,2026-01-08,PROD005,LIN003,TUR001,4406.57,200.0,20.0,1000,965.64,934.08,31.56,1.25,1.22,0.0,1.22,452.35,354.26,2020.76,585.33,134.2,2740.29,2.84,Aprobado con Observaciones,Manjar Alfajorero 5kg,Industrial,5.0,4.3,Línea 3 - Continua 2000L,800,Mañana (06:00 - 14:00)
LOT-202601-0041,2026-01-08,PROD004,LIN003,TUR003,2871.39,140.0,14.0,700,691.16,632.71,58.45,0.88,0.91,0.0,0.91,365.03,246.37,1324.98,467.6,100.1,1892.68,2.74,Rechazado / Reproceso,Manjar Repostero 1kg,Industrial/Repostería,1.0,4.1,Línea 3 - Continua 2000L,800,Noche (22:00 - 06:00)
LOT-202601-0042,2026-01-09,PROD002,LIN001,TUR002,1154.5,60.0,6.0,300,290.31,288.55,1.76,1.2,1.24,0.0,1.24,153.99,100.47,535.89,196.84,55.8,788.53,2.72,Aprobado A1,Manjar Tradicional 500g,Familiar,0.5,3.8,Línea 1 - Marmitas 500L,250,Tarde (14:00 - 22:00)
LOT-202601-0043,2026-01-09,PROD003,LIN001,TUR003,764.68,40.0,4.0,200,190.77,186.99,3.78,0.8,0.79,0.0,0.79,94.59,55.59,355.17,120.18,35.55,510.9,2.68,Aprobado A1,Manjar Tradicional 1kg,Familiar,1.0,3.8,Línea 1 - Marmitas 500L,250,Noche (22:00 - 06:00)
LOT-202601-0044,2026-01-09,PROD002,LIN002,TUR002,2304.42,120.0,12.0,600,583.97,562.29,21.68,1.2,1.25,0.0,1.25,280.37,174.99,1069.86,357.44,93.75,1521.05,2.6,Aprobado con Observaciones,Manjar Tradicional 500g,Familiar,0.5,3.8,Línea 2 - Marmitas 1000L,500,Tarde (14:00 - 22:00)
LOT-202601-0045,2026-01-09,PROD002,LIN002,TUR002,1553.44,80.0,8.0,400,402.39,380.61,21.78,0.8,0.78,0.0,0.78,204.31,148.26,720.44,262.96,58.5,1041.9,2.59,Rechazado / Reproceso,Manjar Tradicional 500g,Familiar,0.5,3.8,Línea 2 - Marmitas 1000L,500,Tarde (14:00 - 22:00)
LOT-202601-0046,2026-01-09,PROD002,LIN003,TUR002,2636.48,140.0,14.0,700,690.08,686.1,3.98,0.88,0.93,0.0,0.93,318.11,215.82,1226.32,407.63,102.3,1736.25,2.52,Aprobado A1,Manjar Tradicional 500g,Familiar,0.5,3.8,Línea 3 - Continua 2000L,800,Tarde (14:00 - 22:00)
LOT-202601-0047,2026-01-09,PROD004,LIN003,TUR002,3223.93,160.0,16.0,800,750.05,743.31,6.74,1.0,1.06,0.0,1.06,390.89,253.9,1490.05,499.54,116.6,2106.19,2.81,Aprobado A1,Manjar Repostero 1kg,Industrial/Repostería,1.0,4.1,Línea 3 - Continua 2000L,800,Tarde (14:00 - 22:00)
LOT-202601-0048,2026-01-10,PROD005,LIN001,TUR002,1111.11,50.0,5.0,250,240.56,229.58,10.98,1.0,1.06,0.0,1.06,125.34,81.8,509.17,160.22,47.7,717.09,2.98,Aprobado con Observaciones,Manjar Alfajorero 5kg,Industrial,5.0,4.3,Línea 1 - Marmitas 500L,250,Tarde (14:00 - 22:00)
LOT-202601-0049,2026-01-10,PROD002,LIN002,TUR001,1533.13,80.0,8.0,400,380.26,368.22,12.04,0.8,0.85,0.42,1.27,182.02,118.32,711.91,232.62,95.25,1039.78,2.73,Aprobado con Observaciones,Manjar Tradicional 500g,Familiar,0.5,3.8,Línea 2 - Marmitas 1000L,500,Mañana (06:00 - 14:00)
LOT-202601-0050,2026-01-10,PROD002,LIN003,TUR002,2681.6,140.0,14.0,700,687.72,681.0,6.72,0.88,0.91,0.0,0.91,323.19,237.33,1245.27,416.31,100.1,1761.68,2.56,Aprobado A1,Manjar Tradicional 500g,Familiar,0.5,3.8,Línea 3 - Continua 2000L,800,Tarde (14:00 - 22:00)
LOT-202601-0051,2026-01-10,PROD004,LIN003,TUR002,4131.97,200.0,20.0,1000,971.25,929.05,42.2,1.25,1.21,0.37,1.58,491.47,355.54,1905.43,632.43,173.8,2711.66,2.79,Aprobado con Observaciones,Manjar Repostero 1kg,Industrial/Repostería,1.0,4.1,Línea 3 - Continua 2000L,800,Tarde (14:00 - 22:00)
LOT-202601-0052,2026-01-10,PROD003,LIN003,TUR003,2722.29,140.0,14.0,700,666.69,637.37,29.32,0.88,0.86,0.0,0.86,358.36,218.41,1262.36,456.24,94.6,1813.2,2.72,Aprobado con Observaciones,Manjar Tradicional 1kg,Familiar,1.0,3.8,Línea 3 - Continua 2000L,800,Noche (22:00 - 06:00)
LOT-202601-0053,2026-01-11,PROD001,LIN001,TUR001,948.87,50.0,5.0,250,243.63,231.46,12.17,1.0,0.96,0.39,1.35,119.95,80.68,441.03,153.62,60.75,655.4,2.69,Aprobado con Observaciones,Manjar Tradicional 250g,Familiar,0.25,3.8,Línea 1 - Marmitas 500L,250,Mañana (06:00 - 14:00)
LOT-202601-0054,2026-01-11,PROD001,LIN001,TUR003,1142.67,60.0,6.0,300,281.41,270.13,11.28,1.2,1.15,0.4,1.55,139.31,97.33,530.92,178.85,69.75,779.52,2.77,Aprobado con Observaciones,Manjar Tradicional 250g,Familiar,0.25,3.8,Línea 1 - Marmitas 500L,250,Noche (22:00 - 06:00)
LOT-202601-0055,2026-01-11,PROD005,LIN002,TUR001,2531.2,120.0,12.0,600,586.49,560.77,25.72,1.2,1.21,0.0,1.21,303.41,193.96,1165.1,387.37,90.75,1643.22,2.8,Aprobado con Observaciones,Manjar Alfajorero 5kg,Industrial,5.0,4.3,Línea 2 - Marmitas 1000L,500,Mañana (06:00 - 14:00)
LOT-202601-0056,2026-01-11,PROD003,LIN002,TUR002,1973.37,100.0,10.0,500,479.12,462.85,16.27,1.0,0.97,0.0,0.97,230.98,169.23,913.82,297.48,72.75,1284.05,2.68,Aprobado con Observaciones,Manjar Tradicional 1kg,Familiar,1.0,3.8,Línea 2 - Marmitas 1000L,500,Tarde (14:00 - 22:00)
LOT-202601-0057,2026-01-11,PROD004,LIN002,TUR002,2432.21,120.0,12.0,600,554.35,519.06,35.29,1.2,1.22,0.0,1.22,276.48,175.5,1123.53,352.84,91.5,1567.87,2.83,Rechazado / Reproceso,Manjar Repostero 1kg,Industrial/Repostería,1.0,4.1,Línea 2 - Marmitas 1000L,500,Tarde (14:00 - 22:00)
LOT-202601-0058,2026-01-11,PROD004,LIN003,TUR002,2980.94,140.0,14.0,700,670.5,650.03,20.47,0.88,0.85,0.0,0.85,328.88,247.46,1370.99,424.35,93.5,1888.84,2.82,Aprobado con Observaciones,Manjar Repostero 1kg,Industrial/Repostería,1.0,4.1,Línea 3 - Continua 2000L,800,Tarde (14:00 - 22:00)
LOT-202601-0059,2026-01-11,PROD002,LIN003,TUR002,2603.71,140.0,14.0,700,705.76,683.91,21.85,0.88,0.94,0.0,0.94,368.78,219.63,1212.56,468.89,103.4,1784.85,2.53,Aprobado con Observaciones,Manjar Tradicional 500g,Familiar,0.5,3.8,Línea 3 - Continua 2000L,800,Tarde (14:00 - 22:00)
LOT-202601-0060,2026-01-12,PROD001,LIN001,TUR002,1174.38,60.0,6.0,300,290.32,283.83,6.49,1.2,1.19,0.21,1.4,140.22,89.48,544.24,179.0,63.0,786.24,2.71,Aprobado A1,Manjar Tradicional 250g,Familiar,0.25,3.8,Línea 1 - Marmitas 500L,250,Tarde (14:00 - 22:00)
LOT-202601-0061,2026-01-12,PROD001,LIN001,TUR002,777.65,40.0,4.0,200,197.12,194.73,2.39,0.8,0.85,0.0,0.85,96.33,63.96,360.61,123.27,38.25,522.13,2.65,Aprobado A1,Manjar Tradicional 250g,Familiar,0.25,3.8,Línea 1 - Marmitas 500L,250,Tarde (14:00 - 22:00)
LOT-202601-0062,2026-01-12,PROD005,LIN002,TUR003,1688.87,80.0,8.0,400,376.71,367.64,9.07,0.8,0.77,0.39,1.16,187.31,117.91,777.33,238.92,87.0,1103.25,2.93,Aprobado A1,Manjar Alfajorero 5kg,Industrial,5.0,4.3,Línea 2 - Marmitas 1000L,500,Noche (22:00 - 06:00)
LOT-202601-0063,2026-01-12,PROD005,LIN002,TUR001,1721.58,80.0,8.0,400,386.21,367.61,18.6,0.8,0.84,0.0,0.84,189.54,126.93,791.06,242.68,63.0,1096.74,2.84,Aprobado con Observaciones,Manjar Alfajorero 5kg,Industrial,5.0,4.3,Línea 2 - Marmitas 1000L,500,Mañana (06:00 - 14:00)
LOT-202601-0064,2026-01-12,PROD003,LIN003,TUR003,3160.04,160.0,16.0,800,769.67,753.77,15.9,1.0,0.97,0.73,1.7,409.65,270.97,1463.22,524.1,187.0,2174.32,2.83,Aprobado A1,Manjar Tradicional 1kg,Familiar,1.0,3.8,Línea 3 - Continua 2000L,800,Noche (22:00 - 06:00)
LOT-202601-0065,2026-01-12,PROD002,LIN003,TUR003,2995.4,160.0,16.0,800,763.02,748.9,14.12,1.0,0.99,0.24,1.23,369.85,248.18,1394.07,473.6,135.3,2002.97,2.63,Aprobado A1,Manjar Tradicional 500g,Familiar,0.5,3.8,Línea 3 - Continua 2000L,800,Noche (22:00 - 06:00)
LOT-202601-0066,2026-01-12,PROD005,LIN003,TUR002,4210.55,200.0,20.0,1000,1000.99,971.58,29.41,1.25,1.28,0.0,1.28,500.64,312.11,1938.43,638.22,140.8,2717.45,2.71,Aprobado con Observaciones,Manjar Alfajorero 5kg,Industrial,5.0,4.3,Línea 3 - Continua 2000L,800,Tarde (14:00 - 22:00)
LOT-202601-0067,2026-01-13,PROD003,LIN001,TUR003,974.98,50.0,5.0,250,243.25,240.69,2.56,1.0,1.02,0.0,1.02,128.35,81.39,451.99,163.79,45.9,661.68,2.72,Aprobado A1,Manjar Tradicional 1kg,Familiar,1.0,3.8,Línea 1 - Marmitas 500L,250,Noche (22:00 - 06:00)
LOT-202601-0068,2026-01-13,PROD001,LIN001,TUR002,751.27,40.0,4.0,200,189.45,183.48,5.97,0.8,0.82,0.0,0.82,97.37,62.09,349.53,124.29,36.9,510.72,2.7,Aprobado con Observaciones,Manjar Tradicional 250g,Familiar,0.25,3.8,Línea 1 - Marmitas 500L,250,Tarde (14:00 - 22:00)
LOT-202601-0069,2026-01-13,PROD003,LIN002,TUR003,1543.31,80.0,8.0,400,392.72,379.58,13.14,0.8,0.85,0.19,1.04,188.03,130.78,716.19,241.33,78.0,1035.52,2.64,Aprobado con Observaciones,Manjar Tradicional 1kg,Familiar,1.0,3.8,Línea 2 - Marmitas 1000L,500,Noche (22:00 - 06:00)
LOT-202601-0070,2026-01-13,PROD004,LIN002,TUR002,2084.71,100.0,10.0,500,493.97,478.22,15.75,1.0,1.07,0.0,1.07,241.87,160.77,960.58,309.54,80.25,1350.37,2.73,Aprobado con Observaciones,Manjar Repostero 1kg,Industrial/Repostería,1.0,4.1,Línea 2 - Marmitas 1000L,500,Tarde (14:00 - 22:00)
LOT-202601-0071,2026-01-13,PROD002,LIN002,TUR002,1578.77,80.0,8.0,400,386.78,384.54,2.24,0.8,0.85,0.0,0.85,184.48,131.95,731.08,237.21,63.75,1032.04,2.67,Aprobado A1,Manjar Tradicional 500g,Familiar,0.5,3.8,Línea 2 - Marmitas 1000L,500,Tarde (14:00 - 22:00)
LOT-202601-0072,2026-01-14,PROD002,LIN001,TUR001,1122.18,60.0,6.0,300,298.17,286.94,11.23,1.2,1.17,0.0,1.17,151.37,93.08,522.32,192.81,52.65,767.78,2.57,Aprobado con Observaciones,Manjar Tradicional 500g,Familiar,0.5,3.8,Línea 1 - Marmitas 500L,250,Mañana (06:00 - 14:00)
LOT-202601-0073,2026-01-14,PROD002,LIN001,TUR001,1125.8,60.0,6.0,300,285.71,284.28,1.43,1.2,1.22,0.2,1.42,134.02,84.31,523.84,170.94,63.9,758.68,2.66,Aprobado A1,Manjar Tradicional 500g,Familiar,0.5,3.8,Línea 1 - Marmitas 500L,250,Mañana (06:00 - 14:00)
LOT-202601-0074,2026-01-14,PROD005,LIN002,TUR003,1722.82,80.0,8.0,400,382.58,367.29,15.29,0.8,0.85,0.76,1.61,190.65,123.24,791.58,243.57,120.75,1155.9,3.02,Aprobado con Observaciones,Manjar Alfajorero 5kg,Industrial,5.0,4.3,Línea 2 - Marmitas 1000L,500,Noche (22:00 - 06:00)
LOT-202601-0075,2026-01-14,PROD001,LIN002,TUR002,2356.79,120.0,12.0,600,564.6,557.45,7.15,1.2,1.21,0.0,1.21,274.4,208.66,1091.85,354.32,90.75,1536.92,2.72,Aprobado A1,Manjar Tradicional 250g,Familiar,0.25,3.8,Línea 2 - Marmitas 1000L,500,Tarde (14:00 - 22:00)
LOT-202601-0076,2026-01-14,PROD005,LIN003,TUR003,3360.68,160.0,16.0,800,788.37,718.18,70.19,1.0,1.02,0.58,1.6,414.84,253.78,1547.49,528.26,176.0,2251.75,2.86,Rechazado / Reproceso,Manjar Alfajorero 5kg,Industrial,5.0,4.3,Línea 3 - Continua 2000L,800,Noche (22:00 - 06:00)
LOT-202601-0077,2026-01-14,PROD001,LIN003,TUR002,3015.31,160.0,16.0,800,767.29,732.26,35.03,1.0,1.03,0.0,1.03,360.94,226.2,1402.43,460.27,113.3,1976.0,2.58,Aprobado con Observaciones,Manjar Tradicional 250g,Familiar,0.25,3.8,Línea 3 - Continua 2000L,800,Tarde (14:00 - 22:00)
LOT-202601-0078,2026-01-15,PROD001,LIN002,TUR002,1959.19,100.0,10.0,500,502.33,480.79,21.54,1.0,1.05,0.25,1.3,257.46,154.69,907.86,327.51,97.5,1332.87,2.65,Aprobado con Observaciones,Manjar Tradicional 250g,Familiar,0.25,3.8,Línea 2 - Marmitas 1000L,500,Tarde (14:00 - 22:00)
LOT-202601-0079,2026-01-15,PROD001,LIN002,TUR002,2270.26,120.0,12.0,600,593.51,570.64,22.87,1.2,1.2,0.0,1.2,303.53,173.36,1055.51,385.04,90.0,1530.55,2.58,Aprobado con Observaciones,Manjar Tradicional 250g,Familiar,0.25,3.8,Línea 2 - Marmitas 1000L,500,Tarde (14:00 - 22:00)
LOT-202601-0080,2026-01-15,PROD003,LIN002,TUR001,1503.48,80.0,8.0,400,395.67,389.56,6.11,0.8,0.76,0.0,0.76,184.91,131.54,699.46,237.68,57.0,994.14,2.51,Aprobado A1,Manjar Tradicional 1kg,Familiar,1.0,3.8,Línea 2 - Marmitas 1000L,500,Mañana (06:00 - 14:00)
LOT-202601-0081,2026-01-15,PROD003,LIN003,TUR001,3015.12,160.0,16.0,800,771.29,763.51,7.78,1.0,1.05,0.0,1.05,386.41,244.97,1402.35,493.09,115.5,2010.94,2.61,Aprobado A1,Manjar Tradicional 1kg,Familiar,1.0,3.8,Línea 3 - Continua 2000L,800,Mañana (06:00 - 14:00)
LOT-202601-0082,2026-01-15,PROD001,LIN003,TUR002,3866.48,200.0,20.0,1000,974.04,940.44,33.6,1.25,1.26,0.46,1.72,481.62,292.54,1793.92,613.05,189.2,2596.17,2.67,Aprobado con Observaciones,Manjar Tradicional 250g,Familiar,0.25,3.8,Línea 3 - Continua 2000L,800,Tarde (14:00 - 22:00)
LOT-202601-0083,2026-01-16,PROD005,LIN001,TUR003,1324.1,60.0,6.0,300,282.24,280.83,1.41,1.2,1.18,0.0,1.18,139.26,84.45,607.12,177.25,53.1,837.47,2.97,Aprobado A1,Manjar Alfajorero 5kg,Industrial,5.0,4.3,Línea 1 - Marmitas 500L,250,Noche (22:00 - 06:00)
LOT-202601-0084,2026-01-16,PROD002,LIN002,TUR003,1953.66,100.0,10.0,500,501.04,495.28,5.76,1.0,1.02,0.0,1.02,242.92,158.91,905.54,310.57,76.5,1292.61,2.58,Aprobado A1,Manjar Tradicional 500g,Familiar,0.5,3.8,Línea 2 - Marmitas 1000L,500,Noche (22:00 - 06:00)
LOT-202601-0085,2026-01-16,PROD003,LIN002,TUR001,1528.72,80.0,8.0,400,378.46,362.66,15.8,0.8,0.78,0.0,0.78,181.25,114.19,710.06,231.2,58.5,999.76,2.64,Aprobado con Observaciones,Manjar Tradicional 1kg,Familiar,1.0,3.8,Línea 2 - Marmitas 1000L,500,Mañana (06:00 - 14:00)
LOT-202601-0086,2026-01-16,PROD002,LIN003,TUR003,2613.18,140.0,14.0,700,692.9,669.37,23.53,0.88,0.88,0.0,0.88,353.95,235.56,1216.54,453.01,96.8,1766.35,2.55,Aprobado con Observaciones,Manjar Tradicional 500g,Familiar,0.5,3.8,Línea 3 - Continua 2000L,800,Noche (22:00 - 06:00)
LOT-202601-0087,2026-01-16,PROD003,LIN003,TUR001,2963.33,160.0,16.0,800,777.21,752.51,24.7,1.0,1.03,0.58,1.61,375.37,265.47,1380.6,482.3,177.1,2040.0,2.62,Aprobado con Observaciones,Manjar Tradicional 1kg,Familiar,1.0,3.8,Línea 3 - Continua 2000L,800,Mañana (06:00 - 14:00)
LOT-202601-0088,2026-01-16,PROD001,LIN003,TUR003,3820.88,200.0,20.0,1000,972.69,938.4,34.29,1.25,1.24,0.0,1.24,472.46,319.09,1774.77,605.24,136.4,2516.41,2.59,Aprobado con Observaciones,Manjar Tradicional 250g,Familiar,0.25,3.8,Línea 3 - Continua 2000L,800,Noche (22:00 - 06:00)
LOT-202601-0089,2026-01-17,PROD004,LIN001,TUR001,1064.74,50.0,5.0,250,235.62,221.03,14.59,1.0,0.96,0.0,0.96,115.69,82.93,489.69,148.78,43.2,681.67,2.89,Rechazado / Reproceso,Manjar Repostero 1kg,Industrial/Repostería,1.0,4.1,Línea 1 - Marmitas 500L,250,Mañana (06:00 - 14:00)
LOT-202601-0090,2026-01-17,PROD003,LIN002,TUR001,1855.57,100.0,10.0,500,492.07,481.49,10.58,1.0,1.03,0.0,1.03,249.29,148.27,864.34,316.94,77.25,1258.53,2.56,Aprobado A1,Manjar Tradicional 1kg,Familiar,1.0,3.8,Línea 2 - Marmitas 1000L,500,Mañana (06:00 - 14:00)
LOT-202601-0091,2026-01-17,PROD004,LIN003,TUR001,4180.44,200.0,20.0,1000,942.55,898.29,44.26,1.25,1.2,0.0,1.2,508.76,342.14,1925.78,651.57,132.0,2709.35,2.87,Aprobado con Observaciones,Manjar Repostero 1kg,Industrial/Repostería,1.0,4.1,Línea 3 - Continua 2000L,800,Mañana (06:00 - 14:00)
LOT-202601-0092,2026-01-17,PROD001,LIN003,TUR003,3798.63,200.0,20.0,1000,966.59,935.79,30.8,1.25,1.31,0.0,1.31,455.27,286.28,1765.42,580.68,144.1,2490.2,2.58,Aprobado con Observaciones,Manjar Tradicional 250g,Familiar,0.25,3.8,Línea 3 - Continua 2000L,800,Noche (22:00 - 06:00)
LOT-202601-0093,2026-01-17,PROD001,LIN003,TUR003,3908.14,200.0,20.0,1000,998.43,993.0,5.43,1.25,1.32,0.0,1.32,525.68,351.14,1811.42,672.95,145.2,2629.57,2.63,Aprobado A1,Manjar Tradicional 250g,Familiar,0.25,3.8,Línea 3 - Continua 2000L,800,Noche (22:00 - 06:00)
LOT-202601-0094,2026-01-18,PROD004,LIN001,TUR001,1020.39,50.0,5.0,250,246.63,227.18,19.45,1.0,0.98,0.0,0.98,131.29,75.35,471.06,166.59,44.1,681.75,2.76,Rechazado / Reproceso,Manjar Repostero 1kg,Industrial/Repostería,1.0,4.1,Línea 1 - Marmitas 500L,250,Mañana (06:00 - 14:00)
LOT-202601-0095,2026-01-18,PROD004,LIN002,TUR002,2100.16,100.0,10.0,500,487.47,469.6,17.87,1.0,1.07,0.0,1.07,242.98,155.84,967.07,310.28,80.25,1357.6,2.78,Aprobado con Observaciones,Manjar Repostero 1kg,Industrial/Repostería,1.0,4.1,Línea 2 - Marmitas 1000L,500,Tarde (14:00 - 22:00)
LOT-202601-0096,2026-01-18,PROD001,LIN002,TUR003,2347.45,120.0,12.0,600,576.81,533.78,43.03,1.2,1.15,0.58,1.73,284.48,185.57,1087.93,363.64,129.75,1581.32,2.74,Rechazado / Reproceso,Manjar Tradicional 250g,Familiar,0.25,3.8,Línea 2 - Marmitas 1000L,500,Noche (22:00 - 06:00)
LOT-202601-0097,2026-01-18,PROD003,LIN002,TUR001,1975.27,100.0,10.0,500,483.71,481.29,2.42,1.0,1.06,0.0,1.06,233.61,172.39,914.61,301.02,79.5,1295.13,2.68,Aprobado A1,Manjar Tradicional 1kg,Familiar,1.0,3.8,Línea 2 - Marmitas 1000L,500,Mañana (06:00 - 14:00)
LOT-202601-0098,2026-01-18,PROD004,LIN003,TUR002,3978.51,200.0,20.0,1000,941.8,922.27,19.53,1.25,1.33,0.0,1.33,454.93,295.81,1840.97,581.41,146.3,2568.68,2.73,Aprobado A1,Manjar Repostero 1kg,Industrial/Repostería,1.0,4.1,Línea 3 - Continua 2000L,800,Tarde (14:00 - 22:00)
LOT-202601-0099,2026-01-19,PROD005,LIN001,TUR002,840.87,40.0,4.0,200,200.1,190.64,9.46,0.8,0.83,0.0,0.83,98.71,68.66,387.17,126.69,37.35,551.21,2.75,Aprobado con Observaciones,Manjar Alfajorero 5kg,Industrial,5.0,4.3,Línea 1 - Marmitas 500L,250,Tarde (14:00 - 22:00)
LOT-202601-0100,2026-01-19,PROD001,LIN001,TUR003,926.0,50.0,5.0,250,244.05,234.71,9.34,1.0,0.99,0.0,0.99,131.42,75.73,431.42,166.79,44.55,642.76,2.63,Aprobado con Observaciones,Manjar Tradicional 250g,Familiar,0.25,3.8,Línea 1 - Marmitas 500L,250,Noche (22:00 - 06:00)
LOT-202601-0101,2026-01-19,PROD003,LIN002,TUR001,2316.47,120.0,12.0,600,566.96,535.66,31.3,1.2,1.19,0.0,1.19,298.47,195.47,1074.92,381.62,89.25,1545.79,2.73,Rechazado / Reproceso,Manjar Tradicional 1kg,Familiar,1.0,3.8,Línea 2 - Marmitas 1000L,500,Mañana (06:00 - 14:00)
LOT-202601-0102,2026-01-20,PROD002,LIN001,TUR001,1167.74,60.0,6.0,300,291.72,283.86,7.86,1.2,1.21,0.0,1.21,157.27,97.27,541.45,200.4,54.45,796.3,2.73,Aprobado con Observaciones,Manjar Tradicional 500g,Familiar,0.5,3.8,Línea 1 - Marmitas 500L,250,Mañana (06:00 - 14:00)
LOT-202601-0103,2026-01-20,PROD002,LIN002,TUR002,1957.66,100.0,10.0,500,468.47,445.95,22.52,1.0,1.02,0.0,1.02,251.34,148.56,907.22,319.44,76.5,1303.16,2.78,Aprobado con Observaciones,Manjar Tradicional 500g,Familiar,0.5,3.8,Línea 2 - Marmitas 1000L,500,Tarde (14:00 - 22:00)
LOT-202601-0104,2026-01-20,PROD002,LIN002,TUR002,2291.0,120.0,12.0,600,601.56,579.59,21.97,1.2,1.17,0.0,1.17,302.97,189.91,1064.22,386.35,87.75,1538.32,2.56,Aprobado con Observaciones,Manjar Tradicional 500g,Familiar,0.5,3.8,Línea 2 - Marmitas 1000L,500,Tarde (14:00 - 22:00)
LOT-202601-0105,2026-01-20,PROD001,LIN002,TUR002,2258.78,120.0,12.0,600,583.04,544.84,38.2,1.2,1.15,0.0,1.15,296.88,189.37,1050.69,378.98,86.25,1515.92,2.6,Rechazado / Reproceso,Manjar Tradicional 250g,Familiar,0.25,3.8,Línea 2 - Marmitas 1000L,500,Tarde (14:00 - 22:00)
LOT-202601-0106,2026-01-20,PROD001,LIN003,TUR003,3794.05,200.0,20.0,1000,975.48,970.53,4.95,1.25,1.28,0.37,1.65,478.6,327.16,1763.5,613.58,181.5,2558.58,2.62,Aprobado A1,Manjar Tradicional 250g,Familiar,0.25,3.8,Línea 3 - Continua 2000L,800,Noche (22:00 - 06:00)
LOT-202601-0107,2026-01-21,PROD004,LIN001,TUR002,1026.1,50.0,5.0,250,235.37,231.89,3.48,1.0,1.07,0.0,1.07,111.77,78.01,473.46,143.49,48.15,665.1,2.83,Aprobado A1,Manjar Repostero 1kg,Industrial/Repostería,1.0,4.1,Línea 1 - Marmitas 500L,250,Tarde (14:00 - 22:00)
LOT-202601-0108,2026-01-21,PROD005,LIN001,TUR001,1101.07,50.0,5.0,250,246.4,242.18,4.22,1.0,1.02,0.28,1.3,131.06,80.23,504.95,166.9,58.5,730.35,2.96,Aprobado A1,Manjar Alfajorero 5kg,Industrial,5.0,4.3,Línea 1 - Marmitas 500L,250,Mañana (06:00 - 14:00)
LOT-202601-0109,2026-01-21,PROD001,LIN001,TUR003,965.91,50.0,5.0,250,246.48,234.99,11.49,1.0,0.99,0.0,0.99,116.81,78.61,448.18,149.61,44.55,642.34,2.61,Aprobado con Observaciones,Manjar Tradicional 250g,Familiar,0.25,3.8,Línea 1 - Marmitas 500L,250,Noche (22:00 - 06:00)
LOT-202601-0110,2026-01-21,PROD002,LIN002,TUR001,1846.5,100.0,10.0,500,488.83,475.18,13.65,1.0,0.98,0.44,1.42,245.42,171.84,860.53,315.12,106.5,1282.15,2.62,Aprobado con Observaciones,Manjar Tradicional 500g,Familiar,0.5,3.8,Línea 2 - Marmitas 1000L,500,Mañana (06:00 - 14:00)
LOT-202601-0111,2026-01-21,PROD002,LIN003,TUR002,3705.73,200.0,20.0,1000,972.87,939.49,33.38,1.25,1.22,0.0,1.22,457.56,321.27,1726.41,587.62,134.2,2448.23,2.52,Aprobado con Observaciones,Manjar Tradicional 500g,Familiar,0.5,3.8,Línea 3 - Continua 2000L,800,Tarde (14:00 - 22:00)
LOT-202601-0112,2026-01-22,PROD005,LIN001,TUR001,1055.14,50.0,5.0,250,241.0,229.37,11.63,1.0,1.04,0.0,1.04,123.1,80.51,485.66,157.38,46.8,689.84,2.86,Aprobado con Observaciones,Manjar Alfajorero 5kg,Industrial,5.0,4.3,Línea 1 - Marmitas 500L,250,Mañana (06:00 - 14:00)
LOT-202601-0113,2026-01-22,PROD005,LIN002,TUR003,1728.91,80.0,8.0,400,380.72,360.52,20.2,0.8,0.78,0.0,0.78,176.0,111.79,794.14,224.61,58.5,1077.25,2.83,Rechazado / Reproceso,Manjar Alfajorero 5kg,Industrial,5.0,4.3,Línea 2 - Marmitas 1000L,500,Noche (22:00 - 06:00)
LOT-202601-0114,2026-01-22,PROD005,LIN002,TUR002,2540.67,120.0,12.0,600,587.15,563.02,24.13,1.2,1.24,0.0,1.24,281.59,208.2,1169.08,362.89,93.0,1624.97,2.77,Aprobado con Observaciones,Manjar Alfajorero 5kg,Industrial,5.0,4.3,Línea 2 - Marmitas 1000L,500,Tarde (14:00 - 22:00)
LOT-202601-0115,2026-01-22,PROD001,LIN003,TUR003,2609.63,140.0,14.0,700,678.96,650.29,28.67,0.88,0.84,1.09,1.93,319.42,217.02,1215.04,409.35,212.3,1836.69,2.71,Aprobado con Observaciones,Manjar Tradicional 250g,Familiar,0.25,3.8,Línea 3 - Continua 2000L,800,Noche (22:00 - 06:00)
LOT-202601-0116,2026-01-22,PROD005,LIN003,TUR001,3395.01,160.0,16.0,800,757.69,723.13,34.56,1.0,1.02,0.0,1.02,406.89,274.42,1561.9,521.2,112.2,2195.3,2.9,Aprobado con Observaciones,Manjar Alfajorero 5kg,Industrial,5.0,4.3,Línea 3 - Continua 2000L,800,Mañana (06:00 - 14:00)
LOT-202601-0117,2026-01-23,PROD003,LIN001,TUR001,763.71,40.0,4.0,200,195.11,184.4,10.71,0.8,0.76,0.0,0.76,93.11,62.09,354.76,119.18,34.2,508.14,2.6,Rechazado / Reproceso,Manjar Tradicional 1kg,Familiar,1.0,3.8,Línea 1 - Marmitas 500L,250,Mañana (06:00 - 14:00)
LOT-202601-0118,2026-01-23,PROD001,LIN001,TUR002,961.23,50.0,5.0,250,248.73,231.78,16.95,1.0,1.02,0.0,1.02,115.32,73.15,446.22,147.16,45.9,639.28,2.57,Rechazado / Reproceso,Manjar Tradicional 250g,Familiar,0.25,3.8,Línea 1 - Marmitas 500L,250,Tarde (14:00 - 22:00)
LOT-202601-0119,2026-01-23,PROD005,LIN001,TUR001,1084.38,50.0,5.0,250,235.25,225.24,10.01,1.0,1.06,0.0,1.06,126.57,75.64,497.94,160.96,47.7,706.6,3.0,Aprobado con Observaciones,Manjar Alfajorero 5kg,Industrial,5.0,4.3,Línea 1 - Marmitas 500L,250,Mañana (06:00 - 14:00)
LOT-202601-0120,2026-01-23,PROD005,LIN002,TUR002,1692.37,80.0,8.0,400,390.11,372.19,17.92,0.8,0.81,0.0,0.81,198.37,129.22,778.8,253.55,60.75,1093.1,2.8,Aprobado con Observaciones,Manjar Alfajorero 5kg,Industrial,5.0,4.3,Línea 2 - Marmitas 1000L,500,Tarde (14:00 - 22:00)
LOT-202601-0121,2026-01-23,PROD003,LIN002,TUR003,1864.61,100.0,10.0,500,506.94,470.18,36.76,1.0,0.99,0.0,0.99,245.35,180.1,868.14,316.03,74.25,1258.42,2.48,Rechazado / Reproceso,Manjar Tradicional 1kg,Familiar,1.0,3.8,Línea 2 - Marmitas 1000L,500,Noche (22:00 - 06:00)
LOT-202601-0122,2026-01-23,PROD001,LIN003,TUR002,3767.84,200.0,20.0,1000,999.88,954.96,44.92,1.25,1.31,0.0,1.31,464.05,328.4,1752.49,596.27,144.1,2492.86,2.49,Aprobado con Observaciones,Manjar Tradicional 250g,Familiar,0.25,3.8,Línea 3 - Continua 2000L,800,Tarde (14:00 - 22:00)
LOT-202601-0123,2026-01-23,PROD005,LIN003,TUR003,4357.54,200.0,20.0,1000,994.79,974.79,20.0,1.25,1.28,0.17,1.45,490.47,304.72,2000.17,625.13,159.5,2784.8,2.8,Aprobado A1,Manjar Alfajorero 5kg,Industrial,5.0,4.3,Línea 3 - Continua 2000L,800,Noche (22:00 - 06:00)
LOT-202601-0124,2026-01-23,PROD005,LIN003,TUR003,3546.97,160.0,16.0,800,790.0,782.52,7.48,1.0,1.01,0.0,1.01,383.23,240.05,1625.73,488.68,111.1,2225.51,2.82,Aprobado A1,Manjar Alfajorero 5kg,Industrial,5.0,4.3,Línea 3 - Continua 2000L,800,Noche (22:00 - 06:00)
LOT-202601-0125,2026-01-24,PROD003,LIN002,TUR003,1868.57,100.0,10.0,500,479.23,456.36,22.87,1.0,1.03,0.0,1.03,233.82,174.77,869.8,301.56,77.25,1248.61,2.61,Aprobado con Observaciones,Manjar Tradicional 1kg,Familiar,1.0,3.8,Línea 2 - Marmitas 1000L,500,Noche (22:00 - 06:00)
LOT-202601-0126,2026-01-24,PROD003,LIN002,TUR002,1535.42,80.0,8.0,400,390.84,382.61,8.23,0.8,0.84,0.0,0.84,205.67,121.82,712.88,261.42,63.0,1037.3,2.65,Aprobado A1,Manjar Tradicional 1kg,Familiar,1.0,3.8,Línea 2 - Marmitas 1000L,500,Tarde (14:00 - 22:00)
LOT-202601-0127,2026-01-24,PROD002,LIN003,TUR001,3883.08,200.0,20.0,1000,957.89,949.96,7.93,1.25,1.33,0.46,1.79,499.69,278.19,1800.89,633.01,196.9,2630.8,2.75,Aprobado A1,Manjar Tradicional 500g,Familiar,0.5,3.8,Línea 3 - Continua 2000L,800,Mañana (06:00 - 14:00)
LOT-202601-0128,2026-01-24,PROD005,LIN003,TUR001,3494.02,160.0,16.0,800,798.52,772.45,26.07,1.0,0.99,0.21,1.2,382.15,278.76,1603.49,492.03,132.0,2227.52,2.79,Aprobado con Observaciones,Manjar Alfajorero 5kg,Industrial,5.0,4.3,Línea 3 - Continua 2000L,800,Mañana (06:00 - 14:00)
LOT-202601-0129,2026-01-25,PROD002,LIN001,TUR002,786.88,40.0,4.0,200,186.95,167.08,19.87,0.8,0.83,0.0,0.83,86.56,58.68,364.49,110.91,37.35,512.75,2.74,Rechazado / Reproceso,Manjar Tradicional 500g,Familiar,0.5,3.8,Línea 1 - Marmitas 500L,250,Tarde (14:00 - 22:00)
LOT-202601-0130,2026-01-25,PROD003,LIN002,TUR002,2298.31,120.0,12.0,600,584.66,559.1,25.56,1.2,1.25,0.0,1.25,277.65,204.01,1067.29,357.66,93.75,1518.7,2.6,Aprobado con Observaciones,Manjar Tradicional 1kg,Familiar,1.0,3.8,Línea 2 - Marmitas 1000L,500,Tarde (14:00 - 22:00)
LOT-202601-0131,2026-01-25,PROD003,LIN002,TUR003,2332.46,120.0,12.0,600,571.47,521.55,49.92,1.2,1.15,0.79,1.94,284.7,208.51,1081.63,366.66,145.5,1593.79,2.79,Rechazado / Reproceso,Manjar Tradicional 1kg,Familiar,1.0,3.8,Línea 2 - Marmitas 1000L,500,Noche (22:00 - 06:00)
LOT-202601-0132,2026-01-25,PROD002,LIN003,TUR002,3151.82,160.0,16.0,800,770.05,724.65,45.4,1.0,0.96,0.0,0.96,397.56,242.47,1459.76,506.17,105.6,2071.53,2.69,Rechazado / Reproceso,Manjar Tradicional 500g,Familiar,0.5,3.8,Línea 3 - Continua 2000L,800,Tarde (14:00 - 22:00)
LOT-202601-0133,2026-01-25,PROD001,LIN003,TUR003,3027.01,160.0,16.0,800,765.12,737.14,27.98,1.0,0.98,0.0,0.98,401.04,272.42,1407.34,513.94,107.8,2029.08,2.65,Aprobado con Observaciones,Manjar Tradicional 250g,Familiar,0.25,3.8,Línea 3 - Continua 2000L,800,Noche (22:00 - 06:00)
LOT-202601-0134,2026-01-26,PROD005,LIN001,TUR001,1291.64,60.0,6.0,300,295.67,291.98,3.69,1.2,1.2,0.0,1.2,139.55,93.51,593.49,178.68,54.0,826.17,2.79,Aprobado A1,Manjar Alfajorero 5kg,Industrial,5.0,4.3,Línea 1 - Marmitas 500L,250,Mañana (06:00 - 14:00)
LOT-202601-0135,2026-01-26,PROD005,LIN001,TUR002,875.15,40.0,4.0,200,197.27,189.71,7.56,0.8,0.85,0.54,1.39,98.04,69.94,401.56,126.04,62.55,590.15,2.99,Aprobado con Observaciones,Manjar Alfajorero 5kg,Industrial,5.0,4.3,Línea 1 - Marmitas 500L,250,Tarde (14:00 - 22:00)
LOT-202601-0136,2026-01-26,PROD001,LIN001,TUR002,975.79,50.0,5.0,250,247.03,235.0,12.03,1.0,0.96,0.0,0.96,115.0,90.09,452.33,148.81,43.2,644.34,2.61,Aprobado con Observaciones,Manjar Tradicional 250g,Familiar,0.25,3.8,Línea 1 - Marmitas 500L,250,Tarde (14:00 - 22:00)
LOT-202601-0137,2026-01-26,PROD002,LIN002,TUR001,2367.74,120.0,12.0,600,589.42,569.56,19.86,1.2,1.23,0.0,1.23,303.33,202.14,1096.45,388.25,92.25,1576.95,2.68,Aprobado con Observaciones,Manjar Tradicional 500g,Familiar,0.5,3.8,Línea 2 - Marmitas 1000L,500,Mañana (06:00 - 14:00)
LOT-202601-0138,2026-01-26,PROD005,LIN002,TUR001,2657.97,120.0,12.0,600,568.01,561.73,6.28,1.2,1.22,0.0,1.22,293.96,184.0,1218.35,374.83,91.5,1684.68,2.97,Aprobado A1,Manjar Alfajorero 5kg,Industrial,5.0,4.3,Línea 2 - Marmitas 1000L,500,Mañana (06:00 - 14:00)
LOT-202601-0139,2026-01-26,PROD002,LIN003,TUR002,2981.81,160.0,16.0,800,762.9,650.18,112.72,1.0,0.96,0.0,0.96,405.19,235.93,1388.36,514.54,105.6,2008.5,2.63,Rechazado / Reproceso,Manjar Tradicional 500g,Familiar,0.5,3.8,Línea 3 - Continua 2000L,800,Tarde (14:00 - 22:00)
LOT-202601-0140,2026-01-27,PROD001,LIN001,TUR002,1159.43,60.0,6.0,300,299.22,292.95,6.27,1.2,1.17,0.0,1.17,141.0,110.56,537.96,182.47,52.65,773.08,2.58,Aprobado A1,Manjar Tradicional 250g,Familiar,0.25,3.8,Línea 1 - Marmitas 500L,250,Tarde (14:00 - 22:00)
LOT-202601-0141,2026-01-27,PROD002,LIN001,TUR003,1131.25,60.0,6.0,300,293.97,275.79,18.18,1.2,1.25,0.0,1.25,142.29,86.68,526.12,181.15,56.25,763.52,2.6,Rechazado / Reproceso,Manjar Tradicional 500g,Familiar,0.5,3.8,Línea 1 - Marmitas 500L,250,Noche (22:00 - 06:00)
LOT-202601-0142,2026-01-27,PROD005,LIN001,TUR003,871.88,40.0,4.0,200,194.13,188.49,5.64,0.8,0.83,0.0,0.83,95.77,58.62,400.19,121.96,37.35,559.5,2.88,Aprobado con Observaciones,Manjar Alfajorero 5kg,Industrial,5.0,4.3,Línea 1 - Marmitas 500L,250,Noche (22:00 - 06:00)
LOT-202601-0143,2026-01-27,PROD004,LIN002,TUR001,1625.32,80.0,8.0,400,394.32,362.2,32.12,0.8,0.85,0.0,0.85,189.05,120.77,750.63,241.35,63.75,1055.73,2.68,Rechazado / Reproceso,Manjar Repostero 1kg,Industrial/Repostería,1.0,4.1,Línea 2 - Marmitas 1000L,500,Mañana (06:00 - 14:00)
LOT-202601-0144,2026-01-27,PROD001,LIN002,TUR002,1855.3,100.0,10.0,500,493.4,485.57,7.83,1.0,1.05,0.0,1.05,257.03,171.68,864.23,329.04,78.75,1272.02,2.58,Aprobado A1,Manjar Tradicional 250g,Familiar,0.25,3.8,Línea 2 - Marmitas 1000L,500,Tarde (14:00 - 22:00)
LOT-202601-0145,2026-01-27,PROD005,LIN002,TUR001,2116.94,100.0,10.0,500,500.36,486.62,13.74,1.0,0.98,0.0,0.98,260.36,181.71,974.11,334.24,73.5,1381.85,2.76,Aprobado con Observaciones,Manjar Alfajorero 5kg,Industrial,5.0,4.3,Línea 2 - Marmitas 1000L,500,Mañana (06:00 - 14:00)
LOT-202601-0146,2026-01-27,PROD002,LIN003,TUR002,2683.0,140.0,14.0,700,693.02,671.53,21.49,0.88,0.89,0.0,0.89,324.26,255.38,1245.86,419.76,97.9,1763.52,2.54,Aprobado con Observaciones,Manjar Tradicional 500g,Familiar,0.5,3.8,Línea 3 - Continua 2000L,800,Tarde (14:00 - 22:00)
LOT-202601-0147,2026-01-27,PROD004,LIN003,TUR002,2858.37,140.0,14.0,700,678.88,643.34,35.54,0.88,0.88,0.0,0.88,334.96,205.15,1319.52,426.57,96.8,1842.89,2.71,Rechazado / Reproceso,Manjar Repostero 1kg,Industrial/Repostería,1.0,4.1,Línea 3 - Continua 2000L,800,Tarde (14:00 - 22:00)
LOT-202601-0148,2026-01-27,PROD003,LIN003,TUR001,3070.05,160.0,16.0,800,766.72,731.51,35.21,1.0,0.98,0.0,0.98,398.06,250.61,1425.42,507.75,107.8,2040.97,2.66,Aprobado con Observaciones,Manjar Tradicional 1kg,Familiar,1.0,3.8,Línea 3 - Continua 2000L,800,Mañana (06:00 - 14:00)
LOT-202601-0149,2026-01-28,PROD002,LIN001,TUR001,1149.41,60.0,6.0,300,285.97,253.91,32.06,1.2,1.23,0.36,1.59,145.68,98.19,533.75,186.6,71.55,791.9,2.77,Rechazado / Reproceso,Manjar Tradicional 500g,Familiar,0.5,3.8,Línea 1 - Marmitas 500L,250,Mañana (06:00 - 14:00)
LOT-202601-0150,2026-01-28,PROD005,LIN001,TUR002,1295.35,60.0,6.0,300,277.89,266.04,11.85,1.2,1.29,0.0,1.29,145.91,95.57,595.05,186.56,58.05,839.66,3.02,Aprobado con Observaciones,Manjar Alfajorero 5kg,Industrial,5.0,4.3,Línea 1 - Marmitas 500L,250,Tarde (14:00 - 22:00)
LOT-202601-0151,2026-01-28,PROD001,LIN002,TUR001,2235.36,120.0,12.0,600,572.36,546.64,25.72,1.2,1.23,0.0,1.23,289.16,211.33,1040.85,372.35,92.25,1505.45,2.63,Aprobado con Observaciones,Manjar Tradicional 250g,Familiar,0.25,3.8,Línea 2 - Marmitas 1000L,500,Mañana (06:00 - 14:00)
LOT-202601-0152,2026-01-28,PROD001,LIN003,TUR003,3888.05,200.0,20.0,1000,943.69,911.55,32.14,1.25,1.22,0.0,1.22,476.82,338.44,1802.98,612.8,134.2,2549.98,2.7,Aprobado con Observaciones,Manjar Tradicional 250g,Familiar,0.25,3.8,Línea 3 - Continua 2000L,800,Noche (22:00 - 06:00)
LOT-202601-0153,2026-01-28,PROD001,LIN003,TUR003,2622.98,140.0,14.0,700,700.09,653.95,46.14,0.88,0.91,0.0,0.91,352.46,239.88,1220.65,451.74,100.1,1772.49,2.53,Rechazado / Reproceso,Manjar Tradicional 250g,Familiar,0.25,3.8,Línea 3 - Continua 2000L,800,Noche (22:00 - 06:00)
LOT-202601-0154,2026-01-28,PROD002,LIN003,TUR002,2759.23,140.0,14.0,700,685.54,635.25,50.29,0.88,0.87,0.38,1.25,344.99,219.86,1277.88,440.37,137.5,1855.75,2.71,Rechazado / Reproceso,Manjar Tradicional 500g,Familiar,0.5,3.8,Línea 3 - Continua 2000L,800,Tarde (14:00 - 22:00)
LOT-202601-0155,2026-01-29,PROD001,LIN001,TUR003,1183.55,60.0,6.0,300,281.38,271.36,10.02,1.2,1.23,0.0,1.23,146.85,82.27,548.09,186.09,55.35,789.53,2.81,Aprobado con Observaciones,Manjar Tradicional 250g,Familiar,0.25,3.8,Línea 1 - Marmitas 500L,250,Noche (22:00 - 06:00)
LOT-202601-0156,2026-01-29,PROD003,LIN001,TUR002,936.67,50.0,5.0,250,244.4,237.56,6.84,1.0,1.04,0.0,1.04,117.24,72.31,435.9,149.37,46.8,632.07,2.59,Aprobado con Observaciones,Manjar Tradicional 1kg,Familiar,1.0,3.8,Línea 1 - Marmitas 500L,250,Tarde (14:00 - 22:00)
LOT-202601-0157,2026-01-29,PROD003,LIN001,TUR001,968.83,50.0,5.0,250,245.43,227.4,18.03,1.0,1.02,0.28,1.3,123.83,81.24,449.41,158.34,58.5,666.25,2.71,Rechazado / Reproceso,Manjar Tradicional 1kg,Familiar,1.0,3.8,Línea 1 - Marmitas 500L,250,Mañana (06:00 - 14:00)
LOT-202601-0158,2026-01-29,PROD003,LIN002,TUR003,1537.91,80.0,8.0,400,396.25,384.83,11.42,0.8,0.83,0.0,0.83,198.79,136.64,713.92,254.94,62.25,1031.11,2.6,Aprobado con Observaciones,Manjar Tradicional 1kg,Familiar,1.0,3.8,Línea 2 - Marmitas 1000L,500,Noche (22:00 - 06:00)
LOT-202601-0159,2026-01-29,PROD003,LIN003,TUR002,2979.85,160.0,16.0,800,761.34,746.3,15.04,1.0,0.98,0.0,0.98,380.41,258.35,1387.54,487.49,107.8,1982.83,2.6,Aprobado A1,Manjar Tradicional 1kg,Familiar,1.0,3.8,Línea 3 - Continua 2000L,800,Tarde (14:00 - 22:00)
LOT-202601-0160,2026-01-29,PROD004,LIN003,TUR001,2845.11,140.0,14.0,700,703.98,688.02,15.96,0.88,0.86,0.0,0.86,372.24,259.02,1313.95,477.77,94.6,1886.32,2.68,Aprobado A1,Manjar Repostero 1kg,Industrial/Repostería,1.0,4.1,Línea 3 - Continua 2000L,800,Mañana (06:00 - 14:00)
LOT-202601-0161,2026-01-30,PROD005,LIN001,TUR003,863.04,40.0,4.0,200,190.53,185.26,5.27,0.8,0.78,0.0,0.78,92.61,59.53,396.48,118.28,35.1,549.86,2.89,Aprobado con Observaciones,Manjar Alfajorero 5kg,Industrial,5.0,4.3,Línea 1 - Marmitas 500L,250,Noche (22:00 - 06:00)
LOT-202601-0162,2026-01-30,PROD004,LIN001,TUR002,848.9,40.0,4.0,200,190.92,176.69,14.23,0.8,0.85,0.0,0.85,100.77,67.51,390.54,129.03,38.25,557.82,2.92,Rechazado / Reproceso,Manjar Repostero 1kg,Industrial/Repostería,1.0,4.1,Línea 1 - Marmitas 500L,250,Tarde (14:00 - 22:00)
LOT-202601-0163,2026-01-30,PROD003,LIN002,TUR001,1930.6,100.0,10.0,500,493.13,481.2,11.93,1.0,0.98,0.0,0.98,241.02,178.34,895.85,310.62,73.5,1279.97,2.6,Aprobado A1,Manjar Tradicional 1kg,Familiar,1.0,3.8,Línea 2 - Marmitas 1000L,500,Mañana (06:00 - 14:00)
LOT-202601-0164,2026-01-30,PROD001,LIN003,TUR001,2702.65,140.0,14.0,700,676.31,655.67,20.64,0.88,0.88,0.0,0.88,335.22,217.29,1254.11,428.34,96.8,1779.25,2.63,Aprobado con Observaciones,Manjar Tradicional 250g,Familiar,0.25,3.8,Línea 3 - Continua 2000L,800,Mañana (06:00 - 14:00)
LOT-202601-0165,2026-01-30,PROD005,LIN003,TUR003,4216.37,200.0,20.0,1000,1016.97,984.72,32.25,1.25,1.29,0.0,1.29,531.61,337.32,1940.88,678.41,141.9,2761.19,2.72,Aprobado con Observaciones,Manjar Alfajorero 5kg,Industrial,5.0,4.3,Línea 3 - Continua 2000L,800,Noche (22:00 - 06:00)
LOT-202601-0166,2026-01-30,PROD003,LIN003,TUR002,2661.79,140.0,14.0,700,689.62,674.57,15.05,0.88,0.87,0.0,0.87,354.58,209.06,1236.95,450.58,95.7,1783.23,2.59,Aprobado A1,Manjar Tradicional 1kg,Familiar,1.0,3.8,Línea 3 - Continua 2000L,800,Tarde (14:00 - 22:00)
LOT-202601-0167,2026-01-31,PROD005,LIN002,TUR001,2169.76,100.0,10.0,500,503.56,492.11,11.45,1.0,1.07,0.0,1.07,256.38,153.98,996.3,326.13,80.25,1402.68,2.79,Aprobado A1,Manjar Alfajorero 5kg,Industrial,5.0,4.3,Línea 2 - Marmitas 1000L,500,Mañana (06:00 - 14:00)
LOT-202601-0168,2026-01-31,PROD001,LIN003,TUR003,2618.52,140.0,14.0,700,691.97,682.96,9.01,0.88,0.92,0.0,0.92,366.06,229.88,1218.78,466.86,101.2,1786.84,2.58,Aprobado A1,Manjar Tradicional 250g,Familiar,0.25,3.8,Línea 3 - Continua 2000L,800,Noche (22:00 - 06:00)
LOT-202601-0169,2026-01-31,PROD003,LIN003,TUR003,3078.89,160.0,16.0,800,783.48,763.23,20.25,1.0,1.04,0.0,1.04,398.92,232.52,1429.13,506.61,114.4,2050.14,2.62,Aprobado con Observaciones,Manjar Tradicional 1kg,Familiar,1.0,3.8,Línea 3 - Continua 2000L,800,Noche (22:00 - 06:00)
LOT-202602-0170,2026-02-01,PROD002,LIN001,TUR002,746.94,40.0,4.0,200,197.0,187.74,9.26,0.8,0.77,0.75,1.52,105.29,59.86,347.71,133.53,68.4,549.64,2.79,Aprobado con Observaciones,Manjar Tradicional 500g,Familiar,0.5,3.8,Línea 1 - Marmitas 500L,250,Tarde (14:00 - 22:00)
LOT-202602-0171,2026-02-01,PROD002,LIN002,TUR001,1954.98,100.0,10.0,500,490.49,438.75,51.74,1.0,1.0,0.0,1.0,251.25,158.3,906.09,320.5,75.0,1301.59,2.65,Rechazado / Reproceso,Manjar Tradicional 500g,Familiar,0.5,3.8,Línea 2 - Marmitas 1000L,500,Mañana (06:00 - 14:00)
LOT-202602-0172,2026-02-01,PROD004,LIN002,TUR002,2530.83,120.0,12.0,600,584.49,538.17,46.32,1.2,1.17,0.58,1.75,292.03,193.39,1164.95,373.64,131.25,1669.84,2.86,Rechazado / Reproceso,Manjar Repostero 1kg,Industrial/Repostería,1.0,4.1,Línea 2 - Marmitas 1000L,500,Tarde (14:00 - 22:00)
LOT-202602-0173,2026-02-01,PROD005,LIN003,TUR002,4418.61,200.0,20.0,1000,935.8,883.94,51.86,1.25,1.3,1.1,2.4,495.02,277.89,2025.82,627.37,264.0,2917.19,3.12,Rechazado / Reproceso,Manjar Alfajorero 5kg,Industrial,5.0,4.3,Línea 3 - Continua 2000L,800,Tarde (14:00 - 22:00)
LOT-202602-0174,2026-02-01,PROD001,LIN003,TUR001,2731.15,140.0,14.0,700,685.58,667.86,17.72,0.88,0.86,0.35,1.21,346.63,228.01,1266.08,443.32,133.1,1842.5,2.69,Aprobado con Observaciones,Manjar Tradicional 250g,Familiar,0.25,3.8,Línea 3 - Continua 2000L,800,Mañana (06:00 - 14:00)
LOT-202602-0175,2026-02-02,PROD003,LIN001,TUR003,940.74,50.0,5.0,250,240.01,217.24,22.77,1.0,0.98,0.0,0.98,128.05,88.66,437.61,164.3,44.1,646.01,2.69,Rechazado / Reproceso,Manjar Tradicional 1kg,Familiar,1.0,3.8,Línea 1 - Marmitas 500L,250,Noche (22:00 - 06:00)
LOT-202602-0176,2026-02-02,PROD002,LIN002,TUR001,1550.09,80.0,8.0,400,397.52,368.58,28.94,0.8,0.85,0.54,1.39,208.13,139.73,719.04,266.52,104.25,1089.81,2.74,Rechazado / Reproceso,Manjar Tradicional 500g,Familiar,0.5,3.8,Línea 2 - Marmitas 1000L,500,Mañana (06:00 - 14:00)
LOT-202602-0177,2026-02-02,PROD003,LIN003,TUR003,3045.56,160.0,16.0,800,779.29,746.07,33.22,1.0,1.02,0.0,1.02,418.83,277.42,1415.14,535.89,112.2,2063.23,2.65,Aprobado con Observaciones,Manjar Tradicional 1kg,Familiar,1.0,3.8,Línea 3 - Continua 2000L,800,Noche (22:00 - 06:00)
LOT-202602-0178,2026-02-02,PROD004,LIN003,TUR002,3371.79,160.0,16.0,800,772.01,736.48,35.53,1.0,1.07,0.0,1.07,361.27,272.3,1552.15,466.2,117.7,2136.05,2.77,Aprobado con Observaciones,Manjar Repostero 1kg,Industrial/Repostería,1.0,4.1,Línea 3 - Continua 2000L,800,Tarde (14:00 - 22:00)
LOT-202602-0179,2026-02-02,PROD004,LIN003,TUR001,2970.62,140.0,14.0,700,665.55,641.65,23.9,0.88,0.85,0.0,0.85,322.23,239.57,1366.66,415.42,93.5,1875.58,2.82,Aprobado con Observaciones,Manjar Repostero 1kg,Industrial/Repostería,1.0,4.1,Línea 3 - Continua 2000L,800,Mañana (06:00 - 14:00)
LOT-202602-0180,2026-02-03,PROD003,LIN001,TUR002,756.98,40.0,4.0,200,200.08,196.72,3.36,0.8,0.85,0.77,1.62,95.45,59.27,351.93,121.65,72.9,546.48,2.73,Aprobado A1,Manjar Tradicional 1kg,Familiar,1.0,3.8,Línea 1 - Marmitas 500L,250,Tarde (14:00 - 22:00)
LOT-202602-0181,2026-02-03,PROD004,LIN002,TUR001,1670.65,80.0,8.0,400,397.18,391.64,5.54,0.8,0.85,0.45,1.3,207.28,139.11,769.67,265.43,97.5,1132.6,2.85,Aprobado A1,Manjar Repostero 1kg,Industrial/Repostería,1.0,4.1,Línea 2 - Marmitas 1000L,500,Mañana (06:00 - 14:00)
LOT-202602-0182,2026-02-03,PROD002,LIN002,TUR003,2234.4,120.0,12.0,600,585.85,582.92,2.93,1.2,1.27,0.0,1.27,288.79,202.07,1040.45,370.8,95.25,1506.5,2.57,Aprobado A1,Manjar Tradicional 500g,Familiar,0.5,3.8,Línea 2 - Marmitas 1000L,500,Noche (22:00 - 06:00)
LOT-202602-0183,2026-02-03,PROD002,LIN002,TUR001,1489.3,80.0,8.0,400,378.87,353.06,25.81,0.8,0.8,0.76,1.56,192.47,128.29,693.51,246.36,117.0,1056.87,2.79,Rechazado / Reproceso,Manjar Tradicional 500g,Familiar,0.5,3.8,Línea 2 - Marmitas 1000L,500,Mañana (06:00 - 14:00)
LOT-202602-0184,2026-02-03,PROD001,LIN003,TUR003,2992.52,160.0,16.0,800,784.28,771.76,12.52,1.0,1.04,0.0,1.04,384.98,242.57,1392.86,491.08,114.4,1998.34,2.55,Aprobado A1,Manjar Tradicional 250g,Familiar,0.25,3.8,Línea 3 - Continua 2000L,800,Noche (22:00 - 06:00)
LOT-202602-0185,2026-02-03,PROD005,LIN003,TUR001,4438.51,200.0,20.0,1000,928.51,901.35,27.16,1.25,1.26,0.0,1.26,439.95,304.26,2034.17,564.45,138.6,2737.22,2.95,Aprobado con Observaciones,Manjar Alfajorero 5kg,Industrial,5.0,4.3,Línea 3 - Continua 2000L,800,Mañana (06:00 - 14:00)
LOT-202602-0186,2026-02-03,PROD001,LIN003,TUR001,3703.96,200.0,20.0,1000,959.66,887.48,72.18,1.25,1.23,0.0,1.23,447.77,319.49,1725.66,575.66,135.3,2436.62,2.54,Rechazado / Reproceso,Manjar Tradicional 250g,Familiar,0.25,3.8,Línea 3 - Continua 2000L,800,Mañana (06:00 - 14:00)
LOT-202602-0187,2026-02-04,PROD001,LIN001,TUR002,764.4,40.0,4.0,200,190.98,174.27,16.71,0.8,0.79,0.0,0.79,88.86,66.06,355.05,114.56,35.55,505.16,2.65,Rechazado / Reproceso,Manjar Tradicional 250g,Familiar,0.25,3.8,Línea 1 - Marmitas 500L,250,Tarde (14:00 - 22:00)
LOT-202602-0188,2026-02-04,PROD002,LIN001,TUR001,741.79,40.0,4.0,200,194.21,186.93,7.28,0.8,0.85,0.0,0.85,100.34,67.22,345.55,128.47,38.25,512.27,2.64,Aprobado con Observaciones,Manjar Tradicional 500g,Familiar,0.5,3.8,Línea 1 - Marmitas 500L,250,Mañana (06:00 - 14:00)
LOT-202602-0189,2026-02-04,PROD005,LIN002,TUR003,2549.42,120.0,12.0,600,580.34,543.34,37.0,1.2,1.24,0.0,1.24,286.89,192.62,1172.76,367.38,93.0,1633.14,2.81,Rechazado / Reproceso,Manjar Alfajorero 5kg,Industrial,5.0,4.3,Línea 2 - Marmitas 1000L,500,Noche (22:00 - 06:00)
LOT-202602-0190,2026-02-04,PROD003,LIN002,TUR003,2311.75,120.0,12.0,600,584.74,565.41,19.33,1.2,1.19,0.88,2.07,274.38,204.23,1072.93,353.76,155.25,1581.94,2.71,Aprobado con Observaciones,Manjar Tradicional 1kg,Familiar,1.0,3.8,Línea 2 - Marmitas 1000L,500,Noche (22:00 - 06:00)
LOT-202602-0191,2026-02-04,PROD002,LIN003,TUR001,3026.25,160.0,16.0,800,801.71,783.58,18.13,1.0,0.99,0.0,0.99,383.19,248.42,1407.02,489.64,108.9,2005.56,2.5,Aprobado A1,Manjar Tradicional 500g,Familiar,0.5,3.8,Línea 3 - Continua 2000L,800,Mañana (06:00 - 14:00)
LOT-202602-0192,2026-02-05,PROD005,LIN002,TUR002,1728.85,80.0,8.0,400,400.08,395.67,4.41,0.8,0.78,0.59,1.37,193.98,118.79,794.12,247.03,102.75,1143.9,2.86,Aprobado A1,Manjar Alfajorero 5kg,Industrial,5.0,4.3,Línea 2 - Marmitas 1000L,500,Tarde (14:00 - 22:00)
LOT-202602-0193,2026-02-05,PROD002,LIN003,TUR002,3894.68,200.0,20.0,1000,987.72,973.58,14.14,1.25,1.23,0.0,1.23,497.54,349.33,1805.77,638.97,135.3,2580.04,2.61,Aprobado A1,Manjar Tradicional 500g,Familiar,0.5,3.8,Línea 3 - Continua 2000L,800,Tarde (14:00 - 22:00)
LOT-202602-0194,2026-02-05,PROD002,LIN003,TUR001,2953.89,160.0,16.0,800,781.6,744.96,36.64,1.0,1.03,0.0,1.03,372.37,288.14,1376.63,481.42,113.3,1971.35,2.52,Aprobado con Observaciones,Manjar Tradicional 500g,Familiar,0.5,3.8,Línea 3 - Continua 2000L,800,Mañana (06:00 - 14:00)
LOT-202602-0195,2026-02-06,PROD002,LIN001,TUR003,927.69,50.0,5.0,250,250.56,231.58,18.98,1.0,1.06,0.0,1.06,126.64,81.38,432.13,161.73,47.7,641.56,2.56,Rechazado / Reproceso,Manjar Tradicional 500g,Familiar,0.5,3.8,Línea 1 - Marmitas 500L,250,Noche (22:00 - 06:00)
LOT-202602-0196,2026-02-06,PROD003,LIN003,TUR002,3907.29,200.0,20.0,1000,964.24,934.57,29.67,1.25,1.28,0.58,1.86,484.89,354.04,1811.06,624.35,204.6,2640.01,2.74,Aprobado con Observaciones,Manjar Tradicional 1kg,Familiar,1.0,3.8,Línea 3 - Continua 2000L,800,Tarde (14:00 - 22:00)
LOT-202602-0197,2026-02-06,PROD002,LIN003,TUR002,3047.4,160.0,16.0,800,796.57,787.54,9.03,1.0,1.05,0.0,1.05,421.01,240.46,1415.91,534.07,115.5,2065.48,2.59,Aprobado A1,Manjar Tradicional 500g,Familiar,0.5,3.8,Línea 3 - Continua 2000L,800,Tarde (14:00 - 22:00)
LOT-202602-0198,2026-02-07,PROD004,LIN001,TUR003,834.27,40.0,4.0,200,191.9,186.55,5.35,0.8,0.78,0.0,0.78,90.42,55.83,384.39,115.2,35.1,534.69,2.79,Aprobado con Observaciones,Manjar Repostero 1kg,Industrial/Repostería,1.0,4.1,Línea 1 - Marmitas 500L,250,Noche (22:00 - 06:00)
LOT-202602-0199,2026-02-07,PROD002,LIN001,TUR001,781.02,40.0,4.0,200,193.45,183.78,9.67,0.8,0.86,0.0,0.86,89.98,70.07,362.03,116.38,38.7,517.11,2.67,Rechazado / Reproceso,Manjar Tradicional 500g,Familiar,0.5,3.8,Línea 1 - Marmitas 500L,250,Mañana (06:00 - 14:00)
LOT-202602-0200,2026-02-07,PROD001,LIN002,TUR002,1478.94,80.0,8.0,400,389.04,383.81,5.23,0.8,0.82,0.8,1.62,207.23,121.38,689.15,263.24,121.5,1073.89,2.76,Aprobado A1,Manjar Tradicional 250g,Familiar,0.25,3.8,Línea 2 - Marmitas 1000L,500,Tarde (14:00 - 22:00)
LOT-202602-0201,2026-02-07,PROD001,LIN003,TUR003,3850.12,200.0,20.0,1000,982.44,944.44,38.0,1.25,1.28,0.0,1.28,502.43,347.56,1787.05,644.62,140.8,2572.47,2.62,Aprobado con Observaciones,Manjar Tradicional 250g,Familiar,0.25,3.8,Línea 3 - Continua 2000L,800,Noche (22:00 - 06:00)
LOT-202602-0202,2026-02-08,PROD001,LIN001,TUR002,1134.46,60.0,6.0,300,293.15,282.26,10.89,1.2,1.29,0.45,1.74,153.86,91.6,527.47,195.62,78.3,801.39,2.73,Aprobado con Observaciones,Manjar Tradicional 250g,Familiar,0.25,3.8,Línea 1 - Marmitas 500L,250,Tarde (14:00 - 22:00)
LOT-202602-0203,2026-02-08,PROD004,LIN001,TUR003,1049.27,50.0,5.0,250,254.69,242.54,12.15,1.0,1.0,1.1,2.1,137.18,81.77,483.19,174.43,94.5,752.12,2.95,Aprobado con Observaciones,Manjar Repostero 1kg,Industrial/Repostería,1.0,4.1,Línea 1 - Marmitas 500L,250,Noche (22:00 - 06:00)
LOT-202602-0204,2026-02-08,PROD002,LIN001,TUR001,768.72,40.0,4.0,200,198.43,181.63,16.8,0.8,0.8,0.0,0.8,100.22,60.53,356.86,127.53,36.0,520.39,2.62,Rechazado / Reproceso,Manjar Tradicional 500g,Familiar,0.5,3.8,Línea 1 - Marmitas 500L,250,Mañana (06:00 - 14:00)
LOT-202602-0205,2026-02-09,PROD002,LIN001,TUR002,742.0,40.0,4.0,200,191.47,187.34,4.13,0.8,0.77,0.0,0.77,101.01,60.48,345.64,128.47,34.65,508.76,2.66,Aprobado A1,Manjar Tradicional 500g,Familiar,0.5,3.8,Línea 1 - Marmitas 500L,250,Tarde (14:00 - 22:00)
LOT-202602-0206,2026-02-09,PROD001,LIN001,TUR001,1162.03,60.0,6.0,300,284.75,281.17,3.58,1.2,1.19,0.0,1.19,144.33,90.24,539.05,184.02,53.55,776.62,2.73,Aprobado A1,Manjar Tradicional 250g,Familiar,0.25,3.8,Línea 1 - Marmitas 500L,250,Mañana (06:00 - 14:00)
LOT-202602-0207,2026-02-09,PROD004,LIN002,TUR003,2081.66,100.0,10.0,500,476.16,465.57,10.59,1.0,1.06,0.0,1.06,246.8,174.23,959.3,317.07,79.5,1355.87,2.85,Aprobado A1,Manjar Repostero 1kg,Industrial/Repostería,1.0,4.1,Línea 2 - Marmitas 1000L,500,Noche (22:00 - 06:00)
LOT-202602-0208,2026-02-10,PROD001,LIN001,TUR001,1131.19,60.0,6.0,300,297.7,279.66,18.04,1.2,1.28,0.0,1.28,145.2,93.94,526.1,185.51,57.6,769.21,2.58,Rechazado / Reproceso,Manjar Tradicional 250g,Familiar,0.25,3.8,Línea 1 - Marmitas 500L,250,Mañana (06:00 - 14:00)
LOT-202602-0209,2026-02-10,PROD001,LIN001,TUR003,1156.8,60.0,6.0,300,299.61,288.23,11.38,1.2,1.28,0.25,1.53,148.32,96.95,536.86,189.62,68.85,795.33,2.65,Aprobado con Observaciones,Manjar Tradicional 250g,Familiar,0.25,3.8,Línea 1 - Marmitas 500L,250,Noche (22:00 - 06:00)
LOT-202602-0210,2026-02-10,PROD002,LIN001,TUR002,980.14,50.0,5.0,250,241.48,235.33,6.15,1.0,1.04,0.0,1.04,119.8,85.47,454.16,154.02,46.8,654.98,2.71,Aprobado con Observaciones,Manjar Tradicional 500g,Familiar,0.5,3.8,Línea 1 - Marmitas 500L,250,Tarde (14:00 - 22:00)
LOT-202602-0211,2026-02-10,PROD003,LIN002,TUR002,1482.29,80.0,8.0,400,380.78,369.96,10.82,0.8,0.77,0.71,1.48,196.62,123.57,690.56,250.77,111.0,1052.33,2.76,Aprobado con Observaciones,Manjar Tradicional 1kg,Familiar,1.0,3.8,Línea 2 - Marmitas 1000L,500,Tarde (14:00 - 22:00)
LOT-202602-0212,2026-02-10,PROD004,LIN003,TUR001,2804.24,140.0,14.0,700,668.58,658.22,10.36,0.88,0.93,0.42,1.35,328.56,223.29,1296.78,421.07,148.5,1866.35,2.79,Aprobado A1,Manjar Repostero 1kg,Industrial/Repostería,1.0,4.1,Línea 3 - Continua 2000L,800,Mañana (06:00 - 14:00)
LOT-202602-0213,2026-02-10,PROD004,LIN003,TUR001,2856.39,140.0,14.0,700,679.46,664.06,15.4,0.88,0.84,0.31,1.15,338.29,203.32,1318.68,430.35,126.5,1875.53,2.76,Aprobado A1,Manjar Repostero 1kg,Industrial/Repostería,1.0,4.1,Línea 3 - Continua 2000L,800,Mañana (06:00 - 14:00)
LOT-202602-0214,2026-02-10,PROD004,LIN003,TUR002,3387.06,160.0,16.0,800,767.9,725.07,42.83,1.0,1.01,0.19,1.2,367.13,239.19,1558.57,469.26,132.0,2159.83,2.81,Rechazado / Reproceso,Manjar Repostero 1kg,Industrial/Repostería,1.0,4.1,Línea 3 - Continua 2000L,800,Tarde (14:00 - 22:00)
LOT-202602-0215,2026-02-11,PROD001,LIN001,TUR001,1133.23,60.0,6.0,300,293.1,282.12,10.98,1.2,1.16,0.0,1.16,145.96,105.67,526.96,187.83,52.2,766.99,2.62,Aprobado con Observaciones,Manjar Tradicional 250g,Familiar,0.25,3.8,Línea 1 - Marmitas 500L,250,Mañana (06:00 - 14:00)
LOT-202602-0216,2026-02-11,PROD004,LIN001,TUR002,818.06,40.0,4.0,200,199.17,198.02,1.15,0.8,0.84,0.0,0.84,106.74,64.91,377.59,135.88,37.8,551.27,2.77,Aprobado A1,Manjar Repostero 1kg,Industrial/Repostería,1.0,4.1,Línea 1 - Marmitas 500L,250,Tarde (14:00 - 22:00)
LOT-202602-0217,2026-02-11,PROD002,LIN001,TUR001,743.91,40.0,4.0,200,194.08,161.82,32.26,0.8,0.83,0.0,0.83,93.57,63.4,346.44,119.89,37.35,503.68,2.6,Rechazado / Reproceso,Manjar Tradicional 500g,Familiar,0.5,3.8,Línea 1 - Marmitas 500L,250,Mañana (06:00 - 14:00)
LOT-202602-0218,2026-02-11,PROD005,LIN002,TUR003,2643.77,120.0,12.0,600,567.59,559.65,7.94,1.2,1.17,0.25,1.42,300.48,204.57,1212.38,385.12,106.5,1704.0,3.0,Aprobado A1,Manjar Alfajorero 5kg,Industrial,5.0,4.3,Línea 2 - Marmitas 1000L,500,Noche (22:00 - 06:00)
LOT-202602-0219,2026-02-11,PROD004,LIN002,TUR002,2082.46,100.0,10.0,500,489.29,470.88,18.41,1.0,1.02,0.0,1.02,240.57,176.3,959.63,309.84,76.5,1345.97,2.75,Aprobado con Observaciones,Manjar Repostero 1kg,Industrial/Repostería,1.0,4.1,Línea 2 - Marmitas 1000L,500,Tarde (14:00 - 22:00)
LOT-202602-0220,2026-02-11,PROD002,LIN002,TUR001,2287.44,120.0,12.0,600,576.09,561.57,14.52,1.2,1.16,0.0,1.16,296.56,211.89,1062.72,381.3,87.0,1531.02,2.66,Aprobado con Observaciones,Manjar Tradicional 500g,Familiar,0.5,3.8,Línea 2 - Marmitas 1000L,500,Mañana (06:00 - 14:00)
LOT-202602-0221,2026-02-11,PROD004,LIN003,TUR002,3348.93,160.0,16.0,800,784.2,777.78,6.42,1.0,1.01,0.0,1.01,384.19,230.94,1542.55,488.74,111.1,2142.39,2.73,Aprobado A1,Manjar Repostero 1kg,Industrial/Repostería,1.0,4.1,Línea 3 - Continua 2000L,800,Tarde (14:00 - 22:00)
LOT-202602-0222,2026-02-11,PROD002,LIN003,TUR001,3099.8,160.0,16.0,800,775.36,717.31,58.05,1.0,1.05,0.0,1.05,360.24,226.91,1437.92,459.52,115.5,2012.94,2.6,Rechazado / Reproceso,Manjar Tradicional 500g,Familiar,0.5,3.8,Línea 3 - Continua 2000L,800,Mañana (06:00 - 14:00)
LOT-202602-0223,2026-02-12,PROD002,LIN001,TUR002,976.26,50.0,5.0,250,243.76,231.48,12.28,1.0,1.0,0.0,1.0,118.95,73.88,452.53,151.61,45.0,649.14,2.66,Rechazado / Reproceso,Manjar Tradicional 500g,Familiar,0.5,3.8,Línea 1 - Marmitas 500L,250,Tarde (14:00 - 22:00)
LOT-202602-0224,2026-02-12,PROD003,LIN001,TUR003,1113.01,60.0,6.0,300,279.85,278.07,1.78,1.2,1.25,0.36,1.61,137.9,81.61,518.46,175.27,72.45,766.18,2.74,Aprobado A1,Manjar Tradicional 1kg,Familiar,1.0,3.8,Línea 1 - Marmitas 500L,250,Noche (22:00 - 06:00)
LOT-202602-0225,2026-02-12,PROD001,LIN002,TUR002,1543.28,80.0,8.0,400,392.02,390.06,1.96,0.8,0.79,0.0,0.79,193.62,125.49,716.18,247.4,59.25,1022.83,2.61,Aprobado A1,Manjar Tradicional 250g,Familiar,0.25,3.8,Línea 2 - Marmitas 1000L,500,Tarde (14:00 - 22:00)
LOT-202602-0226,2026-02-12,PROD003,LIN002,TUR002,1872.02,100.0,10.0,500,481.29,462.54,18.75,1.0,0.96,0.0,0.96,253.71,161.19,871.25,323.79,72.0,1267.04,2.63,Aprobado con Observaciones,Manjar Tradicional 1kg,Familiar,1.0,3.8,Línea 2 - Marmitas 1000L,500,Tarde (14:00 - 22:00)
LOT-202602-0227,2026-02-12,PROD005,LIN002,TUR003,2130.42,100.0,10.0,500,472.73,468.97,3.76,1.0,1.04,0.83,1.87,223.13,166.04,979.78,287.68,140.25,1407.71,2.98,Aprobado A1,Manjar Alfajorero 5kg,Industrial,5.0,4.3,Línea 2 - Marmitas 1000L,500,Noche (22:00 - 06:00)
LOT-202602-0228,2026-02-13,PROD004,LIN001,TUR003,1043.09,50.0,5.0,250,246.65,231.72,14.93,1.0,1.07,0.0,1.07,127.43,82.82,480.6,162.85,48.15,691.6,2.8,Rechazado / Reproceso,Manjar Repostero 1kg,Industrial/Repostería,1.0,4.1,Línea 1 - Marmitas 500L,250,Noche (22:00 - 06:00)
LOT-202602-0229,2026-02-13,PROD002,LIN001,TUR002,1162.73,60.0,6.0,300,295.37,278.53,16.84,1.2,1.2,0.0,1.2,142.81,96.78,539.35,182.99,54.0,776.34,2.63,Rechazado / Reproceso,Manjar Tradicional 500g,Familiar,0.5,3.8,Línea 1 - Marmitas 500L,250,Tarde (14:00 - 22:00)
LOT-202602-0230,2026-02-13,PROD003,LIN001,TUR003,1166.68,60.0,6.0,300,285.94,265.25,20.69,1.2,1.24,0.0,1.24,149.56,90.5,541.01,190.33,55.8,787.14,2.75,Rechazado / Reproceso,Manjar Tradicional 1kg,Familiar,1.0,3.8,Línea 1 - Marmitas 500L,250,Noche (22:00 - 06:00)
LOT-202602-0231,2026-02-13,PROD004,LIN002,TUR001,1996.2,100.0,10.0,500,490.88,468.05,22.83,1.0,1.04,0.8,1.84,227.93,175.9,923.4,294.62,138.0,1356.02,2.76,Aprobado con Observaciones,Manjar Repostero 1kg,Industrial/Repostería,1.0,4.1,Línea 2 - Marmitas 1000L,500,Mañana (06:00 - 14:00)
LOT-202602-0232,2026-02-13,PROD002,LIN002,TUR001,1897.42,100.0,10.0,500,489.23,478.42,10.81,1.0,1.05,0.0,1.05,249.88,142.06,881.92,316.9,78.75,1277.57,2.61,Aprobado A1,Manjar Tradicional 500g,Familiar,0.5,3.8,Línea 2 - Marmitas 1000L,500,Mañana (06:00 - 14:00)
LOT-202602-0233,2026-02-13,PROD005,LIN003,TUR001,3525.88,160.0,16.0,800,792.25,781.55,10.7,1.0,1.07,0.0,1.07,398.27,276.06,1616.87,511.05,117.7,2245.62,2.83,Aprobado A1,Manjar Alfajorero 5kg,Industrial,5.0,4.3,Línea 3 - Continua 2000L,800,Mañana (06:00 - 14:00)
LOT-202602-0234,2026-02-14,PROD002,LIN003,TUR001,3687.1,200.0,20.0,1000,987.36,966.77,20.59,1.25,1.29,0.0,1.29,459.34,289.95,1718.58,586.0,141.9,2446.48,2.48,Aprobado A1,Manjar Tradicional 500g,Familiar,0.5,3.8,Línea 3 - Continua 2000L,800,Mañana (06:00 - 14:00)
LOT-202602-0235,2026-02-14,PROD003,LIN003,TUR002,3824.4,200.0,20.0,1000,976.08,937.31,38.77,1.25,1.23,0.0,1.23,461.87,353.88,1776.25,596.71,135.3,2508.26,2.57,Aprobado con Observaciones,Manjar Tradicional 1kg,Familiar,1.0,3.8,Línea 3 - Continua 2000L,800,Tarde (14:00 - 22:00)
LOT-202602-0236,2026-02-14,PROD004,LIN003,TUR001,2828.97,140.0,14.0,700,708.56,683.32,25.24,0.88,0.87,0.0,0.87,369.66,240.8,1307.17,472.49,95.7,1875.36,2.65,Aprobado con Observaciones,Manjar Repostero 1kg,Industrial/Repostería,1.0,4.1,Línea 3 - Continua 2000L,800,Mañana (06:00 - 14:00)
LOT-202602-0237,2026-02-15,PROD001,LIN001,TUR003,739.77,40.0,4.0,200,189.27,182.13,7.14,0.8,0.83,0.8,1.63,97.08,64.92,344.7,124.29,73.35,542.34,2.87,Aprobado con Observaciones,Manjar Tradicional 250g,Familiar,0.25,3.8,Línea 1 - Marmitas 500L,250,Noche (22:00 - 06:00)
LOT-202602-0238,2026-02-15,PROD002,LIN002,TUR002,1528.83,80.0,8.0,400,392.36,383.39,8.97,0.8,0.78,0.0,0.78,211.03,125.02,710.11,268.24,58.5,1036.85,2.64,Aprobado A1,Manjar Tradicional 500g,Familiar,0.5,3.8,Línea 2 - Marmitas 1000L,500,Tarde (14:00 - 22:00)
LOT-202602-0239,2026-02-15,PROD004,LIN002,TUR002,1595.32,80.0,8.0,400,389.83,382.25,7.58,0.8,0.77,0.0,0.77,205.37,133.92,738.03,262.51,57.75,1058.29,2.71,Aprobado A1,Manjar Repostero 1kg,Industrial/Repostería,1.0,4.1,Línea 2 - Marmitas 1000L,500,Tarde (14:00 - 22:00)
LOT-202602-0240,2026-02-15,PROD002,LIN002,TUR001,2223.58,120.0,12.0,600,592.05,569.22,22.83,1.2,1.16,0.0,1.16,312.71,188.76,1035.9,397.9,87.0,1520.8,2.57,Aprobado con Observaciones,Manjar Tradicional 500g,Familiar,0.5,3.8,Línea 2 - Marmitas 1000L,500,Mañana (06:00 - 14:00)
LOT-202602-0241,2026-02-15,PROD001,LIN003,TUR001,2582.0,140.0,14.0,700,664.17,635.08,29.09,0.88,0.86,0.85,1.71,315.23,213.9,1203.44,403.94,188.1,1795.48,2.7,Aprobado con Observaciones,Manjar Tradicional 250g,Familiar,0.25,3.8,Línea 3 - Continua 2000L,800,Mañana (06:00 - 14:00)
LOT-202602-0242,2026-02-15,PROD004,LIN003,TUR002,3340.0,160.0,16.0,800,778.85,749.48,29.37,1.0,0.95,0.0,0.95,410.88,232.33,1538.8,520.94,104.5,2164.24,2.78,Aprobado con Observaciones,Manjar Repostero 1kg,Industrial/Repostería,1.0,4.1,Línea 3 - Continua 2000L,800,Tarde (14:00 - 22:00)
LOT-202602-0243,2026-02-16,PROD004,LIN002,TUR001,2451.59,120.0,12.0,600,579.83,576.93,2.9,1.2,1.16,1.02,2.18,287.16,171.09,1131.67,365.12,163.5,1660.29,2.86,Aprobado A1,Manjar Repostero 1kg,Industrial/Repostería,1.0,4.1,Línea 2 - Marmitas 1000L,500,Mañana (06:00 - 14:00)
LOT-202602-0244,2026-02-16,PROD003,LIN002,TUR001,2350.19,120.0,12.0,600,585.67,540.38,45.29,1.2,1.21,0.0,1.21,301.65,198.81,1089.08,385.84,90.75,1565.67,2.67,Rechazado / Reproceso,Manjar Tradicional 1kg,Familiar,1.0,3.8,Línea 2 - Marmitas 1000L,500,Mañana (06:00 - 14:00)
LOT-202602-0245,2026-02-16,PROD004,LIN002,TUR003,2429.0,120.0,12.0,600,579.33,550.77,28.56,1.2,1.28,0.0,1.28,296.31,175.28,1122.18,376.61,96.0,1594.79,2.75,Aprobado con Observaciones,Manjar Repostero 1kg,Industrial/Repostería,1.0,4.1,Línea 2 - Marmitas 1000L,500,Noche (22:00 - 06:00)
LOT-202602-0246,2026-02-16,PROD002,LIN003,TUR001,3017.03,160.0,16.0,800,771.65,754.6,17.05,1.0,1.06,0.0,1.06,382.38,259.15,1403.15,489.95,116.6,2009.7,2.6,Aprobado A1,Manjar Tradicional 500g,Familiar,0.5,3.8,Línea 3 - Continua 2000L,800,Mañana (06:00 - 14:00)
LOT-202602-0247,2026-02-16,PROD001,LIN003,TUR002,3016.06,160.0,16.0,800,808.97,784.43,24.54,1.0,0.96,0.0,0.96,413.39,292.21,1402.75,531.13,105.6,2039.48,2.52,Aprobado con Observaciones,Manjar Tradicional 250g,Familiar,0.25,3.8,Línea 3 - Continua 2000L,800,Tarde (14:00 - 22:00)
LOT-202602-0248,2026-02-17,PROD004,LIN001,TUR002,1053.47,50.0,5.0,250,248.23,231.43,16.8,1.0,1.06,0.0,1.06,127.27,72.03,484.96,161.37,47.7,694.03,2.8,Rechazado / Reproceso,Manjar Repostero 1kg,Industrial/Repostería,1.0,4.1,Línea 1 - Marmitas 500L,250,Tarde (14:00 - 22:00)
LOT-202602-0249,2026-02-17,PROD003,LIN001,TUR003,957.92,50.0,5.0,250,241.84,239.03,2.81,1.0,1.02,0.0,1.02,116.17,73.92,444.83,148.27,45.9,639.0,2.64,Aprobado A1,Manjar Tradicional 1kg,Familiar,1.0,3.8,Línea 1 - Marmitas 500L,250,Noche (22:00 - 06:00)
LOT-202602-0250,2026-02-17,PROD001,LIN001,TUR002,761.51,40.0,4.0,200,198.09,192.73,5.36,0.8,0.81,0.0,0.81,101.56,72.6,353.83,130.58,36.45,520.86,2.63,Aprobado con Observaciones,Manjar Tradicional 250g,Familiar,0.25,3.8,Línea 1 - Marmitas 500L,250,Tarde (14:00 - 22:00)
LOT-202602-0251,2026-02-17,PROD001,LIN002,TUR003,2219.35,120.0,12.0,600,602.35,574.99,27.36,1.2,1.27,0.0,1.27,295.75,203.62,1034.13,379.33,95.25,1508.71,2.5,Aprobado con Observaciones,Manjar Tradicional 250g,Familiar,0.25,3.8,Línea 2 - Marmitas 1000L,500,Noche (22:00 - 06:00)
LOT-202602-0252,2026-02-17,PROD003,LIN002,TUR003,1898.68,100.0,10.0,500,490.23,459.6,30.63,1.0,1.02,0.91,1.93,252.96,171.52,882.45,324.13,144.75,1351.33,2.76,Rechazado / Reproceso,Manjar Tradicional 1kg,Familiar,1.0,3.8,Línea 2 - Marmitas 1000L,500,Noche (22:00 - 06:00)
LOT-202602-0253,2026-02-17,PROD005,LIN003,TUR002,4392.78,200.0,20.0,1000,977.63,960.9,16.73,1.25,1.32,0.0,1.32,505.27,359.78,2014.97,649.5,145.2,2809.67,2.87,Aprobado A1,Manjar Alfajorero 5kg,Industrial,5.0,4.3,Línea 3 - Continua 2000L,800,Tarde (14:00 - 22:00)
LOT-202602-0254,2026-02-17,PROD002,LIN003,TUR003,3870.69,200.0,20.0,1000,963.98,952.14,11.84,1.25,1.28,0.0,1.28,501.11,344.44,1795.69,642.66,140.8,2579.15,2.68,Aprobado A1,Manjar Tradicional 500g,Familiar,0.5,3.8,Línea 3 - Continua 2000L,800,Noche (22:00 - 06:00)
LOT-202602-0255,2026-02-17,PROD003,LIN003,TUR002,2677.53,140.0,14.0,700,652.62,642.01,10.61,0.88,0.93,0.42,1.35,303.44,230.21,1243.56,391.75,148.5,1783.81,2.73,Aprobado A1,Manjar Tradicional 1kg,Familiar,1.0,3.8,Línea 3 - Continua 2000L,800,Tarde (14:00 - 22:00)
LOT-202602-0256,2026-02-18,PROD001,LIN001,TUR002,928.31,50.0,5.0,250,249.26,233.9,15.36,1.0,1.04,0.9,1.94,127.91,90.76,432.39,164.38,87.3,684.07,2.74,Rechazado / Reproceso,Manjar Tradicional 250g,Familiar,0.25,3.8,Línea 1 - Marmitas 500L,250,Tarde (14:00 - 22:00)
LOT-202602-0257,2026-02-18,PROD004,LIN001,TUR002,1220.02,60.0,6.0,300,293.27,291.8,1.47,1.2,1.17,0.0,1.17,156.29,101.58,563.41,199.74,52.65,815.8,2.78,Aprobado A1,Manjar Repostero 1kg,Industrial/Repostería,1.0,4.1,Línea 1 - Marmitas 500L,250,Tarde (14:00 - 22:00)
LOT-202602-0258,2026-02-18,PROD003,LIN001,TUR003,1164.73,60.0,6.0,300,286.3,267.21,19.09,1.2,1.21,1.06,2.27,140.34,92.84,540.19,179.55,102.15,821.89,2.87,Rechazado / Reproceso,Manjar Tradicional 1kg,Familiar,1.0,3.8,Línea 1 - Marmitas 500L,250,Noche (22:00 - 06:00)
LOT-202602-0259,2026-02-18,PROD002,LIN002,TUR003,1843.75,100.0,10.0,500,486.45,455.19,31.26,1.0,1.0,0.0,1.0,226.6,168.61,859.38,292.15,75.0,1226.53,2.52,Rechazado / Reproceso,Manjar Tradicional 500g,Familiar,0.5,3.8,Línea 2 - Marmitas 1000L,500,Noche (22:00 - 06:00)
LOT-202602-0260,2026-02-18,PROD005,LIN003,TUR001,4218.97,200.0,20.0,1000,977.08,952.29,24.79,1.25,1.3,0.0,1.3,523.74,331.68,1941.97,668.29,143.0,2753.26,2.82,Aprobado con Observaciones,Manjar Alfajorero 5kg,Industrial,5.0,4.3,Línea 3 - Continua 2000L,800,Mañana (06:00 - 14:00)
LOT-202602-0261,2026-02-19,PROD001,LIN001,TUR001,1133.41,60.0,6.0,300,287.39,270.4,16.99,1.2,1.23,0.0,1.23,150.51,85.95,527.03,190.93,55.35,773.31,2.69,Rechazado / Reproceso,Manjar Tradicional 250g,Familiar,0.25,3.8,Línea 1 - Marmitas 500L,250,Mañana (06:00 - 14:00)
LOT-202602-0262,2026-02-19,PROD003,LIN001,TUR003,1128.37,60.0,6.0,300,300.35,267.54,32.81,1.2,1.26,0.64,1.9,161.14,100.03,524.92,205.37,85.5,815.79,2.72,Rechazado / Reproceso,Manjar Tradicional 1kg,Familiar,1.0,3.8,Línea 1 - Marmitas 500L,250,Noche (22:00 - 06:00)
LOT-202602-0263,2026-02-19,PROD001,LIN001,TUR003,748.41,40.0,4.0,200,196.3,193.21,3.09,0.8,0.77,0.0,0.77,101.94,63.76,348.33,129.98,34.65,512.96,2.61,Aprobado A1,Manjar Tradicional 250g,Familiar,0.25,3.8,Línea 1 - Marmitas 500L,250,Noche (22:00 - 06:00)
LOT-202602-0264,2026-02-19,PROD002,LIN002,TUR001,1938.34,100.0,10.0,500,467.54,462.77,4.77,1.0,0.96,0.0,0.96,230.32,152.46,899.1,294.68,72.0,1265.78,2.71,Aprobado A1,Manjar Tradicional 500g,Familiar,0.5,3.8,Línea 2 - Marmitas 1000L,500,Mañana (06:00 - 14:00)
LOT-202602-0265,2026-02-19,PROD001,LIN003,TUR002,3717.47,200.0,20.0,1000,925.95,892.72,33.23,1.25,1.28,1.03,2.31,474.88,303.64,1731.34,606.29,254.1,2591.73,2.8,Aprobado con Observaciones,Manjar Tradicional 250g,Familiar,0.25,3.8,Línea 3 - Continua 2000L,800,Tarde (14:00 - 22:00)
LOT-202602-0266,2026-02-19,PROD005,LIN003,TUR001,3077.04,140.0,14.0,700,694.04,664.37,29.67,0.88,0.87,0.0,0.87,372.42,201.89,1411.36,471.13,95.7,1978.19,2.85,Aprobado con Observaciones,Manjar Alfajorero 5kg,Industrial,5.0,4.3,Línea 3 - Continua 2000L,800,Mañana (06:00 - 14:00)
LOT-202602-0267,2026-02-20,PROD001,LIN001,TUR001,767.67,40.0,4.0,200,193.73,184.33,9.4,0.8,0.84,0.0,0.84,103.15,69.38,356.42,132.11,37.8,526.33,2.72,Aprobado con Observaciones,Manjar Tradicional 250g,Familiar,0.25,3.8,Línea 1 - Marmitas 500L,250,Mañana (06:00 - 14:00)
LOT-202602-0268,2026-02-20,PROD002,LIN002,TUR003,1868.85,100.0,10.0,500,476.49,443.4,33.09,1.0,1.01,0.0,1.01,240.14,149.26,869.92,306.08,75.75,1251.75,2.63,Rechazado / Reproceso,Manjar Tradicional 500g,Familiar,0.5,3.8,Línea 2 - Marmitas 1000L,500,Noche (22:00 - 06:00)
LOT-202602-0269,2026-02-20,PROD002,LIN003,TUR003,3815.59,200.0,20.0,1000,964.55,948.9,15.65,1.25,1.29,0.0,1.29,478.47,327.28,1772.55,613.44,141.9,2527.89,2.62,Aprobado A1,Manjar Tradicional 500g,Familiar,0.5,3.8,Línea 3 - Continua 2000L,800,Noche (22:00 - 06:00)
LOT-202602-0270,2026-02-21,PROD002,LIN001,TUR003,1134.89,60.0,6.0,300,289.07,283.72,5.35,1.2,1.27,0.0,1.27,149.92,104.13,527.65,192.4,57.15,777.2,2.69,Aprobado A1,Manjar Tradicional 500g,Familiar,0.5,3.8,Línea 1 - Marmitas 500L,250,Noche (22:00 - 06:00)
LOT-202602-0271,2026-02-21,PROD004,LIN001,TUR002,1049.84,50.0,5.0,250,243.51,239.88,3.63,1.0,0.96,0.0,0.96,115.84,84.91,483.43,149.2,43.2,675.83,2.78,Aprobado A1,Manjar Repostero 1kg,Industrial/Repostería,1.0,4.1,Línea 1 - Marmitas 500L,250,Tarde (14:00 - 22:00)
LOT-202602-0272,2026-02-21,PROD001,LIN001,TUR003,784.66,40.0,4.0,200,199.09,189.09,10.0,0.8,0.8,0.18,0.98,107.49,65.26,363.56,136.82,44.1,544.48,2.73,Rechazado / Reproceso,Manjar Tradicional 250g,Familiar,0.25,3.8,Línea 1 - Marmitas 500L,250,Noche (22:00 - 06:00)
LOT-202602-0273,2026-02-21,PROD004,LIN002,TUR001,2512.46,120.0,12.0,600,577.07,555.7,21.37,1.2,1.16,0.0,1.16,302.69,195.7,1157.23,386.71,87.0,1630.94,2.83,Aprobado con Observaciones,Manjar Repostero 1kg,Industrial/Repostería,1.0,4.1,Línea 2 - Marmitas 1000L,500,Mañana (06:00 - 14:00)
LOT-202602-0274,2026-02-21,PROD002,LIN002,TUR003,1521.88,80.0,8.0,400,381.11,365.13,15.98,0.8,0.79,0.5,1.29,191.1,134.65,707.19,245.48,96.75,1049.42,2.75,Aprobado con Observaciones,Manjar Tradicional 500g,Familiar,0.5,3.8,Línea 2 - Marmitas 1000L,500,Noche (22:00 - 06:00)
LOT-202602-0275,2026-02-21,PROD001,LIN003,TUR001,3772.2,200.0,20.0,1000,985.58,951.6,33.98,1.25,1.31,0.0,1.31,504.91,314.62,1754.32,643.65,144.1,2542.07,2.58,Aprobado con Observaciones,Manjar Tradicional 250g,Familiar,0.25,3.8,Línea 3 - Continua 2000L,800,Mañana (06:00 - 14:00)
LOT-202602-0276,2026-02-21,PROD001,LIN003,TUR003,3028.88,160.0,16.0,800,800.59,773.98,26.61,1.0,1.0,0.0,1.0,400.41,241.07,1408.13,509.42,110.0,2027.55,2.53,Aprobado con Observaciones,Manjar Tradicional 250g,Familiar,0.25,3.8,Línea 3 - Continua 2000L,800,Noche (22:00 - 06:00)
LOT-202602-0277,2026-02-22,PROD005,LIN001,TUR003,1058.67,50.0,5.0,250,238.37,230.24,8.13,1.0,0.98,0.0,0.98,118.83,78.26,487.14,151.99,44.1,683.23,2.87,Aprobado con Observaciones,Manjar Alfajorero 5kg,Industrial,5.0,4.3,Línea 1 - Marmitas 500L,250,Noche (22:00 - 06:00)
LOT-202602-0278,2026-02-22,PROD004,LIN002,TUR001,1595.75,80.0,8.0,400,391.46,383.3,8.16,0.8,0.81,0.4,1.21,192.77,143.88,738.22,248.59,90.75,1077.56,2.75,Aprobado A1,Manjar Repostero 1kg,Industrial/Repostería,1.0,4.1,Línea 2 - Marmitas 1000L,500,Mañana (06:00 - 14:00)
LOT-202602-0279,2026-02-22,PROD003,LIN003,TUR001,2663.84,140.0,14.0,700,710.24,653.19,57.05,0.88,0.93,0.78,1.71,365.67,258.38,1237.81,469.81,188.1,1895.72,2.67,Rechazado / Reproceso,Manjar Tradicional 1kg,Familiar,1.0,3.8,Línea 3 - Continua 2000L,800,Mañana (06:00 - 14:00)
LOT-202602-0280,2026-02-22,PROD005,LIN003,TUR003,2968.12,140.0,14.0,700,677.66,671.03,6.63,0.88,0.93,0.0,0.93,316.94,222.32,1365.61,407.01,102.3,1874.92,2.77,Aprobado A1,Manjar Alfajorero 5kg,Industrial,5.0,4.3,Línea 3 - Continua 2000L,800,Noche (22:00 - 06:00)
LOT-202602-0281,2026-02-22,PROD005,LIN003,TUR003,3104.64,140.0,14.0,700,683.53,646.27,37.26,0.88,0.87,0.0,0.87,338.02,221.23,1422.95,432.17,95.7,1950.82,2.85,Rechazado / Reproceso,Manjar Alfajorero 5kg,Industrial,5.0,4.3,Línea 3 - Continua 2000L,800,Noche (22:00 - 06:00)
LOT-202602-0282,2026-02-23,PROD005,LIN001,TUR002,890.69,40.0,4.0,200,194.76,182.12,12.64,0.8,0.8,0.0,0.8,96.22,60.45,408.09,122.72,36.0,566.81,2.91,Rechazado / Reproceso,Manjar Alfajorero 5kg,Industrial,5.0,4.3,Línea 1 - Marmitas 500L,250,Tarde (14:00 - 22:00)
LOT-202602-0283,2026-02-23,PROD002,LIN001,TUR001,961.29,50.0,5.0,250,244.28,233.9,10.38,1.0,1.02,0.0,1.02,114.45,79.17,446.24,146.84,45.9,638.98,2.62,Aprobado con Observaciones,Manjar Tradicional 500g,Familiar,0.5,3.8,Línea 1 - Marmitas 500L,250,Mañana (06:00 - 14:00)
LOT-202602-0284,2026-02-23,PROD005,LIN001,TUR002,1107.09,50.0,5.0,250,242.6,236.23,6.37,1.0,0.98,0.0,0.98,120.96,77.54,507.48,154.46,44.1,706.04,2.91,Aprobado con Observaciones,Manjar Alfajorero 5kg,Industrial,5.0,4.3,Línea 1 - Marmitas 500L,250,Tarde (14:00 - 22:00)
LOT-202602-0285,2026-02-23,PROD003,LIN002,TUR003,1945.97,100.0,10.0,500,484.44,476.35,8.09,1.0,0.96,0.0,0.96,226.73,160.19,902.31,291.3,72.0,1265.61,2.61,Aprobado A1,Manjar Tradicional 1kg,Familiar,1.0,3.8,Línea 2 - Marmitas 1000L,500,Noche (22:00 - 06:00)
LOT-202602-0286,2026-02-23,PROD003,LIN002,TUR003,2322.85,120.0,12.0,600,591.45,580.76,10.69,1.2,1.28,0.0,1.28,282.56,175.31,1077.6,360.11,96.0,1533.71,2.59,Aprobado A1,Manjar Tradicional 1kg,Familiar,1.0,3.8,Línea 2 - Marmitas 1000L,500,Noche (22:00 - 06:00)
LOT-202602-0287,2026-02-23,PROD004,LIN003,TUR003,4126.53,200.0,20.0,1000,986.04,945.27,40.77,1.25,1.31,0.0,1.31,505.4,349.37,1903.14,648.4,144.1,2695.64,2.73,Aprobado con Observaciones,Manjar Repostero 1kg,Industrial/Repostería,1.0,4.1,Línea 3 - Continua 2000L,800,Noche (22:00 - 06:00)
LOT-202602-0288,2026-02-23,PROD003,LIN003,TUR001,2726.17,140.0,14.0,700,682.74,643.86,38.88,0.88,0.84,0.0,0.84,318.8,213.07,1263.99,408.13,92.4,1764.52,2.58,Rechazado / Reproceso,Manjar Tradicional 1kg,Familiar,1.0,3.8,Línea 3 - Continua 2000L,800,Mañana (06:00 - 14:00)
LOT-202602-0289,2026-02-24,PROD004,LIN001,TUR002,1210.35,60.0,6.0,300,278.88,261.96,16.92,1.2,1.2,0.0,1.2,136.04,99.07,559.35,175.14,54.0,788.49,2.83,Rechazado / Reproceso,Manjar Repostero 1kg,Industrial/Repostería,1.0,4.1,Línea 1 - Marmitas 500L,250,Tarde (14:00 - 22:00)
LOT-202602-0290,2026-02-24,PROD002,LIN001,TUR003,761.39,40.0,4.0,200,193.85,186.3,7.55,0.8,0.77,0.64,1.41,101.78,65.13,353.78,129.95,63.45,547.18,2.82,Aprobado con Observaciones,Manjar Tradicional 500g,Familiar,0.5,3.8,Línea 1 - Marmitas 500L,250,Noche (22:00 - 06:00)
LOT-202602-0291,2026-02-24,PROD004,LIN001,TUR002,1234.74,60.0,6.0,300,287.46,280.38,7.08,1.2,1.21,0.0,1.21,138.16,92.16,569.59,176.85,54.45,800.89,2.79,Aprobado A1,Manjar Repostero 1kg,Industrial/Repostería,1.0,4.1,Línea 1 - Marmitas 500L,250,Tarde (14:00 - 22:00)
LOT-202602-0292,2026-02-24,PROD002,LIN002,TUR002,1970.07,100.0,10.0,500,487.83,485.39,2.44,1.0,0.97,0.0,0.97,227.37,177.82,912.43,294.18,72.75,1279.36,2.62,Aprobado A1,Manjar Tradicional 500g,Familiar,0.5,3.8,Línea 2 - Marmitas 1000L,500,Tarde (14:00 - 22:00)
LOT-202602-0293,2026-02-24,PROD002,LIN003,TUR003,2987.7,160.0,16.0,800,790.51,731.03,59.48,1.0,1.03,0.94,1.97,412.9,236.83,1390.83,523.9,216.7,2131.43,2.7,Rechazado / Reproceso,Manjar Tradicional 500g,Familiar,0.5,3.8,Línea 3 - Continua 2000L,800,Noche (22:00 - 06:00)
LOT-202602-0294,2026-02-24,PROD001,LIN003,TUR003,3817.05,200.0,20.0,1000,926.3,846.2,80.1,1.25,1.21,1.0,2.21,462.47,341.57,1773.16,595.95,243.1,2612.21,2.82,Rechazado / Reproceso,Manjar Tradicional 250g,Familiar,0.25,3.8,Línea 3 - Continua 2000L,800,Noche (22:00 - 06:00)
LOT-202602-0295,2026-02-25,PROD005,LIN002,TUR001,1731.7,80.0,8.0,400,388.16,378.87,9.29,0.8,0.79,0.64,1.43,178.92,119.11,795.31,229.0,107.25,1131.56,2.92,Aprobado A1,Manjar Alfajorero 5kg,Industrial,5.0,4.3,Línea 2 - Marmitas 1000L,500,Mañana (06:00 - 14:00)
LOT-202602-0296,2026-02-25,PROD003,LIN003,TUR003,2988.63,160.0,16.0,800,767.77,749.77,18.0,1.0,1.02,0.0,1.02,399.38,245.08,1391.22,508.67,112.2,2012.09,2.62,Aprobado A1,Manjar Tradicional 1kg,Familiar,1.0,3.8,Línea 3 - Continua 2000L,800,Noche (22:00 - 06:00)
LOT-202602-0297,2026-02-25,PROD004,LIN003,TUR002,3222.9,160.0,16.0,800,758.44,715.83,42.61,1.0,1.05,0.56,1.61,397.42,264.76,1489.62,508.68,177.1,2175.4,2.87,Rechazado / Reproceso,Manjar Repostero 1kg,Industrial/Repostería,1.0,4.1,Línea 3 - Continua 2000L,800,Tarde (14:00 - 22:00)
LOT-202602-0298,2026-02-26,PROD002,LIN001,TUR002,930.44,50.0,5.0,250,249.83,235.94,13.89,1.0,1.02,0.97,1.99,128.72,73.65,433.28,163.3,89.55,686.13,2.75,Rechazado / Reproceso,Manjar Tradicional 500g,Familiar,0.5,3.8,Línea 1 - Marmitas 500L,250,Tarde (14:00 - 22:00)
LOT-202602-0299,2026-02-26,PROD001,LIN002,TUR002,2265.01,120.0,12.0,600,579.92,551.69,28.23,1.2,1.26,0.97,2.23,293.48,198.29,1053.3,375.97,167.25,1596.52,2.75,Aprobado con Observaciones,Manjar Tradicional 250g,Familiar,0.25,3.8,Línea 2 - Marmitas 1000L,500,Tarde (14:00 - 22:00)
LOT-202602-0300,2026-02-26,PROD002,LIN002,TUR002,1886.24,100.0,10.0,500,487.67,441.51,46.16,1.0,0.96,0.0,0.96,258.2,166.42,877.22,329.81,72.0,1279.03,2.62,Rechazado / Reproceso,Manjar Tradicional 500g,Familiar,0.5,3.8,Línea 2 - Marmitas 1000L,500,Tarde (14:00 - 22:00)
LOT-202602-0301,2026-02-27,PROD005,LIN001,TUR002,838.96,40.0,4.0,200,193.08,188.69,4.39,0.8,0.77,0.0,0.77,100.88,70.49,386.36,129.51,34.65,550.52,2.85,Aprobado A1,Manjar Alfajorero 5kg,Industrial,5.0,4.3,Línea 1 - Marmitas 500L,250,Tarde (14:00 - 22:00)
LOT-202602-0302,2026-02-27,PROD005,LIN001,TUR003,1073.9,50.0,5.0,250,238.3,237.11,1.19,1.0,1.06,0.0,1.06,112.8,71.07,493.54,143.89,47.7,685.13,2.88,Aprobado A1,Manjar Alfajorero 5kg,Industrial,5.0,4.3,Línea 1 - Marmitas 500L,250,Noche (22:00 - 06:00)
LOT-202602-0303,2026-02-27,PROD001,LIN001,TUR002,1110.1,60.0,6.0,300,296.92,282.11,14.81,1.2,1.24,1.04,2.28,142.46,92.86,517.24,182.1,102.6,801.94,2.7,Aprobado con Observaciones,Manjar Tradicional 250g,Familiar,0.25,3.8,Línea 1 - Marmitas 500L,250,Tarde (14:00 - 22:00)
LOT-202602-0304,2026-02-27,PROD005,LIN002,TUR001,1672.63,80.0,8.0,400,386.51,333.16,53.35,0.8,0.8,0.0,0.8,181.97,141.42,770.5,235.33,60.0,1065.83,2.76,Rechazado / Reproceso,Manjar Alfajorero 5kg,Industrial,5.0,4.3,Línea 2 - Marmitas 1000L,500,Mañana (06:00 - 14:00)
LOT-202602-0305,2026-02-27,PROD005,LIN003,TUR002,4396.42,200.0,20.0,1000,997.85,965.11,32.74,1.25,1.31,0.0,1.31,466.16,313.95,2016.5,597.07,144.1,2757.67,2.76,Aprobado con Observaciones,Manjar Alfajorero 5kg,Industrial,5.0,4.3,Línea 3 - Continua 2000L,800,Tarde (14:00 - 22:00)
LOT-202602-0306,2026-02-27,PROD004,LIN003,TUR002,2844.89,140.0,14.0,700,644.52,585.6,58.92,0.88,0.91,1.03,1.94,335.97,228.06,1313.85,430.53,213.4,1957.78,3.04,Rechazado / Reproceso,Manjar Repostero 1kg,Industrial/Repostería,1.0,4.1,Línea 3 - Continua 2000L,800,Tarde (14:00 - 22:00)
LOT-202602-0307,2026-02-27,PROD005,LIN003,TUR001,3035.21,140.0,14.0,700,667.55,654.49,13.06,0.88,0.92,0.23,1.15,347.9,242.18,1393.79,446.54,126.5,1966.83,2.95,Aprobado A1,Manjar Alfajorero 5kg,Industrial,5.0,4.3,Línea 3 - Continua 2000L,800,Mañana (06:00 - 14:00)
LOT-202602-0308,2026-02-28,PROD003,LIN001,TUR002,1165.09,60.0,6.0,300,297.7,286.81,10.89,1.2,1.2,0.0,1.2,143.42,101.16,540.34,184.24,54.0,778.58,2.62,Aprobado con Observaciones,Manjar Tradicional 1kg,Familiar,1.0,3.8,Línea 1 - Marmitas 500L,250,Tarde (14:00 - 22:00)
LOT-202602-0309,2026-02-28,PROD002,LIN001,TUR002,745.29,40.0,4.0,200,201.8,200.79,1.01,0.8,0.86,0.0,0.86,94.28,58.76,347.02,120.19,38.7,505.91,2.51,Aprobado A1,Manjar Tradicional 500g,Familiar,0.5,3.8,Línea 1 - Marmitas 500L,250,Tarde (14:00 - 22:00)
LOT-202602-0310,2026-02-28,PROD002,LIN001,TUR002,942.22,50.0,5.0,250,247.92,231.07,16.85,1.0,1.0,0.89,1.89,117.65,89.66,438.23,151.94,85.05,675.22,2.72,Rechazado / Reproceso,Manjar Tradicional 500g,Familiar,0.5,3.8,Línea 1 - Marmitas 500L,250,Tarde (14:00 - 22:00)
LOT-202602-0311,2026-02-28,PROD001,LIN002,TUR001,2251.33,120.0,12.0,600,593.85,566.04,27.81,1.2,1.21,0.0,1.21,319.83,194.68,1047.56,407.16,90.75,1545.47,2.6,Aprobado con Observaciones,Manjar Tradicional 250g,Familiar,0.25,3.8,Línea 2 - Marmitas 1000L,500,Mañana (06:00 - 14:00)
LOT-202602-0312,2026-02-28,PROD003,LIN002,TUR002,1541.34,80.0,8.0,400,374.36,365.35,9.01,0.8,0.84,0.0,0.84,175.59,127.52,715.36,226.01,63.0,1004.37,2.68,Aprobado A1,Manjar Tradicional 1kg,Familiar,1.0,3.8,Línea 2 - Marmitas 1000L,500,Tarde (14:00 - 22:00)
LOT-202602-0313,2026-02-28,PROD003,LIN003,TUR003,2653.9,140.0,14.0,700,670.73,623.68,47.05,0.88,0.88,0.62,1.5,358.48,248.01,1233.64,459.94,165.0,1858.58,2.77,Rechazado / Reproceso,Manjar Tradicional 1kg,Familiar,1.0,3.8,Línea 3 - Continua 2000L,800,Noche (22:00 - 06:00)
LOT-202603-0314,2026-03-01,PROD003,LIN001,TUR003,774.51,40.0,4.0,200,198.22,195.94,2.28,0.8,0.84,0.0,0.84,102.11,63.16,359.29,130.11,37.8,527.2,2.66,Aprobado A1,Manjar Tradicional 1kg,Familiar,1.0,3.8,Línea 1 - Marmitas 500L,250,Noche (22:00 - 06:00)
LOT-202603-0315,2026-03-01,PROD004,LIN002,TUR003,2068.72,100.0,10.0,500,488.53,470.46,18.07,1.0,0.97,0.0,0.97,248.12,175.31,953.86,318.78,72.75,1345.39,2.75,Aprobado con Observaciones,Manjar Repostero 1kg,Industrial/Repostería,1.0,4.1,Línea 2 - Marmitas 1000L,500,Noche (22:00 - 06:00)
LOT-202603-0316,2026-03-01,PROD002,LIN003,TUR002,3123.17,160.0,16.0,800,781.6,754.53,27.07,1.0,1.0,0.0,1.0,382.3,265.44,1447.73,490.61,110.0,2048.34,2.62,Aprobado con Observaciones,Manjar Tradicional 500g,Familiar,0.5,3.8,Línea 3 - Continua 2000L,800,Tarde (14:00 - 22:00)
LOT-202603-0317,2026-03-01,PROD003,LIN003,TUR003,2702.77,140.0,14.0,700,683.81,663.42,20.39,0.88,0.91,0.0,0.91,349.61,204.35,1254.16,444.05,100.1,1798.31,2.63,Aprobado con Observaciones,Manjar Tradicional 1kg,Familiar,1.0,3.8,Línea 3 - Continua 2000L,800,Noche (22:00 - 06:00)
LOT-202603-0318,2026-03-01,PROD005,LIN003,TUR003,2928.92,140.0,14.0,700,702.96,691.5,11.46,0.88,0.89,0.0,0.89,358.45,237.06,1349.15,458.59,97.9,1905.64,2.71,Aprobado A1,Manjar Alfajorero 5kg,Industrial,5.0,4.3,Línea 3 - Continua 2000L,800,Noche (22:00 - 06:00)
LOT-202603-0319,2026-03-02,PROD005,LIN001,TUR003,834.99,40.0,4.0,200,200.45,191.01,9.44,0.8,0.82,0.0,0.82,104.13,72.41,384.7,133.65,36.9,555.25,2.77,Aprobado con Observaciones,Manjar Alfajorero 5kg,Industrial,5.0,4.3,Línea 1 - Marmitas 500L,250,Noche (22:00 - 06:00)
LOT-202603-0320,2026-03-02,PROD001,LIN002,TUR003,1913.36,100.0,10.0,500,493.7,482.29,11.41,1.0,1.05,0.0,1.05,253.05,165.69,888.61,323.54,78.75,1290.9,2.61,Aprobado A1,Manjar Tradicional 250g,Familiar,0.25,3.8,Línea 2 - Marmitas 1000L,500,Noche (22:00 - 06:00)
LOT-202603-0321,2026-03-02,PROD002,LIN002,TUR003,2300.68,120.0,12.0,600,592.88,552.14,40.74,1.2,1.27,0.0,1.27,310.31,198.02,1068.29,396.13,95.25,1559.67,2.63,Rechazado / Reproceso,Manjar Tradicional 500g,Familiar,0.5,3.8,Línea 2 - Marmitas 1000L,500,Noche (22:00 - 06:00)
LOT-202603-0322,2026-03-02,PROD005,LIN002,TUR002,2531.17,120.0,12.0,600,610.5,588.21,22.29,1.2,1.23,0.0,1.23,318.15,198.07,1165.09,405.55,92.25,1662.89,2.72,Aprobado con Observaciones,Manjar Alfajorero 5kg,Industrial,5.0,4.3,Línea 2 - Marmitas 1000L,500,Tarde (14:00 - 22:00)
LOT-202603-0323,2026-03-02,PROD002,LIN003,TUR003,3742.9,200.0,20.0,1000,989.39,959.45,29.94,1.25,1.31,0.44,1.75,480.04,347.99,1742.02,617.81,192.5,2552.33,2.58,Aprobado con Observaciones,Manjar Tradicional 500g,Familiar,0.5,3.8,Línea 3 - Continua 2000L,800,Noche (22:00 - 06:00)
LOT-202603-0324,2026-03-02,PROD003,LIN003,TUR003,3833.98,200.0,20.0,1000,1002.79,973.6,29.19,1.25,1.25,0.92,2.17,506.94,308.25,1780.27,645.32,238.7,2664.29,2.66,Aprobado con Observaciones,Manjar Tradicional 1kg,Familiar,1.0,3.8,Línea 3 - Continua 2000L,800,Noche (22:00 - 06:00)
LOT-202603-0325,2026-03-02,PROD001,LIN003,TUR003,3117.53,160.0,16.0,800,761.77,695.55,66.22,1.0,1.04,0.0,1.04,394.95,256.03,1445.36,504.66,114.4,2064.42,2.71,Rechazado / Reproceso,Manjar Tradicional 250g,Familiar,0.25,3.8,Línea 3 - Continua 2000L,800,Noche (22:00 - 06:00)
LOT-202603-0326,2026-03-03,PROD003,LIN001,TUR002,949.2,50.0,5.0,250,249.25,228.64,20.61,1.0,1.03,0.0,1.03,115.48,83.05,441.16,148.54,46.35,636.05,2.55,Rechazado / Reproceso,Manjar Tradicional 1kg,Familiar,1.0,3.8,Línea 1 - Marmitas 500L,250,Tarde (14:00 - 22:00)
LOT-202603-0327,2026-03-03,PROD002,LIN002,TUR001,1546.07,80.0,8.0,400,406.7,387.71,18.99,0.8,0.8,0.47,1.27,188.69,130.93,717.35,242.14,95.25,1054.74,2.59,Aprobado con Observaciones,Manjar Tradicional 500g,Familiar,0.5,3.8,Línea 2 - Marmitas 1000L,500,Mañana (06:00 - 14:00)
LOT-202603-0328,2026-03-03,PROD001,LIN002,TUR002,2280.94,120.0,12.0,600,591.14,542.26,48.88,1.2,1.2,0.0,1.2,319.08,196.22,1059.99,406.44,90.0,1556.43,2.63,Rechazado / Reproceso,Manjar Tradicional 250g,Familiar,0.25,3.8,Línea 2 - Marmitas 1000L,500,Tarde (14:00 - 22:00)
LOT-202603-0329,2026-03-03,PROD002,LIN002,TUR001,1946.31,100.0,10.0,500,482.03,452.86,29.17,1.0,1.07,0.0,1.07,233.49,177.87,902.45,301.53,80.25,1284.23,2.66,Rechazado / Reproceso,Manjar Tradicional 500g,Familiar,0.5,3.8,Línea 2 - Marmitas 1000L,500,Mañana (06:00 - 14:00)
LOT-202603-0330,2026-03-03,PROD005,LIN003,TUR001,3347.61,160.0,16.0,800,794.43,781.92,12.51,1.0,0.96,0.2,1.16,420.65,282.51,1542.0,538.68,127.6,2208.28,2.78,Aprobado A1,Manjar Alfajorero 5kg,Industrial,5.0,4.3,Línea 3 - Continua 2000L,800,Mañana (06:00 - 14:00)
LOT-202603-0331,2026-03-03,PROD001,LIN003,TUR002,3899.94,200.0,20.0,1000,962.79,931.41,31.38,1.25,1.23,0.0,1.23,485.15,327.2,1807.97,621.44,135.3,2564.71,2.66,Aprobado con Observaciones,Manjar Tradicional 250g,Familiar,0.25,3.8,Línea 3 - Continua 2000L,800,Tarde (14:00 - 22:00)
LOT-202603-0332,2026-03-04,PROD001,LIN002,TUR002,2356.2,120.0,12.0,600,585.73,571.56,14.17,1.2,1.28,0.59,1.87,300.38,200.93,1091.6,384.57,140.25,1616.42,2.76,Aprobado A1,Manjar Tradicional 250g,Familiar,0.25,3.8,Línea 2 - Marmitas 1000L,500,Tarde (14:00 - 22:00)
LOT-202603-0333,2026-03-04,PROD003,LIN002,TUR001,1505.52,80.0,8.0,400,399.36,387.53,11.83,0.8,0.81,0.0,0.81,202.78,118.63,700.32,257.57,60.75,1018.64,2.55,Aprobado con Observaciones,Manjar Tradicional 1kg,Familiar,1.0,3.8,Línea 2 - Marmitas 1000L,500,Mañana (06:00 - 14:00)
LOT-202603-0334,2026-03-04,PROD002,LIN002,TUR003,1917.57,100.0,10.0,500,493.04,489.66,3.38,1.0,1.07,0.0,1.07,253.79,157.0,890.38,323.39,80.25,1294.02,2.62,Aprobado A1,Manjar Tradicional 500g,Familiar,0.5,3.8,Línea 2 - Marmitas 1000L,500,Noche (22:00 - 06:00)
LOT-202603-0335,2026-03-04,PROD003,LIN003,TUR001,3754.54,200.0,20.0,1000,968.2,948.75,19.45,1.25,1.26,0.0,1.26,497.89,348.37,1746.91,639.27,138.6,2524.78,2.61,Aprobado A1,Manjar Tradicional 1kg,Familiar,1.0,3.8,Línea 3 - Continua 2000L,800,Mañana (06:00 - 14:00)
LOT-202603-0336,2026-03-04,PROD002,LIN003,TUR002,2686.87,140.0,14.0,700,679.41,662.26,17.15,0.88,0.88,0.0,0.88,349.71,208.03,1247.49,444.62,96.8,1788.91,2.63,Aprobado con Observaciones,Manjar Tradicional 500g,Familiar,0.5,3.8,Línea 3 - Continua 2000L,800,Tarde (14:00 - 22:00)
LOT-202603-0337,2026-03-04,PROD002,LIN003,TUR002,3873.57,200.0,20.0,1000,976.06,965.9,10.16,1.25,1.32,0.68,2.0,473.79,351.74,1796.9,610.76,220.0,2627.66,2.69,Aprobado A1,Manjar Tradicional 500g,Familiar,0.5,3.8,Línea 3 - Continua 2000L,800,Tarde (14:00 - 22:00)
LOT-202603-0338,2026-03-05,PROD004,LIN001,TUR002,1026.04,50.0,5.0,250,250.93,217.97,32.96,1.0,1.0,0.33,1.33,127.58,85.06,473.44,163.3,59.85,696.59,2.78,Rechazado / Reproceso,Manjar Repostero 1kg,Industrial/Repostería,1.0,4.1,Línea 1 - Marmitas 500L,250,Tarde (14:00 - 22:00)
LOT-202603-0339,2026-03-05,PROD005,LIN001,TUR001,875.58,40.0,4.0,200,193.29,181.82,11.47,0.8,0.82,0.0,0.82,102.09,63.65,401.74,130.15,36.9,568.79,2.94,Rechazado / Reproceso,Manjar Alfajorero 5kg,Industrial,5.0,4.3,Línea 1 - Marmitas 500L,250,Mañana (06:00 - 14:00)
LOT-202603-0340,2026-03-05,PROD002,LIN002,TUR001,1944.68,100.0,10.0,500,464.75,455.53,9.22,1.0,1.07,0.0,1.07,248.25,171.42,901.77,318.47,80.25,1300.49,2.8,Aprobado A1,Manjar Tradicional 500g,Familiar,0.5,3.8,Línea 2 - Marmitas 1000L,500,Mañana (06:00 - 14:00)
LOT-202603-0341,2026-03-05,PROD003,LIN003,TUR002,2659.81,140.0,14.0,700,693.06,662.04,31.02,0.88,0.88,0.0,0.88,348.53,236.55,1236.12,446.62,96.8,1779.54,2.57,Aprobado con Observaciones,Manjar Tradicional 1kg,Familiar,1.0,3.8,Línea 3 - Continua 2000L,800,Tarde (14:00 - 22:00)
LOT-202603-0342,2026-03-05,PROD001,LIN003,TUR003,2664.29,140.0,14.0,700,695.59,691.05,4.54,0.88,0.88,0.0,0.88,348.69,236.81,1238.0,446.85,96.8,1781.65,2.56,Aprobado A1,Manjar Tradicional 250g,Familiar,0.25,3.8,Línea 3 - Continua 2000L,800,Noche (22:00 - 06:00)
LOT-202603-0343,2026-03-06,PROD004,LIN001,TUR002,1049.76,50.0,5.0,250,240.35,237.41,2.94,1.0,1.01,0.0,1.01,122.98,71.44,483.4,156.15,45.45,685.0,2.85,Aprobado A1,Manjar Repostero 1kg,Industrial/Repostería,1.0,4.1,Línea 1 - Marmitas 500L,250,Tarde (14:00 - 22:00)
LOT-202603-0344,2026-03-06,PROD005,LIN001,TUR001,881.08,40.0,4.0,200,200.85,188.26,12.59,0.8,0.77,0.71,1.48,106.57,59.7,404.05,135.05,66.6,605.7,3.02,Rechazado / Reproceso,Manjar Alfajorero 5kg,Industrial,5.0,4.3,Línea 1 - Marmitas 500L,250,Mañana (06:00 - 14:00)
LOT-202603-0345,2026-03-06,PROD002,LIN002,TUR003,2231.32,120.0,12.0,600,567.7,548.38,19.32,1.2,1.21,0.0,1.21,304.28,181.83,1039.15,386.96,90.75,1516.86,2.67,Aprobado con Observaciones,Manjar Tradicional 500g,Familiar,0.5,3.8,Línea 2 - Marmitas 1000L,500,Noche (22:00 - 06:00)
LOT-202603-0346,2026-03-06,PROD004,LIN002,TUR001,1695.53,80.0,8.0,400,391.3,373.22,18.08,0.8,0.82,0.0,0.82,189.69,137.54,780.12,244.13,61.5,1085.75,2.77,Aprobado con Observaciones,Manjar Repostero 1kg,Industrial/Repostería,1.0,4.1,Línea 2 - Marmitas 1000L,500,Mañana (06:00 - 14:00)
LOT-202603-0347,2026-03-06,PROD004,LIN002,TUR002,2417.32,120.0,12.0,600,599.91,579.93,19.98,1.2,1.26,0.0,1.26,307.61,195.75,1117.27,392.62,94.5,1604.39,2.67,Aprobado con Observaciones,Manjar Repostero 1kg,Industrial/Repostería,1.0,4.1,Línea 2 - Marmitas 1000L,500,Tarde (14:00 - 22:00)
LOT-202603-0348,2026-03-06,PROD005,LIN003,TUR001,3105.57,140.0,14.0,700,672.59,633.32,39.27,0.88,0.85,0.48,1.33,345.28,240.14,1423.34,443.15,146.3,2012.79,2.99,Rechazado / Reproceso,Manjar Alfajorero 5kg,Industrial,5.0,4.3,Línea 3 - Continua 2000L,800,Mañana (06:00 - 14:00)
LOT-202603-0349,2026-03-06,PROD003,LIN003,TUR002,2589.33,140.0,14.0,700,679.01,668.44,10.57,0.88,0.86,0.0,0.86,321.98,221.65,1206.52,412.97,94.6,1714.09,2.52,Aprobado A1,Manjar Tradicional 1kg,Familiar,1.0,3.8,Línea 3 - Continua 2000L,800,Tarde (14:00 - 22:00)
LOT-202603-0350,2026-03-06,PROD005,LIN003,TUR002,2939.32,140.0,14.0,700,673.66,648.9,24.76,0.88,0.91,0.0,0.91,317.13,232.8,1353.51,408.49,100.1,1862.1,2.76,Aprobado con Observaciones,Manjar Alfajorero 5kg,Industrial,5.0,4.3,Línea 3 - Continua 2000L,800,Tarde (14:00 - 22:00)
LOT-202603-0351,2026-03-07,PROD004,LIN001,TUR003,835.34,40.0,4.0,200,196.12,193.93,2.19,0.8,0.79,0.0,0.79,104.87,72.35,384.84,134.53,35.55,554.92,2.83,Aprobado A1,Manjar Repostero 1kg,Industrial/Repostería,1.0,4.1,Línea 1 - Marmitas 500L,250,Noche (22:00 - 06:00)
LOT-202603-0352,2026-03-07,PROD003,LIN001,TUR002,1173.45,60.0,6.0,300,287.84,277.6,10.24,1.2,1.18,0.0,1.18,143.87,102.08,543.85,184.89,53.1,781.84,2.72,Aprobado con Observaciones,Manjar Tradicional 1kg,Familiar,1.0,3.8,Línea 1 - Marmitas 500L,250,Tarde (14:00 - 22:00)
LOT-202603-0353,2026-03-07,PROD005,LIN001,TUR001,1277.53,60.0,6.0,300,286.22,283.13,3.09,1.2,1.22,0.73,1.95,139.3,95.84,587.56,178.66,87.75,853.97,2.98,Aprobado A1,Manjar Alfajorero 5kg,Industrial,5.0,4.3,Línea 1 - Marmitas 500L,250,Mañana (06:00 - 14:00)
LOT-202603-0354,2026-03-07,PROD002,LIN002,TUR003,1876.84,100.0,10.0,500,470.09,460.07,10.02,1.0,1.02,0.0,1.02,237.64,172.43,873.27,305.86,76.5,1255.63,2.67,Aprobado A1,Manjar Tradicional 500g,Familiar,0.5,3.8,Línea 2 - Marmitas 1000L,500,Noche (22:00 - 06:00)
LOT-202603-0355,2026-03-07,PROD003,LIN003,TUR002,3813.44,200.0,20.0,1000,973.36,966.54,6.82,1.25,1.2,0.0,1.2,483.76,345.67,1771.64,621.99,132.0,2525.63,2.59,Aprobado A1,Manjar Tradicional 1kg,Familiar,1.0,3.8,Línea 3 - Continua 2000L,800,Tarde (14:00 - 22:00)
LOT-202603-0356,2026-03-08,PROD003,LIN002,TUR003,2319.84,120.0,12.0,600,586.63,583.7,2.93,1.2,1.28,0.0,1.28,276.86,209.58,1076.33,357.38,96.0,1529.71,2.61,Aprobado A1,Manjar Tradicional 1kg,Familiar,1.0,3.8,Línea 2 - Marmitas 1000L,500,Noche (22:00 - 06:00)
LOT-202603-0357,2026-03-08,PROD003,LIN002,TUR002,2296.87,120.0,12.0,600,570.93,537.19,33.74,1.2,1.29,0.96,2.25,281.53,188.27,1066.69,360.43,168.75,1595.87,2.8,Rechazado / Reproceso,Manjar Tradicional 1kg,Familiar,1.0,3.8,Línea 2 - Marmitas 1000L,500,Tarde (14:00 - 22:00)
LOT-202603-0358,2026-03-08,PROD002,LIN002,TUR002,1953.32,100.0,10.0,500,481.31,460.74,20.57,1.0,1.07,0.24,1.31,239.99,158.83,905.39,307.05,98.25,1310.69,2.72,Aprobado con Observaciones,Manjar Tradicional 500g,Familiar,0.5,3.8,Línea 2 - Marmitas 1000L,500,Tarde (14:00 - 22:00)
LOT-202603-0359,2026-03-08,PROD005,LIN003,TUR002,3371.31,160.0,16.0,800,797.88,732.08,65.8,1.0,1.02,0.0,1.02,412.58,264.73,1551.95,526.86,112.2,2191.01,2.75,Rechazado / Reproceso,Manjar Alfajorero 5kg,Industrial,5.0,4.3,Línea 3 - Continua 2000L,800,Tarde (14:00 - 22:00)
LOT-202603-0360,2026-03-08,PROD001,LIN003,TUR002,2708.13,140.0,14.0,700,685.8,676.35,9.45,0.88,0.91,0.0,0.91,347.16,216.01,1256.41,442.51,100.1,1799.02,2.62,Aprobado A1,Manjar Tradicional 250g,Familiar,0.25,3.8,Línea 3 - Continua 2000L,800,Tarde (14:00 - 22:00)
LOT-202603-0361,2026-03-09,PROD003,LIN002,TUR002,2262.54,120.0,12.0,600,582.87,574.94,7.93,1.2,1.21,0.0,1.21,277.75,185.37,1052.27,355.54,90.75,1498.56,2.57,Aprobado A1,Manjar Tradicional 1kg,Familiar,1.0,3.8,Línea 2 - Marmitas 1000L,500,Tarde (14:00 - 22:00)
LOT-202603-0362,2026-03-09,PROD003,LIN003,TUR003,2612.09,140.0,14.0,700,674.26,653.48,20.78,0.88,0.88,0.0,0.88,347.39,219.58,1216.08,443.22,96.8,1756.1,2.6,Aprobado con Observaciones,Manjar Tradicional 1kg,Familiar,1.0,3.8,Línea 3 - Continua 2000L,800,Noche (22:00 - 06:00)
LOT-202603-0363,2026-03-10,PROD002,LIN001,TUR003,1170.38,60.0,6.0,300,282.51,271.47,11.04,1.2,1.18,0.44,1.62,140.47,87.16,542.56,179.02,72.9,794.48,2.81,Aprobado con Observaciones,Manjar Tradicional 500g,Familiar,0.5,3.8,Línea 1 - Marmitas 500L,250,Noche (22:00 - 06:00)
LOT-202603-0364,2026-03-10,PROD002,LIN001,TUR001,1126.39,60.0,6.0,300,290.01,284.85,5.16,1.2,1.21,0.0,1.21,134.92,86.72,524.08,172.31,54.45,750.84,2.59,Aprobado A1,Manjar Tradicional 500g,Familiar,0.5,3.8,Línea 1 - Marmitas 500L,250,Mañana (06:00 - 14:00)
LOT-202603-0365,2026-03-10,PROD003,LIN002,TUR002,2303.32,120.0,12.0,600,585.12,562.77,22.35,1.2,1.23,0.44,1.67,288.51,198.75,1069.39,370.06,125.25,1564.7,2.67,Aprobado con Observaciones,Manjar Tradicional 1kg,Familiar,1.0,3.8,Línea 2 - Marmitas 1000L,500,Tarde (14:00 - 22:00)
LOT-202603-0366,2026-03-10,PROD004,LIN003,TUR001,3229.41,160.0,16.0,800,788.01,762.71,25.3,1.0,1.05,0.0,1.05,404.7,275.13,1492.35,518.66,115.5,2126.51,2.7,Aprobado con Observaciones,Manjar Repostero 1kg,Industrial/Repostería,1.0,4.1,Línea 3 - Continua 2000L,800,Mañana (06:00 - 14:00)
LOT-202603-0367,2026-03-10,PROD005,LIN003,TUR002,3044.47,140.0,14.0,700,680.89,646.58,34.31,0.88,0.86,0.25,1.11,333.85,224.38,1397.68,427.55,122.1,1947.33,2.86,Rechazado / Reproceso,Manjar Alfajorero 5kg,Industrial,5.0,4.3,Línea 3 - Continua 2000L,800,Tarde (14:00 - 22:00)
LOT-202603-0368,2026-03-11,PROD002,LIN001,TUR001,1177.88,60.0,6.0,300,294.55,290.11,4.44,1.2,1.24,0.8,2.04,154.21,101.43,545.71,197.22,91.8,834.73,2.83,Aprobado A1,Manjar Tradicional 500g,Familiar,0.5,3.8,Línea 1 - Marmitas 500L,250,Mañana (06:00 - 14:00)
LOT-202603-0369,2026-03-12,PROD001,LIN001,TUR003,769.73,40.0,4.0,200,195.07,170.89,24.18,0.8,0.86,0.0,0.86,98.47,71.84,357.29,126.78,38.7,522.77,2.68,Rechazado / Reproceso,Manjar Tradicional 250g,Familiar,0.25,3.8,Línea 1 - Marmitas 500L,250,Noche (22:00 - 06:00)
LOT-202603-0370,2026-03-12,PROD001,LIN001,TUR002,749.71,40.0,4.0,200,197.1,190.85,6.25,0.8,0.79,0.0,0.79,98.15,60.13,348.88,125.0,35.55,509.43,2.58,Aprobado con Observaciones,Manjar Tradicional 250g,Familiar,0.25,3.8,Línea 1 - Marmitas 500L,250,Tarde (14:00 - 22:00)
LOT-202603-0371,2026-03-12,PROD004,LIN002,TUR001,2131.63,100.0,10.0,500,491.84,481.88,9.96,1.0,1.02,0.0,1.02,265.21,145.96,980.28,335.77,76.5,1392.55,2.83,Aprobado A1,Manjar Repostero 1kg,Industrial/Repostería,1.0,4.1,Línea 2 - Marmitas 1000L,500,Mañana (06:00 - 14:00)
LOT-202603-0372,2026-03-12,PROD004,LIN002,TUR002,2490.28,120.0,12.0,600,582.32,572.98,9.34,1.2,1.26,0.0,1.26,296.03,195.8,1147.92,378.73,94.5,1621.15,2.78,Aprobado A1,Manjar Repostero 1kg,Industrial/Repostería,1.0,4.1,Línea 2 - Marmitas 1000L,500,Tarde (14:00 - 22:00)
LOT-202603-0373,2026-03-12,PROD005,LIN003,TUR002,3559.92,160.0,16.0,800,783.04,754.92,28.12,1.0,0.95,0.84,1.79,421.82,275.87,1631.17,539.29,196.9,2367.36,3.02,Aprobado con Observaciones,Manjar Alfajorero 5kg,Industrial,5.0,4.3,Línea 3 - Continua 2000L,800,Tarde (14:00 - 22:00)
LOT-202603-0374,2026-03-13,PROD005,LIN001,TUR003,848.96,40.0,4.0,200,196.31,186.11,10.2,0.8,0.8,0.0,0.8,104.49,65.33,390.56,133.23,36.0,559.79,2.85,Rechazado / Reproceso,Manjar Alfajorero 5kg,Industrial,5.0,4.3,Línea 1 - Marmitas 500L,250,Noche (22:00 - 06:00)
LOT-202603-0375,2026-03-13,PROD005,LIN002,TUR002,2635.13,120.0,12.0,600,582.16,571.56,10.6,1.2,1.2,0.0,1.2,270.65,190.86,1208.75,347.68,90.0,1646.43,2.83,Aprobado A1,Manjar Alfajorero 5kg,Industrial,5.0,4.3,Línea 2 - Marmitas 1000L,500,Tarde (14:00 - 22:00)
LOT-202603-0376,2026-03-13,PROD002,LIN002,TUR003,1544.23,80.0,8.0,400,384.74,366.57,18.17,0.8,0.77,0.74,1.51,177.42,115.01,716.58,226.71,113.25,1056.54,2.75,Aprobado con Observaciones,Manjar Tradicional 500g,Familiar,0.5,3.8,Línea 2 - Marmitas 1000L,500,Noche (22:00 - 06:00)
LOT-202603-0377,2026-03-13,PROD002,LIN003,TUR003,3027.49,160.0,16.0,800,761.95,744.48,17.47,1.0,1.0,0.0,1.0,400.59,272.02,1407.55,513.35,110.0,2030.9,2.67,Aprobado A1,Manjar Tradicional 500g,Familiar,0.5,3.8,Línea 3 - Continua 2000L,800,Noche (22:00 - 06:00)
LOT-202603-0378,2026-03-13,PROD004,LIN003,TUR002,2916.63,140.0,14.0,700,690.83,678.91,11.92,0.88,0.91,0.59,1.5,359.02,241.92,1343.98,459.85,165.0,1968.83,2.85,Aprobado A1,Manjar Repostero 1kg,Industrial/Repostería,1.0,4.1,Línea 3 - Continua 2000L,800,Tarde (14:00 - 22:00)
LOT-202603-0379,2026-03-13,PROD005,LIN003,TUR001,3501.39,160.0,16.0,800,774.7,757.56,17.14,1.0,1.02,0.0,1.02,375.93,257.53,1606.58,482.02,112.2,2200.8,2.84,Aprobado A1,Manjar Alfajorero 5kg,Industrial,5.0,4.3,Línea 3 - Continua 2000L,800,Mañana (06:00 - 14:00)
LOT-202603-0380,2026-03-14,PROD003,LIN002,TUR002,2358.12,120.0,12.0,600,597.72,578.27,19.45,1.2,1.17,0.0,1.17,310.77,208.45,1092.41,397.94,87.75,1578.1,2.64,Aprobado con Observaciones,Manjar Tradicional 1kg,Familiar,1.0,3.8,Línea 2 - Marmitas 1000L,500,Tarde (14:00 - 22:00)
LOT-202603-0381,2026-03-14,PROD005,LIN002,TUR001,2563.54,120.0,12.0,600,590.88,581.86,9.02,1.2,1.19,0.24,1.43,288.42,205.64,1178.69,370.78,107.25,1656.72,2.8,Aprobado A1,Manjar Alfajorero 5kg,Industrial,5.0,4.3,Línea 2 - Marmitas 1000L,500,Mañana (06:00 - 14:00)
LOT-202603-0382,2026-03-14,PROD003,LIN002,TUR001,1476.92,80.0,8.0,400,377.39,344.16,33.23,0.8,0.82,0.96,1.78,196.66,129.0,688.31,251.47,133.5,1073.28,2.84,Rechazado / Reproceso,Manjar Tradicional 1kg,Familiar,1.0,3.8,Línea 2 - Marmitas 1000L,500,Mañana (06:00 - 14:00)
LOT-202603-0383,2026-03-14,PROD001,LIN003,TUR003,2627.37,140.0,14.0,700,681.05,661.28,19.77,0.88,0.9,0.22,1.12,331.41,200.78,1222.5,421.79,123.2,1767.49,2.6,Aprobado con Observaciones,Manjar Tradicional 250g,Familiar,0.25,3.8,Línea 3 - Continua 2000L,800,Noche (22:00 - 06:00)
LOT-202603-0384,2026-03-15,PROD001,LIN002,TUR002,1539.34,80.0,8.0,400,381.09,368.27,12.82,0.8,0.77,0.0,0.77,197.11,113.67,714.52,250.17,57.75,1022.44,2.68,Aprobado con Observaciones,Manjar Tradicional 250g,Familiar,0.25,3.8,Línea 2 - Marmitas 1000L,500,Tarde (14:00 - 22:00)
LOT-202603-0385,2026-03-15,PROD001,LIN002,TUR001,2327.72,120.0,12.0,600,594.09,590.76,3.33,1.2,1.2,0.46,1.66,297.78,216.96,1079.64,383.37,124.5,1587.51,2.67,Aprobado A1,Manjar Tradicional 250g,Familiar,0.25,3.8,Línea 2 - Marmitas 1000L,500,Mañana (06:00 - 14:00)
LOT-202603-0386,2026-03-15,PROD004,LIN003,TUR003,2892.41,140.0,14.0,700,647.12,624.91,22.21,0.88,0.84,0.0,0.84,302.37,215.34,1333.81,388.68,92.4,1814.89,2.8,Aprobado con Observaciones,Manjar Repostero 1kg,Industrial/Repostería,1.0,4.1,Línea 3 - Continua 2000L,800,Noche (22:00 - 06:00)
LOT-202603-0387,2026-03-15,PROD003,LIN003,TUR001,3110.62,160.0,16.0,800,769.37,754.44,14.93,1.0,1.06,0.8,1.86,392.86,268.38,1442.46,503.64,204.6,2150.7,2.8,Aprobado A1,Manjar Tradicional 1kg,Familiar,1.0,3.8,Línea 3 - Continua 2000L,800,Mañana (06:00 - 14:00)
LOT-202603-0388,2026-03-16,PROD001,LIN001,TUR003,1124.83,60.0,6.0,300,290.49,267.29,23.2,1.2,1.15,0.0,1.15,134.01,92.13,523.43,171.87,51.75,747.05,2.57,Rechazado / Reproceso,Manjar Tradicional 250g,Familiar,0.25,3.8,Línea 1 - Marmitas 500L,250,Noche (22:00 - 06:00)
LOT-202603-0389,2026-03-16,PROD001,LIN002,TUR002,1496.92,80.0,8.0,400,393.12,379.88,13.24,0.8,0.84,0.0,0.84,183.1,137.13,696.71,236.18,63.0,995.89,2.53,Aprobado con Observaciones,Manjar Tradicional 250g,Familiar,0.25,3.8,Línea 2 - Marmitas 1000L,500,Tarde (14:00 - 22:00)
LOT-202603-0390,2026-03-16,PROD004,LIN002,TUR003,1644.9,80.0,8.0,400,400.76,397.43,3.33,0.8,0.81,0.44,1.25,189.82,135.17,758.86,244.0,93.75,1096.61,2.74,Aprobado A1,Manjar Repostero 1kg,Industrial/Repostería,1.0,4.1,Línea 2 - Marmitas 1000L,500,Noche (22:00 - 06:00)
LOT-202603-0391,2026-03-16,PROD001,LIN002,TUR001,1922.13,100.0,10.0,500,490.39,486.01,4.38,1.0,1.02,0.0,1.02,230.32,169.05,892.29,296.67,76.5,1265.46,2.58,Aprobado A1,Manjar Tradicional 250g,Familiar,0.25,3.8,Línea 2 - Marmitas 1000L,500,Mañana (06:00 - 14:00)
LOT-202603-0392,2026-03-16,PROD002,LIN003,TUR001,3732.14,200.0,20.0,1000,939.48,915.0,24.48,1.25,1.34,0.38,1.72,439.67,336.14,1737.5,567.94,189.2,2494.64,2.66,Aprobado con Observaciones,Manjar Tradicional 500g,Familiar,0.5,3.8,Línea 3 - Continua 2000L,800,Mañana (06:00 - 14:00)
LOT-202603-0393,2026-03-16,PROD005,LIN003,TUR002,2922.99,140.0,14.0,700,681.84,676.09,5.75,0.88,0.86,0.0,0.86,351.41,208.98,1346.66,446.77,94.6,1888.03,2.77,Aprobado A1,Manjar Alfajorero 5kg,Industrial,5.0,4.3,Línea 3 - Continua 2000L,800,Tarde (14:00 - 22:00)
LOT-202603-0394,2026-03-17,PROD004,LIN001,TUR002,849.25,40.0,4.0,200,196.11,194.91,1.2,0.8,0.78,0.0,0.78,95.67,56.94,390.69,121.64,35.1,547.43,2.79,Aprobado A1,Manjar Repostero 1kg,Industrial/Repostería,1.0,4.1,Línea 1 - Marmitas 500L,250,Tarde (14:00 - 22:00)
LOT-202603-0395,2026-03-17,PROD002,LIN001,TUR001,789.69,40.0,4.0,200,202.07,191.77,10.3,0.8,0.78,0.2,0.98,104.03,74.26,365.67,133.75,44.1,543.52,2.69,Rechazado / Reproceso,Manjar Tradicional 500g,Familiar,0.5,3.8,Línea 1 - Marmitas 500L,250,Mañana (06:00 - 14:00)
LOT-202603-0396,2026-03-17,PROD004,LIN001,TUR002,804.57,40.0,4.0,200,200.48,198.74,1.74,0.8,0.77,0.0,0.77,99.49,59.81,371.92,126.57,34.65,533.14,2.66,Aprobado A1,Manjar Repostero 1kg,Industrial/Repostería,1.0,4.1,Línea 1 - Marmitas 500L,250,Tarde (14:00 - 22:00)
LOT-202603-0397,2026-03-17,PROD002,LIN002,TUR001,1526.01,80.0,8.0,400,378.56,358.1,20.46,0.8,0.78,0.0,0.78,184.01,112.75,708.92,234.34,58.5,1001.76,2.65,Rechazado / Reproceso,Manjar Tradicional 500g,Familiar,0.5,3.8,Línea 2 - Marmitas 1000L,500,Mañana (06:00 - 14:00)
LOT-202603-0398,2026-03-17,PROD004,LIN002,TUR001,2116.41,100.0,10.0,500,470.5,448.07,22.43,1.0,1.05,0.0,1.05,230.49,153.67,973.89,295.03,78.75,1347.67,2.86,Aprobado con Observaciones,Manjar Repostero 1kg,Industrial/Repostería,1.0,4.1,Línea 2 - Marmitas 1000L,500,Mañana (06:00 - 14:00)
LOT-202603-0399,2026-03-17,PROD002,LIN002,TUR003,1972.75,100.0,10.0,500,477.42,472.21,5.21,1.0,1.0,0.48,1.48,249.77,162.82,913.55,319.26,111.0,1343.81,2.81,Aprobado A1,Manjar Tradicional 500g,Familiar,0.5,3.8,Línea 2 - Marmitas 1000L,500,Noche (22:00 - 06:00)
LOT-202603-0400,2026-03-17,PROD005,LIN003,TUR003,2937.92,140.0,14.0,700,697.26,672.0,25.26,0.88,0.85,0.84,1.69,334.56,226.43,1352.93,428.64,185.9,1967.47,2.82,Aprobado con Observaciones,Manjar Alfajorero 5kg,Industrial,5.0,4.3,Línea 3 - Continua 2000L,800,Noche (22:00 - 06:00)
LOT-202603-0401,2026-03-18,PROD002,LIN001,TUR003,759.43,40.0,4.0,200,187.26,179.68,7.58,0.8,0.85,0.0,0.85,93.56,55.55,352.96,118.94,38.25,510.15,2.72,Aprobado con Observaciones,Manjar Tradicional 500g,Familiar,0.5,3.8,Línea 1 - Marmitas 500L,250,Noche (22:00 - 06:00)
LOT-202603-0402,2026-03-18,PROD001,LIN001,TUR003,1138.25,60.0,6.0,300,286.85,279.41,7.44,1.2,1.2,0.0,1.2,145.34,105.59,529.07,187.08,54.0,770.15,2.68,Aprobado con Observaciones,Manjar Tradicional 250g,Familiar,0.25,3.8,Línea 1 - Marmitas 500L,250,Noche (22:00 - 06:00)
LOT-202603-0403,2026-03-18,PROD004,LIN001,TUR001,1228.0,60.0,6.0,300,297.3,289.24,8.06,1.2,1.21,1.0,2.21,143.81,104.12,566.76,185.07,99.45,851.28,2.86,Aprobado con Observaciones,Manjar Repostero 1kg,Industrial/Repostería,1.0,4.1,Línea 1 - Marmitas 500L,250,Mañana (06:00 - 14:00)
LOT-202603-0404,2026-03-18,PROD005,LIN002,TUR003,1763.24,80.0,8.0,400,376.82,322.34,54.48,0.8,0.77,0.0,0.77,176.68,120.3,808.56,226.45,57.75,1092.76,2.9,Rechazado / Reproceso,Manjar Alfajorero 5kg,Industrial,5.0,4.3,Línea 2 - Marmitas 1000L,500,Noche (22:00 - 06:00)
LOT-202603-0405,2026-03-18,PROD005,LIN002,TUR001,2140.65,100.0,10.0,500,491.24,464.12,27.12,1.0,1.01,0.0,1.01,251.48,171.44,984.07,322.35,75.75,1382.17,2.81,Rechazado / Reproceso,Manjar Alfajorero 5kg,Industrial,5.0,4.3,Línea 2 - Marmitas 1000L,500,Mañana (06:00 - 14:00)
LOT-202603-0406,2026-03-18,PROD005,LIN002,TUR003,1759.08,80.0,8.0,400,395.63,385.65,9.98,0.8,0.81,0.5,1.31,198.66,118.62,806.81,252.63,98.25,1157.69,2.93,Aprobado con Observaciones,Manjar Alfajorero 5kg,Industrial,5.0,4.3,Línea 2 - Marmitas 1000L,500,Noche (22:00 - 06:00)
LOT-202603-0407,2026-03-18,PROD005,LIN003,TUR002,3486.33,160.0,16.0,800,793.37,784.97,8.4,1.0,1.06,0.41,1.47,374.5,243.04,1600.26,478.56,161.7,2240.52,2.82,Aprobado A1,Manjar Alfajorero 5kg,Industrial,5.0,4.3,Línea 3 - Continua 2000L,800,Tarde (14:00 - 22:00)
LOT-202603-0408,2026-03-18,PROD001,LIN003,TUR002,3155.13,160.0,16.0,800,781.6,770.96,10.64,1.0,0.97,0.21,1.18,392.03,247.67,1461.15,500.16,129.8,2091.11,2.68,Aprobado A1,Manjar Tradicional 250g,Familiar,0.25,3.8,Línea 3 - Continua 2000L,800,Tarde (14:00 - 22:00)
LOT-202603-0409,2026-03-18,PROD005,LIN003,TUR002,4365.46,200.0,20.0,1000,964.25,925.34,38.91,1.25,1.31,0.28,1.59,463.61,316.99,2003.49,594.37,174.9,2772.76,2.88,Aprobado con Observaciones,Manjar Alfajorero 5kg,Industrial,5.0,4.3,Línea 3 - Continua 2000L,800,Tarde (14:00 - 22:00)
LOT-202603-0410,2026-03-19,PROD002,LIN002,TUR002,1903.64,100.0,10.0,500,475.8,466.5,9.3,1.0,1.05,0.0,1.05,227.92,139.55,884.53,290.25,78.75,1253.53,2.63,Aprobado A1,Manjar Tradicional 500g,Familiar,0.5,3.8,Línea 2 - Marmitas 1000L,500,Tarde (14:00 - 22:00)
LOT-202603-0411,2026-03-19,PROD004,LIN003,TUR002,3223.96,160.0,16.0,800,782.48,777.62,4.86,1.0,1.05,0.0,1.05,378.82,284.54,1490.06,488.73,115.5,2094.29,2.68,Aprobado A1,Manjar Repostero 1kg,Industrial/Repostería,1.0,4.1,Línea 3 - Continua 2000L,800,Tarde (14:00 - 22:00)
LOT-202603-0412,2026-03-20,PROD002,LIN001,TUR002,931.88,50.0,5.0,250,252.27,242.13,10.14,1.0,0.96,0.0,0.96,131.26,93.22,433.89,168.7,43.2,645.79,2.56,Aprobado con Observaciones,Manjar Tradicional 500g,Familiar,0.5,3.8,Línea 1 - Marmitas 500L,250,Tarde (14:00 - 22:00)
LOT-202603-0413,2026-03-20,PROD002,LIN001,TUR003,1178.17,60.0,6.0,300,291.45,274.42,17.03,1.2,1.16,0.0,1.16,144.47,86.68,545.83,183.77,52.2,781.8,2.68,Rechazado / Reproceso,Manjar Tradicional 500g,Familiar,0.5,3.8,Línea 1 - Marmitas 500L,250,Noche (22:00 - 06:00)
LOT-202603-0414,2026-03-20,PROD002,LIN002,TUR003,2247.05,120.0,12.0,600,602.37,578.82,23.55,1.2,1.26,0.0,1.26,292.4,203.85,1045.76,375.34,94.5,1515.6,2.52,Aprobado con Observaciones,Manjar Tradicional 500g,Familiar,0.5,3.8,Línea 2 - Marmitas 1000L,500,Noche (22:00 - 06:00)
LOT-202603-0415,2026-03-20,PROD001,LIN002,TUR003,1895.88,100.0,10.0,500,493.15,475.71,17.44,1.0,1.05,0.0,1.05,261.87,172.27,881.27,334.92,78.75,1294.94,2.63,Aprobado con Observaciones,Manjar Tradicional 250g,Familiar,0.25,3.8,Línea 2 - Marmitas 1000L,500,Noche (22:00 - 06:00)
LOT-202603-0416,2026-03-20,PROD004,LIN002,TUR002,2012.0,100.0,10.0,500,493.51,478.46,15.05,1.0,0.95,1.09,2.04,229.62,181.02,930.04,297.27,153.0,1380.31,2.8,Aprobado con Observaciones,Manjar Repostero 1kg,Industrial/Repostería,1.0,4.1,Línea 2 - Marmitas 1000L,500,Tarde (14:00 - 22:00)
LOT-202603-0417,2026-03-20,PROD001,LIN003,TUR002,3929.23,200.0,20.0,1000,969.87,931.98,37.89,1.25,1.26,0.51,1.77,509.98,304.69,1820.28,648.54,194.7,2663.52,2.75,Aprobado con Observaciones,Manjar Tradicional 250g,Familiar,0.25,3.8,Línea 3 - Continua 2000L,800,Tarde (14:00 - 22:00)
LOT-202603-0418,2026-03-21,PROD005,LIN001,TUR003,1059.65,50.0,5.0,250,247.78,244.33,3.45,1.0,1.02,0.78,1.8,123.73,85.49,487.55,158.73,81.0,727.28,2.94,Aprobado A1,Manjar Alfajorero 5kg,Industrial,5.0,4.3,Línea 1 - Marmitas 500L,250,Noche (22:00 - 06:00)
LOT-202603-0419,2026-03-21,PROD002,LIN001,TUR001,777.88,40.0,4.0,200,194.88,189.28,5.6,0.8,0.76,0.0,0.76,102.4,62.33,360.71,130.36,34.2,525.27,2.7,Aprobado con Observaciones,Manjar Tradicional 500g,Familiar,0.5,3.8,Línea 1 - Marmitas 500L,250,Mañana (06:00 - 14:00)
LOT-202603-0420,2026-03-21,PROD003,LIN002,TUR001,2220.94,120.0,12.0,600,578.28,569.12,9.16,1.2,1.24,0.0,1.24,290.51,211.02,1034.79,373.93,93.0,1501.72,2.6,Aprobado A1,Manjar Tradicional 1kg,Familiar,1.0,3.8,Línea 2 - Marmitas 1000L,500,Mañana (06:00 - 14:00)
LOT-202603-0421,2026-03-21,PROD002,LIN003,TUR001,3886.2,200.0,20.0,1000,977.12,878.49,98.63,1.25,1.23,0.0,1.23,456.97,328.71,1802.2,587.81,135.3,2525.31,2.58,Rechazado / Reproceso,Manjar Tradicional 500g,Familiar,0.5,3.8,Línea 3 - Continua 2000L,800,Mañana (06:00 - 14:00)
LOT-202603-0422,2026-03-21,PROD002,LIN003,TUR001,2676.68,140.0,14.0,700,677.12,647.45,29.67,0.88,0.87,1.0,1.87,363.07,242.2,1243.21,464.75,205.7,1913.66,2.83,Aprobado con Observaciones,Manjar Tradicional 500g,Familiar,0.5,3.8,Línea 3 - Continua 2000L,800,Mañana (06:00 - 14:00)
LOT-202603-0423,2026-03-21,PROD005,LIN003,TUR003,3007.63,140.0,14.0,700,701.17,693.23,7.94,0.88,0.84,0.0,0.84,351.88,257.76,1382.2,453.19,92.4,1927.79,2.75,Aprobado A1,Manjar Alfajorero 5kg,Industrial,5.0,4.3,Línea 3 - Continua 2000L,800,Noche (22:00 - 06:00)
LOT-202603-0424,2026-03-22,PROD001,LIN001,TUR003,749.03,40.0,4.0,200,199.21,195.83,3.38,0.8,0.85,0.81,1.66,103.98,69.84,348.59,133.16,74.7,556.45,2.79,Aprobado A1,Manjar Tradicional 250g,Familiar,0.25,3.8,Línea 1 - Marmitas 500L,250,Noche (22:00 - 06:00)
LOT-202603-0425,2026-03-22,PROD001,LIN001,TUR001,738.94,40.0,4.0,200,196.62,186.53,10.09,0.8,0.84,0.27,1.11,104.62,59.93,344.35,132.74,49.95,527.04,2.68,Rechazado / Reproceso,Manjar Tradicional 250g,Familiar,0.25,3.8,Línea 1 - Marmitas 500L,250,Mañana (06:00 - 14:00)
LOT-202603-0426,2026-03-22,PROD002,LIN002,TUR003,1969.19,100.0,10.0,500,482.84,476.2,6.64,1.0,1.06,0.0,1.06,244.44,140.56,912.06,310.2,79.5,1301.76,2.7,Aprobado A1,Manjar Tradicional 500g,Familiar,0.5,3.8,Línea 2 - Marmitas 1000L,500,Noche (22:00 - 06:00)
LOT-202603-0427,2026-03-22,PROD003,LIN003,TUR001,3687.15,200.0,20.0,1000,986.85,863.95,122.9,1.25,1.31,0.0,1.31,507.12,294.66,1718.6,643.9,144.1,2506.6,2.54,Rechazado / Reproceso,Manjar Tradicional 1kg,Familiar,1.0,3.8,Línea 3 - Continua 2000L,800,Mañana (06:00 - 14:00)
LOT-202603-0428,2026-03-23,PROD004,LIN001,TUR001,1212.69,60.0,6.0,300,283.81,280.82,2.99,1.2,1.28,0.0,1.28,138.0,84.93,560.33,175.79,57.6,793.72,2.8,Aprobado A1,Manjar Repostero 1kg,Industrial/Repostería,1.0,4.1,Línea 1 - Marmitas 500L,250,Mañana (06:00 - 14:00)
LOT-202603-0429,2026-03-23,PROD003,LIN001,TUR002,1164.55,60.0,6.0,300,295.39,285.91,9.48,1.2,1.17,0.0,1.17,158.07,94.35,540.11,201.01,52.65,793.77,2.69,Aprobado con Observaciones,Manjar Tradicional 1kg,Familiar,1.0,3.8,Línea 1 - Marmitas 500L,250,Tarde (14:00 - 22:00)
LOT-202603-0430,2026-03-23,PROD004,LIN002,TUR003,1636.3,80.0,8.0,400,390.4,366.94,23.46,0.8,0.79,0.0,0.79,207.46,118.49,755.25,263.17,59.25,1077.67,2.76,Rechazado / Reproceso,Manjar Repostero 1kg,Industrial/Repostería,1.0,4.1,Línea 2 - Marmitas 1000L,500,Noche (22:00 - 06:00)
LOT-202603-0431,2026-03-23,PROD003,LIN002,TUR001,1869.64,100.0,10.0,500,497.51,481.63,15.88,1.0,0.98,0.0,0.98,252.48,174.38,870.25,323.9,73.5,1267.65,2.55,Aprobado con Observaciones,Manjar Tradicional 1kg,Familiar,1.0,3.8,Línea 2 - Marmitas 1000L,500,Mañana (06:00 - 14:00)
LOT-202603-0432,2026-03-23,PROD004,LIN002,TUR002,2084.17,100.0,10.0,500,502.94,494.19,8.75,1.0,1.06,1.05,2.11,233.48,148.6,960.35,298.01,158.25,1416.61,2.82,Aprobado A1,Manjar Repostero 1kg,Industrial/Repostería,1.0,4.1,Línea 2 - Marmitas 1000L,500,Tarde (14:00 - 22:00)
LOT-202603-0433,2026-03-23,PROD004,LIN003,TUR003,4070.84,200.0,20.0,1000,962.62,916.77,45.85,1.25,1.27,0.0,1.27,465.41,317.5,1879.75,596.59,139.7,2616.04,2.72,Aprobado con Observaciones,Manjar Repostero 1kg,Industrial/Repostería,1.0,4.1,Línea 3 - Continua 2000L,800,Noche (22:00 - 06:00)
LOT-202603-0434,2026-03-24,PROD003,LIN001,TUR003,1107.21,60.0,6.0,300,296.78,293.68,3.1,1.2,1.16,0.32,1.48,143.71,102.83,516.03,184.79,66.6,767.42,2.59,Aprobado A1,Manjar Tradicional 1kg,Familiar,1.0,3.8,Línea 1 - Marmitas 500L,250,Noche (22:00 - 06:00)
LOT-202603-0435,2026-03-24,PROD004,LIN001,TUR002,813.34,40.0,4.0,200,193.66,179.46,14.2,0.8,0.81,0.0,0.81,97.79,58.58,375.6,124.38,36.45,536.43,2.77,Rechazado / Reproceso,Manjar Repostero 1kg,Industrial/Repostería,1.0,4.1,Línea 1 - Marmitas 500L,250,Tarde (14:00 - 22:00)
LOT-202603-0436,2026-03-24,PROD001,LIN001,TUR002,954.4,50.0,5.0,250,252.3,241.51,10.79,1.0,1.07,0.0,1.07,134.05,80.05,443.35,170.47,48.15,661.97,2.62,Aprobado con Observaciones,Manjar Tradicional 250g,Familiar,0.25,3.8,Línea 1 - Marmitas 500L,250,Tarde (14:00 - 22:00)
LOT-202603-0437,2026-03-24,PROD003,LIN002,TUR002,1850.51,100.0,10.0,500,479.14,467.15,11.99,1.0,1.06,0.0,1.06,226.91,159.59,862.21,291.44,79.5,1233.15,2.57,Aprobado con Observaciones,Manjar Tradicional 1kg,Familiar,1.0,3.8,Línea 2 - Marmitas 1000L,500,Tarde (14:00 - 22:00)
LOT-202603-0438,2026-03-24,PROD001,LIN002,TUR002,2349.39,120.0,12.0,600,587.03,549.92,37.11,1.2,1.27,0.0,1.27,301.74,186.02,1088.74,384.41,95.25,1568.4,2.67,Rechazado / Reproceso,Manjar Tradicional 250g,Familiar,0.25,3.8,Línea 2 - Marmitas 1000L,500,Tarde (14:00 - 22:00)
LOT-202603-0439,2026-03-24,PROD003,LIN003,TUR001,3765.67,200.0,20.0,1000,1008.94,993.85,15.09,1.25,1.28,0.43,1.71,482.34,352.55,1751.58,621.11,188.1,2560.79,2.54,Aprobado A1,Manjar Tradicional 1kg,Familiar,1.0,3.8,Línea 3 - Continua 2000L,800,Mañana (06:00 - 14:00)
LOT-202603-0440,2026-03-24,PROD001,LIN003,TUR003,3711.2,200.0,20.0,1000,964.96,956.49,8.47,1.25,1.24,0.0,1.24,467.18,341.91,1728.7,601.65,136.4,2466.75,2.56,Aprobado A1,Manjar Tradicional 250g,Familiar,0.25,3.8,Línea 3 - Continua 2000L,800,Noche (22:00 - 06:00)
LOT-202603-0441,2026-03-24,PROD004,LIN003,TUR003,4066.93,200.0,20.0,1000,969.86,951.01,18.85,1.25,1.24,0.0,1.24,486.19,295.73,1878.11,618.92,136.4,2633.43,2.72,Aprobado A1,Manjar Repostero 1kg,Industrial/Repostería,1.0,4.1,Línea 3 - Continua 2000L,800,Noche (22:00 - 06:00)
LOT-202603-0442,2026-03-25,PROD004,LIN001,TUR002,1238.97,60.0,6.0,300,294.22,272.93,21.29,1.2,1.23,0.0,1.23,138.82,88.87,571.37,177.25,55.35,803.97,2.73,Rechazado / Reproceso,Manjar Repostero 1kg,Industrial/Repostería,1.0,4.1,Línea 1 - Marmitas 500L,250,Tarde (14:00 - 22:00)
LOT-202603-0443,2026-03-25,PROD003,LIN001,TUR002,942.69,50.0,5.0,250,248.48,246.3,2.18,1.0,1.04,0.0,1.04,126.25,80.13,438.43,161.12,46.8,646.35,2.6,Aprobado A1,Manjar Tradicional 1kg,Familiar,1.0,3.8,Línea 1 - Marmitas 500L,250,Tarde (14:00 - 22:00)
LOT-202603-0444,2026-03-25,PROD001,LIN001,TUR001,738.67,40.0,4.0,200,198.3,192.93,5.37,0.8,0.83,0.0,0.83,99.95,67.73,344.24,128.07,37.35,509.66,2.57,Aprobado con Observaciones,Manjar Tradicional 250g,Familiar,0.25,3.8,Línea 1 - Marmitas 500L,250,Mañana (06:00 - 14:00)
LOT-202603-0445,2026-03-25,PROD004,LIN002,TUR001,1689.48,80.0,8.0,400,376.98,362.25,14.73,0.8,0.79,0.0,0.79,176.13,137.77,777.58,227.89,59.25,1064.72,2.82,Aprobado con Observaciones,Manjar Repostero 1kg,Industrial/Repostería,1.0,4.1,Línea 2 - Marmitas 1000L,500,Mañana (06:00 - 14:00)
LOT-202603-0446,2026-03-25,PROD002,LIN002,TUR001,1535.15,80.0,8.0,400,389.91,385.17,4.74,0.8,0.81,0.0,0.81,182.17,131.78,712.76,234.42,60.75,1007.93,2.59,Aprobado A1,Manjar Tradicional 500g,Familiar,0.5,3.8,Línea 2 - Marmitas 1000L,500,Mañana (06:00 - 14:00)
LOT-202603-0447,2026-03-25,PROD003,LIN002,TUR002,2329.26,120.0,12.0,600,595.28,549.05,46.23,1.2,1.25,0.41,1.66,301.9,195.98,1080.29,385.8,124.5,1590.59,2.67,Rechazado / Reproceso,Manjar Tradicional 1kg,Familiar,1.0,3.8,Línea 2 - Marmitas 1000L,500,Tarde (14:00 - 22:00)
LOT-202603-0448,2026-03-25,PROD003,LIN003,TUR003,3049.85,160.0,16.0,800,766.76,746.21,20.55,1.0,1.03,0.0,1.03,392.3,277.89,1416.94,504.11,113.3,2034.35,2.65,Aprobado con Observaciones,Manjar Tradicional 1kg,Familiar,1.0,3.8,Línea 3 - Continua 2000L,800,Noche (22:00 - 06:00)
LOT-202603-0449,2026-03-26,PROD001,LIN001,TUR003,1124.93,60.0,6.0,300,293.28,285.68,7.6,1.2,1.23,0.97,2.2,156.25,94.27,523.47,198.81,99.0,821.28,2.8,Aprobado con Observaciones,Manjar Tradicional 250g,Familiar,0.25,3.8,Línea 1 - Marmitas 500L,250,Noche (22:00 - 06:00)
LOT-202603-0450,2026-03-26,PROD003,LIN001,TUR002,787.01,40.0,4.0,200,197.76,192.23,5.53,0.8,0.82,0.92,1.74,91.51,71.06,364.54,118.34,78.3,561.18,2.84,Aprobado con Observaciones,Manjar Tradicional 1kg,Familiar,1.0,3.8,Línea 1 - Marmitas 500L,250,Tarde (14:00 - 22:00)
LOT-202603-0451,2026-03-26,PROD004,LIN001,TUR002,1228.66,60.0,6.0,300,298.44,281.87,16.57,1.2,1.21,0.0,1.21,145.68,100.92,567.04,186.93,54.45,808.42,2.71,Rechazado / Reproceso,Manjar Repostero 1kg,Industrial/Repostería,1.0,4.1,Línea 1 - Marmitas 500L,250,Tarde (14:00 - 22:00)
LOT-202603-0452,2026-03-26,PROD003,LIN002,TUR002,2215.97,120.0,12.0,600,562.61,536.34,26.27,1.2,1.19,0.0,1.19,272.92,166.86,1032.71,347.53,89.25,1469.49,2.61,Aprobado con Observaciones,Manjar Tradicional 1kg,Familiar,1.0,3.8,Línea 2 - Marmitas 1000L,500,Tarde (14:00 - 22:00)
LOT-202603-0453,2026-03-26,PROD002,LIN002,TUR001,2325.48,120.0,12.0,600,593.71,562.8,30.91,1.2,1.22,0.0,1.22,314.6,178.52,1078.7,398.94,91.5,1569.14,2.64,Rechazado / Reproceso,Manjar Tradicional 500g,Familiar,0.5,3.8,Línea 2 - Marmitas 1000L,500,Mañana (06:00 - 14:00)
LOT-202603-0454,2026-03-26,PROD002,LIN002,TUR003,2343.55,120.0,12.0,600,595.01,582.89,12.12,1.2,1.16,0.0,1.16,284.39,217.68,1086.29,367.39,87.0,1540.68,2.59,Aprobado A1,Manjar Tradicional 500g,Familiar,0.5,3.8,Línea 2 - Marmitas 1000L,500,Noche (22:00 - 06:00)
LOT-202603-0455,2026-03-27,PROD002,LIN001,TUR001,934.68,50.0,5.0,250,246.36,242.39,3.97,1.0,1.06,0.5,1.56,127.49,80.02,435.07,162.59,70.2,667.86,2.71,Aprobado A1,Manjar Tradicional 500g,Familiar,0.5,3.8,Línea 1 - Marmitas 500L,250,Mañana (06:00 - 14:00)
LOT-202603-0456,2026-03-27,PROD004,LIN001,TUR003,1002.75,50.0,5.0,250,246.54,242.83,3.71,1.0,1.06,0.0,1.06,130.3,83.33,463.65,166.36,47.7,677.71,2.75,Aprobado A1,Manjar Repostero 1kg,Industrial/Repostería,1.0,4.1,Línea 1 - Marmitas 500L,250,Noche (22:00 - 06:00)
LOT-202603-0457,2026-03-27,PROD003,LIN001,TUR003,1120.91,60.0,6.0,300,285.87,276.33,9.54,1.2,1.15,0.6,1.75,140.59,87.76,521.78,179.24,78.75,779.77,2.73,Aprobado con Observaciones,Manjar Tradicional 1kg,Familiar,1.0,3.8,Línea 1 - Marmitas 500L,250,Noche (22:00 - 06:00)
LOT-202603-0458,2026-03-27,PROD005,LIN002,TUR002,1679.87,80.0,8.0,400,375.51,367.69,7.82,0.8,0.76,0.0,0.76,190.71,131.38,773.55,244.62,57.0,1075.17,2.86,Aprobado A1,Manjar Alfajorero 5kg,Industrial,5.0,4.3,Línea 2 - Marmitas 1000L,500,Tarde (14:00 - 22:00)
LOT-202603-0459,2026-03-27,PROD001,LIN002,TUR001,1910.1,100.0,10.0,500,483.9,476.36,7.54,1.0,1.01,0.0,1.01,226.06,167.83,887.24,291.41,75.75,1254.4,2.59,Aprobado A1,Manjar Tradicional 250g,Familiar,0.25,3.8,Línea 2 - Marmitas 1000L,500,Mañana (06:00 - 14:00)
LOT-202603-0460,2026-03-27,PROD001,LIN003,TUR002,2762.4,140.0,14.0,700,682.31,665.99,16.32,0.88,0.9,0.0,0.9,322.87,238.09,1279.21,416.01,99.0,1794.22,2.63,Aprobado A1,Manjar Tradicional 250g,Familiar,0.25,3.8,Línea 3 - Continua 2000L,800,Tarde (14:00 - 22:00)
LOT-202603-0461,2026-03-27,PROD004,LIN003,TUR001,4221.82,200.0,20.0,1000,982.98,970.01,12.97,1.25,1.2,0.0,1.2,455.38,313.1,1943.16,584.03,132.0,2659.19,2.71,Aprobado A1,Manjar Repostero 1kg,Industrial/Repostería,1.0,4.1,Línea 3 - Continua 2000L,800,Mañana (06:00 - 14:00)
LOT-202603-0462,2026-03-28,PROD004,LIN001,TUR002,843.95,40.0,4.0,200,199.38,197.27,2.11,0.8,0.8,0.63,1.43,102.29,61.21,388.46,130.09,64.35,582.9,2.92,Aprobado A1,Manjar Repostero 1kg,Industrial/Repostería,1.0,4.1,Línea 1 - Marmitas 500L,250,Tarde (14:00 - 22:00)
LOT-202603-0463,2026-03-28,PROD001,LIN001,TUR003,1120.21,60.0,6.0,300,300.65,292.94,7.71,1.2,1.23,1.08,2.31,152.5,110.07,521.49,196.21,103.95,821.65,2.73,Aprobado con Observaciones,Manjar Tradicional 250g,Familiar,0.25,3.8,Línea 1 - Marmitas 500L,250,Noche (22:00 - 06:00)
LOT-202603-0464,2026-03-28,PROD001,LIN002,TUR001,1953.48,100.0,10.0,500,491.55,475.11,16.44,1.0,0.99,0.0,0.99,263.51,155.33,905.46,334.85,74.25,1314.56,2.67,Aprobado con Observaciones,Manjar Tradicional 250g,Familiar,0.25,3.8,Línea 2 - Marmitas 1000L,500,Mañana (06:00 - 14:00)
LOT-202603-0465,2026-03-28,PROD005,LIN003,TUR001,3101.59,140.0,14.0,700,694.28,679.99,14.29,0.88,0.94,0.0,0.94,333.54,214.68,1421.67,426.01,103.4,1951.08,2.81,Aprobado A1,Manjar Alfajorero 5kg,Industrial,5.0,4.3,Línea 3 - Continua 2000L,800,Mañana (06:00 - 14:00)
LOT-202603-0466,2026-03-28,PROD004,LIN003,TUR001,2955.14,140.0,14.0,700,665.89,619.92,45.97,0.88,0.86,0.62,1.48,355.41,241.25,1360.16,455.44,162.8,1978.4,2.97,Rechazado / Reproceso,Manjar Repostero 1kg,Industrial/Repostería,1.0,4.1,Línea 3 - Continua 2000L,800,Mañana (06:00 - 14:00)
LOT-202603-0467,2026-03-28,PROD005,LIN003,TUR001,3497.06,160.0,16.0,800,795.26,769.46,25.8,1.0,1.02,0.0,1.02,413.95,282.22,1604.77,530.61,112.2,2247.58,2.83,Aprobado con Observaciones,Manjar Alfajorero 5kg,Industrial,5.0,4.3,Línea 3 - Continua 2000L,800,Mañana (06:00 - 14:00)
LOT-202603-0468,2026-03-29,PROD004,LIN001,TUR001,824.87,40.0,4.0,200,201.93,191.25,10.68,0.8,0.79,0.0,0.79,94.24,66.12,380.45,121.02,35.55,537.02,2.66,Rechazado / Reproceso,Manjar Repostero 1kg,Industrial/Repostería,1.0,4.1,Línea 1 - Marmitas 500L,250,Mañana (06:00 - 14:00)
LOT-202603-0469,2026-03-29,PROD001,LIN001,TUR002,931.38,50.0,5.0,250,236.92,207.17,29.75,1.0,1.01,0.22,1.23,118.66,76.54,433.68,151.58,55.35,640.61,2.7,Rechazado / Reproceso,Manjar Tradicional 250g,Familiar,0.25,3.8,Línea 1 - Marmitas 500L,250,Tarde (14:00 - 22:00)
LOT-202603-0470,2026-03-29,PROD005,LIN002,TUR002,2123.86,100.0,10.0,500,471.07,453.96,17.11,1.0,1.02,0.52,1.54,243.24,148.44,977.02,309.7,115.5,1402.22,2.98,Aprobado con Observaciones,Manjar Alfajorero 5kg,Industrial,5.0,4.3,Línea 2 - Marmitas 1000L,500,Tarde (14:00 - 22:00)
LOT-202603-0471,2026-03-29,PROD004,LIN002,TUR003,2078.02,100.0,10.0,500,479.94,472.68,7.26,1.0,1.06,0.0,1.06,241.29,139.41,957.77,306.28,79.5,1343.55,2.8,Aprobado A1,Manjar Repostero 1kg,Industrial/Repostería,1.0,4.1,Línea 2 - Marmitas 1000L,500,Noche (22:00 - 06:00)
LOT-202603-0472,2026-03-29,PROD001,LIN002,TUR001,1544.18,80.0,8.0,400,389.02,378.14,10.88,0.8,0.82,0.92,1.74,199.92,134.3,716.56,256.02,130.5,1103.08,2.84,Aprobado con Observaciones,Manjar Tradicional 250g,Familiar,0.25,3.8,Línea 2 - Marmitas 1000L,500,Mañana (06:00 - 14:00)
LOT-202603-0473,2026-03-29,PROD001,LIN003,TUR001,2582.78,140.0,14.0,700,662.14,658.83,3.31,0.88,0.87,0.0,0.87,327.67,225.18,1203.77,420.23,95.7,1719.7,2.6,Aprobado A1,Manjar Tradicional 250g,Familiar,0.25,3.8,Línea 3 - Continua 2000L,800,Mañana (06:00 - 14:00)
LOT-202603-0474,2026-03-29,PROD005,LIN003,TUR001,2983.1,140.0,14.0,700,680.91,652.03,28.88,0.88,0.84,0.0,0.84,338.9,244.3,1371.9,436.0,92.4,1900.3,2.79,Aprobado con Observaciones,Manjar Alfajorero 5kg,Industrial,5.0,4.3,Línea 3 - Continua 2000L,800,Mañana (06:00 - 14:00)
LOT-202603-0475,2026-03-30,PROD003,LIN001,TUR003,924.89,50.0,5.0,250,231.72,223.47,8.25,1.0,1.0,0.0,1.0,116.87,72.59,430.95,148.95,45.0,624.9,2.7,Aprobado con Observaciones,Manjar Tradicional 1kg,Familiar,1.0,3.8,Línea 1 - Marmitas 500L,250,Noche (22:00 - 06:00)
LOT-202603-0476,2026-03-30,PROD005,LIN002,TUR003,2613.04,120.0,12.0,600,590.49,543.51,46.98,1.2,1.24,0.0,1.24,274.63,213.42,1199.48,355.17,93.0,1647.65,2.79,Rechazado / Reproceso,Manjar Alfajorero 5kg,Industrial,5.0,4.3,Línea 2 - Marmitas 1000L,500,Noche (22:00 - 06:00)
LOT-202603-0477,2026-03-30,PROD004,LIN002,TUR002,1647.6,80.0,8.0,400,401.75,389.27,12.48,0.8,0.82,0.36,1.18,204.16,143.58,759.99,262.22,88.5,1110.71,2.76,Aprobado con Observaciones,Manjar Repostero 1kg,Industrial/Repostería,1.0,4.1,Línea 2 - Marmitas 1000L,500,Tarde (14:00 - 22:00)
LOT-202603-0478,2026-03-30,PROD003,LIN003,TUR003,3789.84,200.0,20.0,1000,970.01,939.15,30.86,1.25,1.31,0.61,1.92,493.21,289.13,1761.73,626.55,211.2,2599.48,2.68,Aprobado con Observaciones,Manjar Tradicional 1kg,Familiar,1.0,3.8,Línea 3 - Continua 2000L,800,Noche (22:00 - 06:00)
LOT-202603-0479,2026-03-31,PROD003,LIN001,TUR001,766.82,40.0,4.0,200,203.66,198.39,5.27,0.8,0.81,0.0,0.81,106.83,64.56,356.06,135.94,36.45,528.45,2.59,Aprobado con Observaciones,Manjar Tradicional 1kg,Familiar,1.0,3.8,Línea 1 - Marmitas 500L,250,Mañana (06:00 - 14:00)
LOT-202603-0480,2026-03-31,PROD001,LIN001,TUR003,743.62,40.0,4.0,200,191.33,187.02,4.31,0.8,0.83,0.0,0.83,90.33,66.05,346.32,116.32,37.35,499.99,2.61,Aprobado A1,Manjar Tradicional 250g,Familiar,0.25,3.8,Línea 1 - Marmitas 500L,250,Noche (22:00 - 06:00)
LOT-202603-0481,2026-03-31,PROD001,LIN002,TUR003,1572.99,80.0,8.0,400,388.5,371.9,16.6,0.8,0.78,0.0,0.78,208.15,138.26,728.66,266.37,58.5,1053.53,2.71,Aprobado con Observaciones,Manjar Tradicional 250g,Familiar,0.25,3.8,Línea 2 - Marmitas 1000L,500,Noche (22:00 - 06:00)
LOT-202603-0482,2026-03-31,PROD001,LIN002,TUR003,1492.17,80.0,8.0,400,378.65,372.47,6.18,0.8,0.81,0.0,0.81,200.55,114.48,694.71,254.4,60.75,1009.86,2.67,Aprobado A1,Manjar Tradicional 250g,Familiar,0.25,3.8,Línea 2 - Marmitas 1000L,500,Noche (22:00 - 06:00)
LOT-202603-0483,2026-03-31,PROD003,LIN002,TUR002,1487.49,80.0,8.0,400,381.92,380.01,1.91,0.8,0.78,0.4,1.18,186.7,131.07,692.75,239.77,88.5,1021.02,2.67,Aprobado A1,Manjar Tradicional 1kg,Familiar,1.0,3.8,Línea 2 - Marmitas 1000L,500,Tarde (14:00 - 22:00)
LOT-202603-0484,2026-03-31,PROD004,LIN003,TUR001,2944.98,140.0,14.0,700,678.86,660.93,17.93,0.88,0.94,0.0,0.94,320.18,197.41,1355.89,407.91,103.4,1867.2,2.75,Aprobado con Observaciones,Manjar Repostero 1kg,Industrial/Repostería,1.0,4.1,Línea 3 - Continua 2000L,800,Mañana (06:00 - 14:00)
LOT-202603-0485,2026-03-31,PROD005,LIN003,TUR001,2990.98,140.0,14.0,700,678.36,625.45,52.91,0.88,0.93,0.0,0.93,343.23,249.78,1375.21,441.85,102.3,1919.36,2.83,Rechazado / Reproceso,Manjar Alfajorero 5kg,Industrial,5.0,4.3,Línea 3 - Continua 2000L,800,Mañana (06:00 - 14:00)
LOT-202603-0486,2026-03-31,PROD005,LIN003,TUR002,3433.6,160.0,16.0,800,787.42,756.61,30.81,1.0,1.0,0.42,1.42,371.46,253.8,1578.11,476.21,156.2,2210.52,2.81,Aprobado con Observaciones,Manjar Alfajorero 5kg,Industrial,5.0,4.3,Línea 3 - Continua 2000L,800,Tarde (14:00 - 22:00)
LOT-202604-0487,2026-04-01,PROD005,LIN001,TUR003,1291.23,60.0,6.0,300,289.65,267.66,21.99,1.2,1.18,0.66,1.84,150.39,86.92,593.32,190.9,82.8,867.02,2.99,Rechazado / Reproceso,Manjar Alfajorero 5kg,Industrial,5.0,4.3,Línea 1 - Marmitas 500L,250,Noche (22:00 - 06:00)
LOT-202604-0488,2026-04-01,PROD005,LIN001,TUR002,839.79,40.0,4.0,200,195.51,188.6,6.91,0.8,0.82,0.89,1.71,97.84,68.15,386.71,125.59,76.95,589.25,3.01,Aprobado con Observaciones,Manjar Alfajorero 5kg,Industrial,5.0,4.3,Línea 1 - Marmitas 500L,250,Tarde (14:00 - 22:00)
LOT-202604-0489,2026-04-01,PROD003,LIN001,TUR002,1146.3,60.0,6.0,300,284.18,263.47,20.71,1.2,1.17,0.47,1.64,153.21,95.27,532.45,195.28,73.8,801.53,2.82,Rechazado / Reproceso,Manjar Tradicional 1kg,Familiar,1.0,3.8,Línea 1 - Marmitas 500L,250,Tarde (14:00 - 22:00)
LOT-202604-0490,2026-04-01,PROD005,LIN003,TUR001,3408.85,160.0,16.0,800,786.8,706.89,79.91,1.0,1.06,0.0,1.06,394.44,240.29,1567.72,502.16,116.6,2186.48,2.78,Rechazado / Reproceso,Manjar Alfajorero 5kg,Industrial,5.0,4.3,Línea 3 - Continua 2000L,800,Mañana (06:00 - 14:00)
LOT-202604-0491,2026-04-01,PROD003,LIN003,TUR002,2607.49,140.0,14.0,700,679.38,657.3,22.08,0.88,0.89,0.22,1.11,344.49,225.23,1214.15,440.42,122.1,1776.67,2.62,Aprobado con Observaciones,Manjar Tradicional 1kg,Familiar,1.0,3.8,Línea 3 - Continua 2000L,800,Tarde (14:00 - 22:00)
LOT-202604-0492,2026-04-01,PROD004,LIN003,TUR002,4120.16,200.0,20.0,1000,970.4,937.63,32.77,1.25,1.32,0.0,1.32,456.25,336.62,1900.47,587.89,145.2,2633.56,2.71,Aprobado con Observaciones,Manjar Repostero 1kg,Industrial/Repostería,1.0,4.1,Línea 3 - Continua 2000L,800,Tarde (14:00 - 22:00)
LOT-202604-0493,2026-04-02,PROD005,LIN001,TUR003,876.01,40.0,4.0,200,194.45,193.38,1.07,0.8,0.85,0.96,1.81,98.34,57.02,401.92,124.85,81.45,608.22,3.13,Aprobado A1,Manjar Alfajorero 5kg,Industrial,5.0,4.3,Línea 1 - Marmitas 500L,250,Noche (22:00 - 06:00)
LOT-202604-0494,2026-04-02,PROD002,LIN001,TUR001,941.78,50.0,5.0,250,241.85,238.35,3.5,1.0,0.97,0.42,1.39,120.71,72.5,438.05,153.55,62.55,654.15,2.7,Aprobado A1,Manjar Tradicional 500g,Familiar,0.5,3.8,Línea 1 - Marmitas 500L,250,Mañana (06:00 - 14:00)
LOT-202604-0495,2026-04-02,PROD003,LIN001,TUR001,759.41,40.0,4.0,200,195.73,188.02,7.71,0.8,0.8,0.0,0.8,101.97,64.67,352.95,130.12,36.0,519.07,2.65,Aprobado con Observaciones,Manjar Tradicional 1kg,Familiar,1.0,3.8,Línea 1 - Marmitas 500L,250,Mañana (06:00 - 14:00)
LOT-202604-0496,2026-04-02,PROD004,LIN002,TUR001,2442.2,120.0,12.0,600,595.02,557.71,37.31,1.2,1.15,0.0,1.15,316.08,207.59,1127.72,404.21,86.25,1618.18,2.72,Rechazado / Reproceso,Manjar Repostero 1kg,Industrial/Repostería,1.0,4.1,Línea 2 - Marmitas 1000L,500,Mañana (06:00 - 14:00)
LOT-202604-0497,2026-04-02,PROD001,LIN002,TUR001,2215.56,120.0,12.0,600,588.92,547.29,41.63,1.2,1.2,1.06,2.26,273.39,197.65,1032.54,351.79,169.5,1553.83,2.64,Rechazado / Reproceso,Manjar Tradicional 250g,Familiar,0.25,3.8,Línea 2 - Marmitas 1000L,500,Mañana (06:00 - 14:00)
LOT-202604-0498,2026-04-02,PROD005,LIN003,TUR001,3058.39,140.0,14.0,700,683.54,673.08,10.46,0.88,0.9,0.66,1.56,316.89,245.36,1403.52,409.71,171.6,1984.83,2.9,Aprobado A1,Manjar Alfajorero 5kg,Industrial,5.0,4.3,Línea 3 - Continua 2000L,800,Mañana (06:00 - 14:00)
LOT-202604-0499,2026-04-02,PROD001,LIN003,TUR002,2987.21,160.0,16.0,800,745.61,707.57,38.04,1.0,1.04,0.0,1.04,353.88,262.06,1390.63,456.1,114.4,1961.13,2.63,Rechazado / Reproceso,Manjar Tradicional 250g,Familiar,0.25,3.8,Línea 3 - Continua 2000L,800,Tarde (14:00 - 22:00)
LOT-202604-0500,2026-04-03,PROD002,LIN001,TUR001,1182.5,60.0,6.0,300,285.9,263.61,22.29,1.2,1.25,0.0,1.25,153.05,103.48,547.65,196.08,56.25,799.98,2.8,Rechazado / Reproceso,Manjar Tradicional 500g,Familiar,0.5,3.8,Línea 1 - Marmitas 500L,250,Mañana (06:00 - 14:00)
LOT-202604-0501,2026-04-03,PROD001,LIN001,TUR001,777.21,40.0,4.0,200,195.86,188.1,7.76,0.8,0.85,0.59,1.44,90.55,66.73,360.43,116.67,64.8,541.9,2.77,Aprobado con Observaciones,Manjar Tradicional 250g,Familiar,0.25,3.8,Línea 1 - Marmitas 500L,250,Mañana (06:00 - 14:00)
LOT-202604-0502,2026-04-03,PROD005,LIN003,TUR003,2971.6,140.0,14.0,700,684.38,629.13,55.25,0.88,0.92,0.0,0.92,367.81,218.91,1367.07,467.64,101.2,1935.91,2.83,Rechazado / Reproceso,Manjar Alfajorero 5kg,Industrial,5.0,4.3,Línea 3 - Continua 2000L,800,Noche (22:00 - 06:00)
LOT-202604-0503,2026-04-03,PROD002,LIN003,TUR001,3939.39,200.0,20.0,1000,1007.57,969.54,38.03,1.25,1.24,0.0,1.24,476.97,297.05,1824.54,608.01,136.4,2568.95,2.55,Aprobado con Observaciones,Manjar Tradicional 500g,Familiar,0.5,3.8,Línea 3 - Continua 2000L,800,Mañana (06:00 - 14:00)
LOT-202604-0504,2026-04-03,PROD004,LIN003,TUR002,4049.01,200.0,20.0,1000,984.22,964.31,19.91,1.25,1.33,0.0,1.33,459.81,340.42,1870.58,592.62,146.3,2609.5,2.65,Aprobado A1,Manjar Repostero 1kg,Industrial/Repostería,1.0,4.1,Línea 3 - Continua 2000L,800,Tarde (14:00 - 22:00)
LOT-202604-0505,2026-04-04,PROD005,LIN001,TUR002,1058.62,50.0,5.0,250,243.76,228.38,15.38,1.0,0.99,0.0,0.99,117.45,83.61,487.12,150.97,44.55,682.64,2.8,Rechazado / Reproceso,Manjar Alfajorero 5kg,Industrial,5.0,4.3,Línea 1 - Marmitas 500L,250,Tarde (14:00 - 22:00)
LOT-202604-0506,2026-04-04,PROD003,LIN001,TUR002,761.66,40.0,4.0,200,196.0,195.02,0.98,0.8,0.82,0.0,0.82,104.2,67.87,353.9,133.18,36.9,523.98,2.67,Aprobado A1,Manjar Tradicional 1kg,Familiar,1.0,3.8,Línea 1 - Marmitas 500L,250,Tarde (14:00 - 22:00)
LOT-202604-0507,2026-04-04,PROD004,LIN001,TUR003,840.59,40.0,4.0,200,196.51,179.67,16.84,0.8,0.78,0.0,0.78,96.02,59.77,387.05,122.4,35.1,544.55,2.77,Rechazado / Reproceso,Manjar Repostero 1kg,Industrial/Repostería,1.0,4.1,Línea 1 - Marmitas 500L,250,Noche (22:00 - 06:00)
LOT-202604-0508,2026-04-04,PROD001,LIN002,TUR001,1892.27,100.0,10.0,500,477.01,474.62,2.39,1.0,1.05,0.0,1.05,250.57,162.19,879.75,320.15,78.75,1278.65,2.68,Aprobado A1,Manjar Tradicional 250g,Familiar,0.25,3.8,Línea 2 - Marmitas 1000L,500,Mañana (06:00 - 14:00)
LOT-202604-0509,2026-04-04,PROD002,LIN002,TUR001,1971.65,100.0,10.0,500,467.43,450.46,16.97,1.0,0.99,0.0,0.99,219.17,145.93,913.09,280.52,74.25,1267.86,2.71,Aprobado con Observaciones,Manjar Tradicional 500g,Familiar,0.5,3.8,Línea 2 - Marmitas 1000L,500,Mañana (06:00 - 14:00)
LOT-202604-0510,2026-04-04,PROD005,LIN002,TUR002,1734.83,80.0,8.0,400,393.25,376.18,17.07,0.8,0.77,0.21,0.98,207.81,141.76,796.63,266.38,73.5,1136.51,2.89,Aprobado con Observaciones,Manjar Alfajorero 5kg,Industrial,5.0,4.3,Línea 2 - Marmitas 1000L,500,Tarde (14:00 - 22:00)
LOT-202604-0511,2026-04-04,PROD002,LIN003,TUR003,2764.9,140.0,14.0,700,689.47,661.6,27.87,0.88,0.87,0.0,0.87,369.17,202.81,1280.26,467.34,95.7,1843.3,2.67,Aprobado con Observaciones,Manjar Tradicional 500g,Familiar,0.5,3.8,Línea 3 - Continua 2000L,800,Noche (22:00 - 06:00)
LOT-202604-0512,2026-04-04,PROD003,LIN003,TUR002,3007.11,160.0,16.0,800,787.39,762.24,25.15,1.0,1.01,0.41,1.42,382.12,253.03,1398.99,488.91,156.2,2044.1,2.6,Aprobado con Observaciones,Manjar Tradicional 1kg,Familiar,1.0,3.8,Línea 3 - Continua 2000L,800,Tarde (14:00 - 22:00)
LOT-202604-0513,2026-04-05,PROD001,LIN001,TUR003,789.23,40.0,4.0,200,194.09,191.98,2.11,0.8,0.85,0.0,0.85,96.73,68.83,365.48,124.34,38.25,528.07,2.72,Aprobado A1,Manjar Tradicional 250g,Familiar,0.25,3.8,Línea 1 - Marmitas 500L,250,Noche (22:00 - 06:00)
LOT-202604-0514,2026-04-05,PROD005,LIN001,TUR003,1106.0,50.0,5.0,250,239.63,232.19,7.44,1.0,1.04,0.0,1.04,111.63,80.99,507.02,143.67,46.8,697.49,2.91,Aprobado con Observaciones,Manjar Alfajorero 5kg,Industrial,5.0,4.3,Línea 1 - Marmitas 500L,250,Noche (22:00 - 06:00)
LOT-202604-0515,2026-04-05,PROD004,LIN001,TUR001,1231.54,60.0,6.0,300,284.21,276.58,7.63,1.2,1.24,0.91,2.15,144.97,83.92,568.25,184.03,96.75,849.03,2.99,Aprobado con Observaciones,Manjar Repostero 1kg,Industrial/Repostería,1.0,4.1,Línea 1 - Marmitas 500L,250,Mañana (06:00 - 14:00)
LOT-202604-0516,2026-04-05,PROD001,LIN002,TUR002,1896.42,100.0,10.0,500,490.44,476.85,13.59,1.0,1.01,0.0,1.01,242.4,166.56,881.5,310.87,75.75,1268.12,2.59,Aprobado con Observaciones,Manjar Tradicional 250g,Familiar,0.25,3.8,Línea 2 - Marmitas 1000L,500,Tarde (14:00 - 22:00)
LOT-202604-0517,2026-04-05,PROD001,LIN002,TUR002,2361.24,120.0,12.0,600,594.32,570.62,23.7,1.2,1.28,0.0,1.28,310.92,181.56,1093.72,394.89,96.0,1584.61,2.67,Aprobado con Observaciones,Manjar Tradicional 250g,Familiar,0.25,3.8,Línea 2 - Marmitas 1000L,500,Tarde (14:00 - 22:00)
LOT-202604-0518,2026-04-05,PROD005,LIN002,TUR001,2594.51,120.0,12.0,600,579.71,555.04,24.67,1.2,1.22,0.27,1.49,311.18,203.1,1191.69,397.79,111.75,1701.23,2.93,Aprobado con Observaciones,Manjar Alfajorero 5kg,Industrial,5.0,4.3,Línea 2 - Marmitas 1000L,500,Mañana (06:00 - 14:00)
LOT-202604-0519,2026-04-05,PROD002,LIN003,TUR001,3014.49,160.0,16.0,800,772.29,725.26,47.03,1.0,0.97,0.0,0.97,381.33,236.04,1402.09,485.92,106.7,1994.71,2.58,Rechazado / Reproceso,Manjar Tradicional 500g,Familiar,0.5,3.8,Línea 3 - Continua 2000L,800,Mañana (06:00 - 14:00)
LOT-202604-0520,2026-04-05,PROD002,LIN003,TUR003,2726.42,140.0,14.0,700,675.69,634.9,40.79,0.88,0.88,0.0,0.88,333.45,204.72,1264.1,424.71,96.8,1785.61,2.64,Rechazado / Reproceso,Manjar Tradicional 500g,Familiar,0.5,3.8,Línea 3 - Continua 2000L,800,Noche (22:00 - 06:00)
LOT-202604-0521,2026-04-05,PROD004,LIN003,TUR001,3231.98,160.0,16.0,800,739.77,726.34,13.43,1.0,0.96,0.0,0.96,359.91,258.33,1493.43,462.89,105.6,2061.92,2.79,Aprobado A1,Manjar Repostero 1kg,Industrial/Repostería,1.0,4.1,Línea 3 - Continua 2000L,800,Mañana (06:00 - 14:00)
LOT-202604-0522,2026-04-06,PROD001,LIN001,TUR002,741.12,40.0,4.0,200,186.68,184.06,2.62,0.8,0.86,0.0,0.86,86.32,57.09,345.27,110.43,38.7,494.4,2.65,Aprobado A1,Manjar Tradicional 250g,Familiar,0.25,3.8,Línea 1 - Marmitas 500L,250,Tarde (14:00 - 22:00)
LOT-202604-0523,2026-04-06,PROD002,LIN002,TUR002,2250.86,120.0,12.0,600,572.58,561.11,11.47,1.2,1.24,0.77,2.01,273.02,186.95,1047.36,350.06,150.75,1548.17,2.7,Aprobado A1,Manjar Tradicional 500g,Familiar,0.5,3.8,Línea 2 - Marmitas 1000L,500,Tarde (14:00 - 22:00)
LOT-202604-0524,2026-04-06,PROD003,LIN002,TUR002,2238.95,120.0,12.0,600,585.74,536.81,48.93,1.2,1.17,0.99,2.16,278.42,187.59,1042.36,356.61,162.0,1560.97,2.66,Rechazado / Reproceso,Manjar Tradicional 1kg,Familiar,1.0,3.8,Línea 2 - Marmitas 1000L,500,Tarde (14:00 - 22:00)
LOT-202604-0525,2026-04-06,PROD004,LIN003,TUR003,2968.93,140.0,14.0,700,692.45,657.25,35.2,0.88,0.85,0.75,1.6,365.7,254.46,1365.95,469.38,176.0,2011.33,2.9,Rechazado / Reproceso,Manjar Repostero 1kg,Industrial/Repostería,1.0,4.1,Línea 3 - Continua 2000L,800,Noche (22:00 - 06:00)
LOT-202604-0526,2026-04-06,PROD004,LIN003,TUR001,4000.36,200.0,20.0,1000,973.14,918.93,54.21,1.25,1.26,0.0,1.26,486.46,318.35,1850.15,621.95,138.6,2610.7,2.68,Rechazado / Reproceso,Manjar Repostero 1kg,Industrial/Repostería,1.0,4.1,Línea 3 - Continua 2000L,800,Mañana (06:00 - 14:00)
LOT-202604-0527,2026-04-06,PROD003,LIN003,TUR003,3060.62,160.0,16.0,800,779.08,747.47,31.61,1.0,0.97,1.0,1.97,383.05,245.01,1421.46,489.06,216.7,2127.22,2.73,Aprobado con Observaciones,Manjar Tradicional 1kg,Familiar,1.0,3.8,Línea 3 - Continua 2000L,800,Noche (22:00 - 06:00)
LOT-202604-0528,2026-04-07,PROD003,LIN002,TUR003,1488.69,80.0,8.0,400,376.98,364.59,12.39,0.8,0.82,0.0,0.82,187.51,121.66,693.25,239.61,61.5,994.36,2.64,Aprobado con Observaciones,Manjar Tradicional 1kg,Familiar,1.0,3.8,Línea 2 - Marmitas 1000L,500,Noche (22:00 - 06:00)
LOT-202604-0529,2026-04-07,PROD004,LIN002,TUR002,2043.37,100.0,10.0,500,476.41,466.44,9.97,1.0,1.01,0.0,1.01,243.68,168.11,943.22,312.59,75.75,1331.56,2.79,Aprobado A1,Manjar Repostero 1kg,Industrial/Repostería,1.0,4.1,Línea 2 - Marmitas 1000L,500,Tarde (14:00 - 22:00)
LOT-202604-0530,2026-04-08,PROD003,LIN001,TUR001,1121.78,60.0,6.0,300,286.3,279.91,6.39,1.2,1.14,0.82,1.96,148.93,99.97,522.15,190.71,88.2,801.06,2.8,Aprobado A1,Manjar Tradicional 1kg,Familiar,1.0,3.8,Línea 1 - Marmitas 500L,250,Mañana (06:00 - 14:00)
LOT-202604-0531,2026-04-08,PROD003,LIN003,TUR002,3150.07,160.0,16.0,800,794.65,762.0,32.65,1.0,1.01,0.84,1.85,398.33,280.41,1459.03,511.65,203.5,2174.18,2.74,Aprobado con Observaciones,Manjar Tradicional 1kg,Familiar,1.0,3.8,Línea 3 - Continua 2000L,800,Tarde (14:00 - 22:00)
LOT-202604-0532,2026-04-08,PROD004,LIN003,TUR003,3259.82,160.0,16.0,800,754.16,733.22,20.94,1.0,1.01,0.0,1.01,386.66,240.1,1505.12,492.8,111.1,2109.02,2.8,Aprobado con Observaciones,Manjar Repostero 1kg,Industrial/Repostería,1.0,4.1,Línea 3 - Continua 2000L,800,Noche (22:00 - 06:00)
LOT-202604-0533,2026-04-09,PROD004,LIN001,TUR003,1218.9,60.0,6.0,300,293.8,278.16,15.64,1.2,1.2,0.0,1.2,153.93,106.68,562.94,197.52,54.0,814.46,2.77,Rechazado / Reproceso,Manjar Repostero 1kg,Industrial/Repostería,1.0,4.1,Línea 1 - Marmitas 500L,250,Noche (22:00 - 06:00)
LOT-202604-0534,2026-04-09,PROD005,LIN001,TUR002,1058.12,50.0,5.0,250,242.1,229.8,12.3,1.0,0.96,0.0,0.96,113.17,72.23,486.91,144.47,43.2,674.58,2.79,Rechazado / Reproceso,Manjar Alfajorero 5kg,Industrial,5.0,4.3,Línea 1 - Marmitas 500L,250,Tarde (14:00 - 22:00)
LOT-202604-0535,2026-04-09,PROD005,LIN002,TUR002,1690.88,80.0,8.0,400,376.17,368.81,7.36,0.8,0.82,0.0,0.82,177.76,112.42,778.17,226.8,61.5,1066.47,2.84,Aprobado A1,Manjar Alfajorero 5kg,Industrial,5.0,4.3,Línea 2 - Marmitas 1000L,500,Tarde (14:00 - 22:00)
LOT-202604-0536,2026-04-09,PROD001,LIN003,TUR002,2604.39,140.0,14.0,700,668.59,646.28,22.31,0.88,0.88,0.0,0.88,334.43,230.52,1212.84,428.98,96.8,1738.62,2.6,Aprobado con Observaciones,Manjar Tradicional 250g,Familiar,0.25,3.8,Línea 3 - Continua 2000L,800,Tarde (14:00 - 22:00)
LOT-202604-0537,2026-04-09,PROD003,LIN003,TUR001,2764.74,140.0,14.0,700,680.2,613.15,67.05,0.88,0.89,0.0,0.89,338.07,199.38,1280.19,429.61,97.9,1807.7,2.66,Rechazado / Reproceso,Manjar Tradicional 1kg,Familiar,1.0,3.8,Línea 3 - Continua 2000L,800,Mañana (06:00 - 14:00)
LOT-202604-0538,2026-04-10,PROD004,LIN001,TUR002,1265.65,60.0,6.0,300,297.35,289.81,7.54,1.2,1.22,0.74,1.96,158.45,90.6,582.57,201.01,88.2,871.78,2.93,Aprobado con Observaciones,Manjar Repostero 1kg,Industrial/Repostería,1.0,4.1,Línea 1 - Marmitas 500L,250,Tarde (14:00 - 22:00)
LOT-202604-0539,2026-04-10,PROD005,LIN001,TUR001,1095.32,50.0,5.0,250,234.05,222.04,12.01,1.0,1.02,0.0,1.02,121.93,70.14,502.53,154.73,45.9,703.16,3.0,Rechazado / Reproceso,Manjar Alfajorero 5kg,Industrial,5.0,4.3,Línea 1 - Marmitas 500L,250,Mañana (06:00 - 14:00)
LOT-202604-0540,2026-04-10,PROD003,LIN001,TUR001,764.03,40.0,4.0,200,198.06,190.97,7.09,0.8,0.78,0.76,1.54,97.15,69.26,354.89,124.89,69.3,549.08,2.77,Aprobado con Observaciones,Manjar Tradicional 1kg,Familiar,1.0,3.8,Línea 1 - Marmitas 500L,250,Mañana (06:00 - 14:00)
LOT-202604-0541,2026-04-10,PROD001,LIN002,TUR001,1858.25,100.0,10.0,500,500.9,487.95,12.95,1.0,1.04,0.0,1.04,268.48,150.88,865.46,340.28,78.0,1283.74,2.56,Aprobado con Observaciones,Manjar Tradicional 250g,Familiar,0.25,3.8,Línea 2 - Marmitas 1000L,500,Mañana (06:00 - 14:00)
LOT-202604-0542,2026-04-10,PROD003,LIN002,TUR001,1563.62,80.0,8.0,400,392.14,386.41,5.73,0.8,0.86,0.0,0.86,188.96,127.54,724.72,242.06,64.5,1031.28,2.63,Aprobado A1,Manjar Tradicional 1kg,Familiar,1.0,3.8,Línea 2 - Marmitas 1000L,500,Mañana (06:00 - 14:00)
LOT-202604-0543,2026-04-10,PROD001,LIN003,TUR003,3743.5,200.0,20.0,1000,985.17,898.19,86.98,1.25,1.28,0.0,1.28,477.48,289.83,1742.27,607.76,140.8,2490.83,2.53,Rechazado / Reproceso,Manjar Tradicional 250g,Familiar,0.25,3.8,Línea 3 - Continua 2000L,800,Noche (22:00 - 06:00)
LOT-202604-0544,2026-04-10,PROD001,LIN003,TUR001,3112.04,160.0,16.0,800,802.5,773.51,28.99,1.0,1.03,0.0,1.03,381.49,275.67,1443.06,490.87,113.3,2047.23,2.55,Aprobado con Observaciones,Manjar Tradicional 250g,Familiar,0.25,3.8,Línea 3 - Continua 2000L,800,Mañana (06:00 - 14:00)
LOT-202604-0545,2026-04-10,PROD002,LIN003,TUR001,3730.66,200.0,20.0,1000,951.66,919.18,32.48,1.25,1.28,0.35,1.63,470.34,293.68,1736.88,599.65,179.3,2515.83,2.64,Aprobado con Observaciones,Manjar Tradicional 500g,Familiar,0.5,3.8,Línea 3 - Continua 2000L,800,Mañana (06:00 - 14:00)
LOT-202604-0546,2026-04-11,PROD002,LIN001,TUR001,964.99,50.0,5.0,250,232.12,228.11,4.01,1.0,1.07,0.0,1.07,123.22,74.95,447.8,156.86,48.15,652.81,2.81,Aprobado A1,Manjar Tradicional 500g,Familiar,0.5,3.8,Línea 1 - Marmitas 500L,250,Mañana (06:00 - 14:00)
LOT-202604-0547,2026-04-11,PROD005,LIN001,TUR002,877.09,40.0,4.0,200,198.22,193.77,4.45,0.8,0.77,0.0,0.77,103.41,59.59,402.38,131.24,34.65,568.27,2.87,Aprobado A1,Manjar Alfajorero 5kg,Industrial,5.0,4.3,Línea 1 - Marmitas 500L,250,Tarde (14:00 - 22:00)
LOT-202604-0548,2026-04-11,PROD003,LIN002,TUR003,1851.98,100.0,10.0,500,465.15,446.84,18.31,1.0,1.03,0.17,1.2,241.43,163.07,862.83,309.28,90.0,1262.11,2.71,Aprobado con Observaciones,Manjar Tradicional 1kg,Familiar,1.0,3.8,Línea 2 - Marmitas 1000L,500,Noche (22:00 - 06:00)
LOT-202604-0549,2026-04-11,PROD005,LIN002,TUR001,1684.96,80.0,8.0,400,389.88,383.34,6.54,0.8,0.76,0.0,0.76,193.18,140.43,775.68,248.67,57.0,1081.35,2.77,Aprobado A1,Manjar Alfajorero 5kg,Industrial,5.0,4.3,Línea 2 - Marmitas 1000L,500,Mañana (06:00 - 14:00)
LOT-202604-0550,2026-04-11,PROD002,LIN002,TUR002,1928.6,100.0,10.0,500,494.52,475.74,18.78,1.0,1.03,0.95,1.98,235.62,145.55,895.01,300.21,148.5,1343.72,2.72,Aprobado con Observaciones,Manjar Tradicional 500g,Familiar,0.5,3.8,Línea 2 - Marmitas 1000L,500,Tarde (14:00 - 22:00)
LOT-202604-0551,2026-04-12,PROD002,LIN002,TUR003,1912.36,100.0,10.0,500,476.59,451.94,24.65,1.0,1.06,1.09,2.15,225.85,159.14,888.19,290.12,161.25,1339.56,2.81,Rechazado / Reproceso,Manjar Tradicional 500g,Familiar,0.5,3.8,Línea 2 - Marmitas 1000L,500,Noche (22:00 - 06:00)
LOT-202604-0552,2026-04-12,PROD002,LIN002,TUR001,2224.08,120.0,12.0,600,592.1,575.79,16.31,1.2,1.15,0.42,1.57,281.91,212.56,1036.11,363.8,117.75,1517.66,2.56,Aprobado con Observaciones,Manjar Tradicional 500g,Familiar,0.5,3.8,Línea 2 - Marmitas 1000L,500,Mañana (06:00 - 14:00)
LOT-202604-0553,2026-04-12,PROD004,LIN002,TUR001,2045.65,100.0,10.0,500,475.86,461.32,14.54,1.0,0.98,0.0,0.98,219.65,152.52,944.17,281.88,73.5,1299.55,2.73,Aprobado con Observaciones,Manjar Repostero 1kg,Industrial/Repostería,1.0,4.1,Línea 2 - Marmitas 1000L,500,Mañana (06:00 - 14:00)
LOT-202604-0554,2026-04-12,PROD005,LIN003,TUR003,3036.19,140.0,14.0,700,666.73,645.34,21.39,0.88,0.91,0.0,0.91,344.83,203.79,1394.2,438.25,100.1,1932.55,2.9,Aprobado con Observaciones,Manjar Alfajorero 5kg,Industrial,5.0,4.3,Línea 3 - Continua 2000L,800,Noche (22:00 - 06:00)
LOT-202604-0555,2026-04-12,PROD002,LIN003,TUR001,2740.64,140.0,14.0,700,691.01,670.39,20.62,0.88,0.9,0.0,0.9,334.88,254.98,1270.07,432.45,99.0,1801.52,2.61,Aprobado con Observaciones,Manjar Tradicional 500g,Familiar,0.5,3.8,Línea 3 - Continua 2000L,800,Mañana (06:00 - 14:00)
LOT-202604-0556,2026-04-13,PROD001,LIN001,TUR002,1118.76,60.0,6.0,300,296.76,277.53,19.23,1.2,1.28,0.0,1.28,145.66,96.13,520.88,186.33,57.6,764.81,2.58,Rechazado / Reproceso,Manjar Tradicional 250g,Familiar,0.25,3.8,Línea 1 - Marmitas 500L,250,Tarde (14:00 - 22:00)
LOT-202604-0557,2026-04-13,PROD001,LIN002,TUR002,2324.37,120.0,12.0,600,559.81,529.61,30.2,1.2,1.15,0.39,1.54,295.2,162.9,1078.24,373.79,115.5,1567.53,2.8,Rechazado / Reproceso,Manjar Tradicional 250g,Familiar,0.25,3.8,Línea 2 - Marmitas 1000L,500,Tarde (14:00 - 22:00)
LOT-202604-0558,2026-04-13,PROD001,LIN002,TUR003,2357.93,120.0,12.0,600,581.31,554.4,26.91,1.2,1.17,0.0,1.17,279.16,182.63,1092.33,356.91,87.75,1536.99,2.64,Aprobado con Observaciones,Manjar Tradicional 250g,Familiar,0.25,3.8,Línea 2 - Marmitas 1000L,500,Noche (22:00 - 06:00)
LOT-202604-0559,2026-04-14,PROD005,LIN001,TUR002,1288.47,60.0,6.0,300,299.33,282.67,16.66,1.2,1.15,0.0,1.15,147.22,94.18,592.16,187.97,51.75,831.88,2.78,Rechazado / Reproceso,Manjar Alfajorero 5kg,Industrial,5.0,4.3,Línea 1 - Marmitas 500L,250,Tarde (14:00 - 22:00)
LOT-202604-0560,2026-04-14,PROD002,LIN001,TUR002,742.35,40.0,4.0,200,197.98,191.07,6.91,0.8,0.84,0.33,1.17,93.95,72.44,345.79,121.43,52.65,519.87,2.63,Aprobado con Observaciones,Manjar Tradicional 500g,Familiar,0.5,3.8,Línea 1 - Marmitas 500L,250,Tarde (14:00 - 22:00)
LOT-202604-0561,2026-04-14,PROD002,LIN002,TUR001,1554.19,80.0,8.0,400,396.95,391.32,5.63,0.8,0.85,0.0,0.85,202.81,117.65,720.76,257.49,63.75,1042.0,2.63,Aprobado A1,Manjar Tradicional 500g,Familiar,0.5,3.8,Línea 2 - Marmitas 1000L,500,Mañana (06:00 - 14:00)
LOT-202604-0562,2026-04-14,PROD003,LIN003,TUR001,2955.11,160.0,16.0,800,766.03,744.86,21.17,1.0,1.07,0.0,1.07,365.31,270.67,1377.15,470.85,117.7,1965.7,2.57,Aprobado con Observaciones,Manjar Tradicional 1kg,Familiar,1.0,3.8,Línea 3 - Continua 2000L,800,Mañana (06:00 - 14:00)
LOT-202604-0563,2026-04-15,PROD003,LIN001,TUR002,971.83,50.0,5.0,250,245.05,238.18,6.87,1.0,1.03,0.49,1.52,113.85,78.04,450.67,145.98,68.4,665.05,2.71,Aprobado con Observaciones,Manjar Tradicional 1kg,Familiar,1.0,3.8,Línea 1 - Marmitas 500L,250,Tarde (14:00 - 22:00)
LOT-202604-0564,2026-04-15,PROD003,LIN001,TUR001,761.51,40.0,4.0,200,197.05,181.76,15.29,0.8,0.83,0.0,0.83,101.67,69.99,353.83,130.4,37.35,521.58,2.65,Rechazado / Reproceso,Manjar Tradicional 1kg,Familiar,1.0,3.8,Línea 1 - Marmitas 500L,250,Mañana (06:00 - 14:00)
LOT-202604-0565,2026-04-15,PROD003,LIN001,TUR002,1160.56,60.0,6.0,300,299.16,287.88,11.28,1.2,1.18,0.0,1.18,153.84,92.35,538.44,195.69,53.1,787.23,2.63,Aprobado con Observaciones,Manjar Tradicional 1kg,Familiar,1.0,3.8,Línea 1 - Marmitas 500L,250,Tarde (14:00 - 22:00)
LOT-202604-0566,2026-04-15,PROD005,LIN002,TUR001,2149.9,100.0,10.0,500,501.72,436.33,65.39,1.0,1.04,0.0,1.04,238.62,151.24,987.96,304.49,78.0,1370.45,2.73,Rechazado / Reproceso,Manjar Alfajorero 5kg,Industrial,5.0,4.3,Línea 2 - Marmitas 1000L,500,Mañana (06:00 - 14:00)
LOT-202604-0567,2026-04-15,PROD005,LIN002,TUR003,2593.74,120.0,12.0,600,568.62,535.41,33.21,1.2,1.25,0.0,1.25,271.19,199.16,1191.37,349.33,93.75,1634.45,2.87,Rechazado / Reproceso,Manjar Alfajorero 5kg,Industrial,5.0,4.3,Línea 2 - Marmitas 1000L,500,Noche (22:00 - 06:00)
LOT-202604-0568,2026-04-15,PROD001,LIN002,TUR001,1975.12,100.0,10.0,500,466.62,454.06,12.56,1.0,0.99,0.0,0.99,239.49,169.77,914.55,307.76,74.25,1296.56,2.78,Aprobado con Observaciones,Manjar Tradicional 250g,Familiar,0.25,3.8,Línea 2 - Marmitas 1000L,500,Mañana (06:00 - 14:00)
LOT-202604-0569,2026-04-15,PROD001,LIN003,TUR003,3134.35,160.0,16.0,800,802.78,746.9,55.88,1.0,0.98,0.0,0.98,393.79,274.04,1452.43,505.43,107.8,2065.66,2.57,Rechazado / Reproceso,Manjar Tradicional 250g,Familiar,0.25,3.8,Línea 3 - Continua 2000L,800,Noche (22:00 - 06:00)
LOT-202604-0570,2026-04-15,PROD005,LIN003,TUR002,2966.8,140.0,14.0,700,662.44,656.33,6.11,0.88,0.93,0.0,0.93,324.21,237.33,1365.06,417.53,102.3,1884.89,2.85,Aprobado A1,Manjar Alfajorero 5kg,Industrial,5.0,4.3,Línea 3 - Continua 2000L,800,Tarde (14:00 - 22:00)
LOT-202604-0571,2026-04-16,PROD003,LIN002,TUR001,2297.08,120.0,12.0,600,597.16,582.41,14.75,1.2,1.25,0.0,1.25,293.58,198.89,1066.77,376.16,93.75,1536.68,2.57,Aprobado A1,Manjar Tradicional 1kg,Familiar,1.0,3.8,Línea 2 - Marmitas 1000L,500,Mañana (06:00 - 14:00)
LOT-202604-0572,2026-04-16,PROD003,LIN003,TUR001,3093.5,160.0,16.0,800,759.79,745.13,14.66,1.0,0.95,0.45,1.4,357.01,280.93,1435.27,462.12,154.0,2051.39,2.7,Aprobado A1,Manjar Tradicional 1kg,Familiar,1.0,3.8,Línea 3 - Continua 2000L,800,Mañana (06:00 - 14:00)
LOT-202604-0573,2026-04-17,PROD002,LIN001,TUR002,968.33,50.0,5.0,250,241.89,226.97,14.92,1.0,1.05,0.0,1.05,120.7,77.73,449.2,154.17,47.25,650.62,2.69,Rechazado / Reproceso,Manjar Tradicional 500g,Familiar,0.5,3.8,Línea 1 - Marmitas 500L,250,Tarde (14:00 - 22:00)
LOT-202604-0574,2026-04-17,PROD002,LIN001,TUR001,1137.1,60.0,6.0,300,291.1,280.09,11.01,1.2,1.24,0.0,1.24,155.4,100.75,528.58,198.57,55.8,782.95,2.69,Aprobado con Observaciones,Manjar Tradicional 500g,Familiar,0.5,3.8,Línea 1 - Marmitas 500L,250,Mañana (06:00 - 14:00)
LOT-202604-0575,2026-04-17,PROD002,LIN002,TUR002,2349.79,120.0,12.0,600,562.81,531.34,31.47,1.2,1.26,0.0,1.26,295.11,172.02,1088.91,374.77,94.5,1558.18,2.77,Rechazado / Reproceso,Manjar Tradicional 500g,Familiar,0.5,3.8,Línea 2 - Marmitas 1000L,500,Tarde (14:00 - 22:00)
LOT-202604-0576,2026-04-17,PROD005,LIN003,TUR001,4407.44,200.0,20.0,1000,996.2,969.33,26.87,1.25,1.31,0.49,1.8,462.43,367.02,2021.12,598.96,198.0,2818.08,2.83,Aprobado con Observaciones,Manjar Alfajorero 5kg,Industrial,5.0,4.3,Línea 3 - Continua 2000L,800,Mañana (06:00 - 14:00)
LOT-202604-0577,2026-04-17,PROD003,LIN003,TUR003,3155.16,160.0,16.0,800,785.1,757.92,27.18,1.0,0.96,0.0,0.96,402.15,251.26,1461.17,512.73,105.6,2079.5,2.65,Aprobado con Observaciones,Manjar Tradicional 1kg,Familiar,1.0,3.8,Línea 3 - Continua 2000L,800,Noche (22:00 - 06:00)
LOT-202604-0578,2026-04-18,PROD001,LIN001,TUR002,1136.29,60.0,6.0,300,294.5,282.31,12.19,1.2,1.15,0.0,1.15,140.77,99.23,528.24,180.83,51.75,760.82,2.58,Aprobado con Observaciones,Manjar Tradicional 250g,Familiar,0.25,3.8,Línea 1 - Marmitas 500L,250,Tarde (14:00 - 22:00)
LOT-202604-0579,2026-04-18,PROD005,LIN001,TUR002,1094.95,50.0,5.0,250,235.95,223.83,12.12,1.0,0.98,0.0,0.98,124.81,78.57,502.38,159.2,44.1,705.68,2.99,Rechazado / Reproceso,Manjar Alfajorero 5kg,Industrial,5.0,4.3,Línea 1 - Marmitas 500L,250,Tarde (14:00 - 22:00)
LOT-202604-0580,2026-04-18,PROD004,LIN001,TUR003,818.0,40.0,4.0,200,198.6,178.91,19.69,0.8,0.78,0.0,0.78,101.71,69.57,377.56,130.4,35.1,543.06,2.73,Rechazado / Reproceso,Manjar Repostero 1kg,Industrial/Repostería,1.0,4.1,Línea 1 - Marmitas 500L,250,Noche (22:00 - 06:00)
LOT-202604-0581,2026-04-18,PROD001,LIN002,TUR001,2322.56,120.0,12.0,600,555.39,529.54,25.85,1.2,1.28,0.0,1.28,266.89,194.52,1077.48,343.61,96.0,1517.09,2.73,Aprobado con Observaciones,Manjar Tradicional 250g,Familiar,0.25,3.8,Línea 2 - Marmitas 1000L,500,Mañana (06:00 - 14:00)
LOT-202604-0582,2026-04-18,PROD001,LIN002,TUR001,2259.25,120.0,12.0,600,605.03,596.04,8.99,1.2,1.19,1.05,2.24,299.85,203.39,1050.88,384.23,168.0,1603.11,2.65,Aprobado A1,Manjar Tradicional 250g,Familiar,0.25,3.8,Línea 2 - Marmitas 1000L,500,Mañana (06:00 - 14:00)
LOT-202604-0583,2026-04-18,PROD003,LIN002,TUR003,1923.62,100.0,10.0,500,487.67,453.37,34.3,1.0,1.05,0.28,1.33,238.34,146.44,892.92,303.58,99.75,1296.25,2.66,Rechazado / Reproceso,Manjar Tradicional 1kg,Familiar,1.0,3.8,Línea 2 - Marmitas 1000L,500,Noche (22:00 - 06:00)
LOT-202604-0584,2026-04-18,PROD005,LIN003,TUR002,3428.73,160.0,16.0,800,800.3,773.03,27.27,1.0,1.01,0.0,1.01,372.66,279.0,1576.07,480.67,111.1,2167.84,2.71,Aprobado con Observaciones,Manjar Alfajorero 5kg,Industrial,5.0,4.3,Línea 3 - Continua 2000L,800,Tarde (14:00 - 22:00)
LOT-202604-0585,2026-04-19,PROD003,LIN002,TUR003,2314.98,120.0,12.0,600,585.24,575.53,9.71,1.2,1.15,0.0,1.15,280.8,182.37,1074.29,358.84,86.25,1519.38,2.6,Aprobado A1,Manjar Tradicional 1kg,Familiar,1.0,3.8,Línea 2 - Marmitas 1000L,500,Noche (22:00 - 06:00)
LOT-202604-0586,2026-04-19,PROD005,LIN003,TUR002,2989.1,140.0,14.0,700,660.17,649.81,10.36,0.88,0.92,0.0,0.92,353.95,232.79,1374.42,452.67,101.2,1928.29,2.92,Aprobado A1,Manjar Alfajorero 5kg,Industrial,5.0,4.3,Línea 3 - Continua 2000L,800,Tarde (14:00 - 22:00)
LOT-202604-0587,2026-04-19,PROD001,LIN003,TUR001,3879.74,200.0,20.0,1000,962.89,879.04,83.85,1.25,1.25,0.0,1.25,489.72,348.3,1799.49,629.46,137.5,2566.45,2.67,Rechazado / Reproceso,Manjar Tradicional 250g,Familiar,0.25,3.8,Línea 3 - Continua 2000L,800,Mañana (06:00 - 14:00)
LOT-202604-0588,2026-04-19,PROD002,LIN003,TUR002,2987.25,160.0,16.0,800,793.72,748.66,45.06,1.0,1.0,0.0,1.0,381.56,273.78,1390.64,490.73,110.0,1991.37,2.51,Rechazado / Reproceso,Manjar Tradicional 500g,Familiar,0.5,3.8,Línea 3 - Continua 2000L,800,Tarde (14:00 - 22:00)
LOT-202604-0589,2026-04-20,PROD002,LIN001,TUR001,959.24,50.0,5.0,250,240.01,233.63,6.38,1.0,1.02,0.0,1.02,117.2,78.6,445.38,150.07,45.9,641.35,2.67,Aprobado con Observaciones,Manjar Tradicional 500g,Familiar,0.5,3.8,Línea 1 - Marmitas 500L,250,Mañana (06:00 - 14:00)
LOT-202604-0590,2026-04-20,PROD003,LIN001,TUR002,956.12,50.0,5.0,250,246.61,232.67,13.94,1.0,0.99,0.0,0.99,114.95,76.25,444.07,147.09,44.55,635.71,2.58,Rechazado / Reproceso,Manjar Tradicional 1kg,Familiar,1.0,3.8,Línea 1 - Marmitas 500L,250,Tarde (14:00 - 22:00)
LOT-202604-0591,2026-04-20,PROD001,LIN001,TUR001,1110.38,60.0,6.0,300,296.39,285.73,10.66,1.2,1.21,0.0,1.21,153.67,97.33,517.36,196.08,54.45,767.89,2.59,Aprobado con Observaciones,Manjar Tradicional 250g,Familiar,0.25,3.8,Línea 1 - Marmitas 500L,250,Mañana (06:00 - 14:00)
LOT-202604-0592,2026-04-20,PROD005,LIN002,TUR003,1717.22,80.0,8.0,400,392.33,369.85,22.48,0.8,0.77,0.0,0.77,206.31,141.41,789.23,264.54,57.75,1111.52,2.83,Rechazado / Reproceso,Manjar Alfajorero 5kg,Industrial,5.0,4.3,Línea 2 - Marmitas 1000L,500,Noche (22:00 - 06:00)
LOT-202604-0593,2026-04-20,PROD005,LIN002,TUR003,2510.25,120.0,12.0,600,583.13,575.0,8.13,1.2,1.21,0.5,1.71,312.67,188.83,1156.31,397.86,128.25,1682.42,2.89,Aprobado A1,Manjar Alfajorero 5kg,Industrial,5.0,4.3,Línea 2 - Marmitas 1000L,500,Noche (22:00 - 06:00)
LOT-202604-0594,2026-04-20,PROD004,LIN002,TUR001,2127.66,100.0,10.0,500,482.52,458.77,23.75,1.0,1.05,0.61,1.66,250.45,161.89,978.62,319.97,124.5,1423.09,2.95,Aprobado con Observaciones,Manjar Repostero 1kg,Industrial/Repostería,1.0,4.1,Línea 2 - Marmitas 1000L,500,Mañana (06:00 - 14:00)
LOT-202604-0595,2026-04-20,PROD005,LIN003,TUR001,3551.71,160.0,16.0,800,796.3,761.89,34.41,1.0,1.02,0.0,1.02,366.86,258.37,1627.72,471.24,112.2,2211.16,2.78,Aprobado con Observaciones,Manjar Alfajorero 5kg,Industrial,5.0,4.3,Línea 3 - Continua 2000L,800,Mañana (06:00 - 14:00)
LOT-202604-0596,2026-04-20,PROD002,LIN003,TUR001,3822.81,200.0,20.0,1000,950.37,936.03,14.34,1.25,1.28,0.53,1.81,505.0,316.39,1775.58,643.97,199.1,2618.65,2.76,Aprobado A1,Manjar Tradicional 500g,Familiar,0.5,3.8,Línea 3 - Continua 2000L,800,Mañana (06:00 - 14:00)
LOT-202604-0597,2026-04-21,PROD004,LIN001,TUR001,815.7,40.0,4.0,200,194.21,188.01,6.2,0.8,0.82,0.52,1.34,89.83,66.67,376.59,115.8,60.3,552.69,2.85,Aprobado con Observaciones,Manjar Repostero 1kg,Industrial/Repostería,1.0,4.1,Línea 1 - Marmitas 500L,250,Mañana (06:00 - 14:00)
LOT-202604-0598,2026-04-21,PROD004,LIN001,TUR003,1002.77,50.0,5.0,250,243.54,232.38,11.16,1.0,1.02,0.0,1.02,126.17,85.08,463.66,161.61,45.9,671.17,2.76,Aprobado con Observaciones,Manjar Repostero 1kg,Industrial/Repostería,1.0,4.1,Línea 1 - Marmitas 500L,250,Noche (22:00 - 06:00)
LOT-202604-0599,2026-04-21,PROD001,LIN002,TUR001,1487.82,80.0,8.0,400,386.18,384.25,1.93,0.8,0.8,0.0,0.8,177.89,126.83,692.88,228.69,60.0,981.57,2.54,Aprobado A1,Manjar Tradicional 250g,Familiar,0.25,3.8,Línea 2 - Marmitas 1000L,500,Mañana (06:00 - 14:00)
LOT-202604-0600,2026-04-21,PROD004,LIN003,TUR001,4020.77,200.0,20.0,1000,975.38,958.53,16.85,1.25,1.27,0.93,2.2,509.75,290.9,1858.72,646.61,242.0,2747.33,2.82,Aprobado A1,Manjar Repostero 1kg,Industrial/Repostería,1.0,4.1,Línea 3 - Continua 2000L,800,Mañana (06:00 - 14:00)
LOT-202604-0601,2026-04-22,PROD002,LIN001,TUR001,1155.99,60.0,6.0,300,284.96,281.03,3.93,1.2,1.28,0.17,1.45,132.24,91.92,536.52,169.72,65.25,771.49,2.71,Aprobado A1,Manjar Tradicional 500g,Familiar,0.5,3.8,Línea 1 - Marmitas 500L,250,Mañana (06:00 - 14:00)
LOT-202604-0602,2026-04-22,PROD003,LIN001,TUR003,1184.01,60.0,6.0,300,286.94,277.32,9.62,1.2,1.18,0.5,1.68,137.66,103.76,548.28,177.64,75.6,801.52,2.79,Aprobado con Observaciones,Manjar Tradicional 1kg,Familiar,1.0,3.8,Línea 1 - Marmitas 500L,250,Noche (22:00 - 06:00)
LOT-202604-0603,2026-04-22,PROD002,LIN001,TUR001,739.97,40.0,4.0,200,197.61,193.4,4.21,0.8,0.83,0.0,0.83,92.43,57.52,344.79,117.82,37.35,499.96,2.53,Aprobado A1,Manjar Tradicional 500g,Familiar,0.5,3.8,Línea 1 - Marmitas 500L,250,Mañana (06:00 - 14:00)
LOT-202604-0604,2026-04-22,PROD003,LIN002,TUR002,2340.88,120.0,12.0,600,592.76,561.68,31.08,1.2,1.28,0.0,1.28,277.71,201.75,1085.17,357.46,96.0,1538.63,2.6,Rechazado / Reproceso,Manjar Tradicional 1kg,Familiar,1.0,3.8,Línea 2 - Marmitas 1000L,500,Tarde (14:00 - 22:00)
LOT-202604-0605,2026-04-22,PROD005,LIN003,TUR003,2960.35,140.0,14.0,700,680.2,673.05,7.15,0.88,0.86,0.0,0.86,341.93,205.62,1362.35,434.99,94.6,1891.94,2.78,Aprobado A1,Manjar Alfajorero 5kg,Industrial,5.0,4.3,Línea 3 - Continua 2000L,800,Noche (22:00 - 06:00)
LOT-202604-0606,2026-04-23,PROD005,LIN001,TUR003,1109.84,50.0,5.0,250,247.24,221.94,25.3,1.0,1.06,0.0,1.06,122.36,81.25,508.63,156.58,47.7,712.91,2.88,Rechazado / Reproceso,Manjar Alfajorero 5kg,Industrial,5.0,4.3,Línea 1 - Marmitas 500L,250,Noche (22:00 - 06:00)
LOT-202604-0607,2026-04-23,PROD005,LIN001,TUR003,844.25,40.0,4.0,200,192.11,175.8,16.31,0.8,0.82,0.57,1.39,100.35,61.87,388.58,127.84,62.55,578.97,3.01,Rechazado / Reproceso,Manjar Alfajorero 5kg,Industrial,5.0,4.3,Línea 1 - Marmitas 500L,250,Noche (22:00 - 06:00)
LOT-202604-0608,2026-04-23,PROD001,LIN002,TUR001,2246.36,120.0,12.0,600,591.1,523.99,67.11,1.2,1.24,0.0,1.24,282.33,204.91,1045.47,363.39,93.0,1501.86,2.54,Rechazado / Reproceso,Manjar Tradicional 250g,Familiar,0.25,3.8,Línea 2 - Marmitas 1000L,500,Mañana (06:00 - 14:00)
LOT-202604-0609,2026-04-23,PROD002,LIN003,TUR001,3749.37,200.0,20.0,1000,935.31,923.54,11.77,1.25,1.32,0.93,2.25,478.78,318.58,1744.74,612.77,247.5,2605.01,2.79,Aprobado A1,Manjar Tradicional 500g,Familiar,0.5,3.8,Línea 3 - Continua 2000L,800,Mañana (06:00 - 14:00)
LOT-202604-0610,2026-04-24,PROD005,LIN002,TUR002,2526.73,120.0,12.0,600,599.9,586.43,13.47,1.2,1.18,0.0,1.18,289.38,186.26,1163.23,369.61,88.5,1621.34,2.7,Aprobado A1,Manjar Alfajorero 5kg,Industrial,5.0,4.3,Línea 2 - Marmitas 1000L,500,Tarde (14:00 - 22:00)
LOT-202604-0611,2026-04-24,PROD001,LIN002,TUR003,2367.81,120.0,12.0,600,594.13,555.34,38.79,1.2,1.2,0.0,1.2,312.12,182.78,1096.48,396.48,90.0,1582.96,2.66,Rechazado / Reproceso,Manjar Tradicional 250g,Familiar,0.25,3.8,Línea 2 - Marmitas 1000L,500,Noche (22:00 - 06:00)
LOT-202604-0612,2026-04-24,PROD003,LIN002,TUR001,2312.12,120.0,12.0,600,597.71,581.24,16.47,1.2,1.26,0.61,1.87,283.79,214.57,1073.09,366.3,140.25,1579.64,2.64,Aprobado con Observaciones,Manjar Tradicional 1kg,Familiar,1.0,3.8,Línea 2 - Marmitas 1000L,500,Mañana (06:00 - 14:00)
LOT-202604-0613,2026-04-24,PROD002,LIN003,TUR003,2953.28,160.0,16.0,800,761.01,749.17,11.84,1.0,0.96,0.38,1.34,356.17,252.76,1376.38,457.74,147.4,1981.52,2.6,Aprobado A1,Manjar Tradicional 500g,Familiar,0.5,3.8,Línea 3 - Continua 2000L,800,Noche (22:00 - 06:00)
LOT-202604-0614,2026-04-24,PROD001,LIN003,TUR003,2650.56,140.0,14.0,700,651.8,596.44,55.36,0.88,0.84,0.23,1.07,331.1,230.34,1232.24,424.96,117.7,1774.9,2.72,Rechazado / Reproceso,Manjar Tradicional 250g,Familiar,0.25,3.8,Línea 3 - Continua 2000L,800,Noche (22:00 - 06:00)
LOT-202604-0615,2026-04-25,PROD005,LIN001,TUR003,1106.92,50.0,5.0,250,235.64,233.01,2.63,1.0,1.07,0.6,1.67,121.44,80.16,507.41,155.35,75.15,737.91,3.13,Aprobado A1,Manjar Alfajorero 5kg,Industrial,5.0,4.3,Línea 1 - Marmitas 500L,250,Noche (22:00 - 06:00)
LOT-202604-0616,2026-04-25,PROD001,LIN002,TUR003,1856.64,100.0,10.0,500,499.34,489.32,10.02,1.0,1.02,1.03,2.05,265.02,177.68,864.79,339.35,153.75,1357.89,2.72,Aprobado A1,Manjar Tradicional 250g,Familiar,0.25,3.8,Línea 2 - Marmitas 1000L,500,Noche (22:00 - 06:00)
LOT-202604-0617,2026-04-25,PROD001,LIN003,TUR001,2758.29,140.0,14.0,700,672.78,666.09,6.69,0.88,0.92,0.19,1.11,338.03,227.38,1277.48,432.92,122.1,1832.5,2.72,Aprobado A1,Manjar Tradicional 250g,Familiar,0.25,3.8,Línea 3 - Continua 2000L,800,Mañana (06:00 - 14:00)
LOT-202604-0618,2026-04-26,PROD003,LIN001,TUR003,944.67,50.0,5.0,250,236.24,235.06,1.18,1.0,1.02,0.0,1.02,122.3,83.36,439.26,156.76,45.9,641.92,2.72,Aprobado A1,Manjar Tradicional 1kg,Familiar,1.0,3.8,Línea 1 - Marmitas 500L,250,Noche (22:00 - 06:00)
LOT-202604-0619,2026-04-26,PROD001,LIN002,TUR003,1970.62,100.0,10.0,500,480.44,474.62,5.82,1.0,0.96,0.55,1.51,244.13,163.8,912.66,312.61,113.25,1338.52,2.79,Aprobado A1,Manjar Tradicional 250g,Familiar,0.25,3.8,Línea 2 - Marmitas 1000L,500,Noche (22:00 - 06:00)
LOT-202604-0620,2026-04-26,PROD002,LIN003,TUR002,3065.7,160.0,16.0,800,781.48,748.26,33.22,1.0,1.01,0.0,1.01,408.03,277.35,1423.59,522.92,111.1,2057.61,2.63,Aprobado con Observaciones,Manjar Tradicional 500g,Familiar,0.5,3.8,Línea 3 - Continua 2000L,800,Tarde (14:00 - 22:00)
LOT-202604-0621,2026-04-26,PROD002,LIN003,TUR003,2623.99,140.0,14.0,700,646.9,616.83,30.07,0.88,0.86,0.0,0.86,312.83,195.06,1221.08,398.8,94.6,1714.48,2.65,Aprobado con Observaciones,Manjar Tradicional 500g,Familiar,0.5,3.8,Línea 3 - Continua 2000L,800,Noche (22:00 - 06:00)
LOT-202604-0622,2026-04-26,PROD005,LIN003,TUR002,2964.1,140.0,14.0,700,669.7,632.83,36.87,0.88,0.94,0.0,0.94,313.74,225.37,1363.92,403.53,103.4,1870.85,2.79,Rechazado / Reproceso,Manjar Alfajorero 5kg,Industrial,5.0,4.3,Línea 3 - Continua 2000L,800,Tarde (14:00 - 22:00)
LOT-202604-0623,2026-04-27,PROD002,LIN001,TUR001,756.63,40.0,4.0,200,188.35,186.81,1.54,0.8,0.81,0.86,1.67,100.94,61.71,351.78,128.53,75.15,555.46,2.95,Aprobado A1,Manjar Tradicional 500g,Familiar,0.5,3.8,Línea 1 - Marmitas 500L,250,Mañana (06:00 - 14:00)
LOT-202604-0624,2026-04-27,PROD003,LIN001,TUR002,1161.28,60.0,6.0,300,288.44,282.44,6.0,1.2,1.29,0.0,1.29,151.9,99.34,538.74,194.2,58.05,790.99,2.74,Aprobado A1,Manjar Tradicional 1kg,Familiar,1.0,3.8,Línea 1 - Marmitas 500L,250,Tarde (14:00 - 22:00)
LOT-202604-0625,2026-04-27,PROD004,LIN001,TUR003,1264.52,60.0,6.0,300,300.61,288.65,11.96,1.2,1.21,0.0,1.21,161.8,90.19,582.1,204.98,54.45,841.53,2.8,Aprobado con Observaciones,Manjar Repostero 1kg,Industrial/Repostería,1.0,4.1,Línea 1 - Marmitas 500L,250,Noche (22:00 - 06:00)
LOT-202604-0626,2026-04-27,PROD001,LIN002,TUR001,1867.43,100.0,10.0,500,494.06,475.28,18.78,1.0,1.05,0.76,1.81,259.02,168.84,869.32,331.08,135.75,1336.15,2.7,Aprobado con Observaciones,Manjar Tradicional 250g,Familiar,0.25,3.8,Línea 2 - Marmitas 1000L,500,Mañana (06:00 - 14:00)
LOT-202604-0627,2026-04-27,PROD002,LIN002,TUR002,1485.51,80.0,8.0,400,386.66,353.79,32.87,0.8,0.78,0.35,1.13,187.43,129.2,691.91,240.42,84.75,1017.08,2.63,Rechazado / Reproceso,Manjar Tradicional 500g,Familiar,0.5,3.8,Línea 2 - Marmitas 1000L,500,Tarde (14:00 - 22:00)
LOT-202604-0628,2026-04-27,PROD001,LIN002,TUR001,1854.31,100.0,10.0,500,489.24,485.89,3.35,1.0,0.98,0.44,1.42,262.57,161.46,863.81,334.46,106.5,1304.77,2.67,Aprobado A1,Manjar Tradicional 250g,Familiar,0.25,3.8,Línea 2 - Marmitas 1000L,500,Mañana (06:00 - 14:00)
LOT-202604-0629,2026-04-27,PROD003,LIN003,TUR001,3865.47,200.0,20.0,1000,964.59,911.35,53.24,1.25,1.21,0.0,1.21,446.6,292.17,1793.5,570.98,133.1,2497.58,2.59,Rechazado / Reproceso,Manjar Tradicional 1kg,Familiar,1.0,3.8,Línea 3 - Continua 2000L,800,Mañana (06:00 - 14:00)
LOT-202604-0630,2026-04-27,PROD004,LIN003,TUR001,4003.77,200.0,20.0,1000,986.44,879.6,106.84,1.25,1.19,1.07,2.26,501.8,327.36,1851.58,641.44,248.6,2741.62,2.78,Rechazado / Reproceso,Manjar Repostero 1kg,Industrial/Repostería,1.0,4.1,Línea 3 - Continua 2000L,800,Mañana (06:00 - 14:00)
LOT-202604-0631,2026-04-28,PROD002,LIN001,TUR002,945.46,50.0,5.0,250,249.0,241.72,7.28,1.0,0.96,0.73,1.69,125.83,92.02,439.59,162.04,76.05,677.68,2.72,Aprobado con Observaciones,Manjar Tradicional 500g,Familiar,0.5,3.8,Línea 1 - Marmitas 500L,250,Tarde (14:00 - 22:00)
LOT-202604-0632,2026-04-28,PROD001,LIN001,TUR001,777.97,40.0,4.0,200,192.62,175.84,16.78,0.8,0.84,0.0,0.84,93.16,56.91,360.75,118.62,37.8,517.17,2.68,Rechazado / Reproceso,Manjar Tradicional 250g,Familiar,0.25,3.8,Línea 1 - Marmitas 500L,250,Mañana (06:00 - 14:00)
LOT-202604-0633,2026-04-28,PROD001,LIN002,TUR001,1550.01,80.0,8.0,400,389.03,366.62,22.41,0.8,0.81,0.0,0.81,190.27,121.74,719.0,242.93,60.75,1022.68,2.63,Rechazado / Reproceso,Manjar Tradicional 250g,Familiar,0.25,3.8,Línea 2 - Marmitas 1000L,500,Mañana (06:00 - 14:00)
LOT-202604-0634,2026-04-28,PROD004,LIN002,TUR003,2408.41,120.0,12.0,600,580.15,521.68,58.47,1.2,1.25,0.0,1.25,307.5,199.92,1113.53,392.99,93.75,1600.27,2.76,Rechazado / Reproceso,Manjar Repostero 1kg,Industrial/Repostería,1.0,4.1,Línea 2 - Marmitas 1000L,500,Noche (22:00 - 06:00)
LOT-202604-0635,2026-04-28,PROD001,LIN003,TUR003,2710.49,140.0,14.0,700,684.6,673.96,10.64,0.88,0.92,0.0,0.92,362.79,235.18,1257.41,463.57,101.2,1822.18,2.66,Aprobado A1,Manjar Tradicional 250g,Familiar,0.25,3.8,Línea 3 - Continua 2000L,800,Noche (22:00 - 06:00)
LOT-202604-0636,2026-04-28,PROD003,LIN003,TUR002,3085.52,160.0,16.0,800,800.01,774.2,25.81,1.0,0.98,0.0,0.98,380.77,253.04,1431.92,487.29,107.8,2027.01,2.53,Aprobado con Observaciones,Manjar Tradicional 1kg,Familiar,1.0,3.8,Línea 3 - Continua 2000L,800,Tarde (14:00 - 22:00)
LOT-202604-0637,2026-04-28,PROD003,LIN003,TUR002,3815.35,200.0,20.0,1000,985.49,949.12,36.37,1.25,1.34,0.0,1.34,500.71,315.77,1772.45,638.74,147.4,2558.59,2.6,Aprobado con Observaciones,Manjar Tradicional 1kg,Familiar,1.0,3.8,Línea 3 - Continua 2000L,800,Tarde (14:00 - 22:00)
LOT-202604-0638,2026-04-29,PROD004,LIN002,TUR001,1615.08,80.0,8.0,400,372.69,343.04,29.65,0.8,0.83,0.41,1.24,192.67,134.06,746.33,247.29,93.0,1086.62,2.92,Rechazado / Reproceso,Manjar Repostero 1kg,Industrial/Repostería,1.0,4.1,Línea 2 - Marmitas 1000L,500,Mañana (06:00 - 14:00)
LOT-202604-0639,2026-04-29,PROD005,LIN002,TUR001,2663.89,120.0,12.0,600,571.94,567.48,4.46,1.2,1.21,0.34,1.55,287.59,201.73,1220.83,369.32,116.25,1706.4,2.98,Aprobado A1,Manjar Alfajorero 5kg,Industrial,5.0,4.3,Línea 2 - Marmitas 1000L,500,Mañana (06:00 - 14:00)
LOT-202604-0640,2026-04-30,PROD005,LIN001,TUR002,867.97,40.0,4.0,200,199.88,196.48,3.4,0.8,0.78,0.0,0.78,103.69,71.16,398.55,132.97,35.1,566.62,2.83,Aprobado A1,Manjar Alfajorero 5kg,Industrial,5.0,4.3,Línea 1 - Marmitas 500L,250,Tarde (14:00 - 22:00)
LOT-202604-0641,2026-04-30,PROD003,LIN001,TUR001,784.89,40.0,4.0,200,200.75,193.98,6.77,0.8,0.77,0.84,1.61,106.11,68.4,363.65,135.54,72.45,571.64,2.85,Aprobado con Observaciones,Manjar Tradicional 1kg,Familiar,1.0,3.8,Línea 1 - Marmitas 500L,250,Mañana (06:00 - 14:00)
LOT-202604-0642,2026-04-30,PROD005,LIN001,TUR001,847.36,40.0,4.0,200,202.17,194.57,7.6,0.8,0.77,0.0,0.77,108.71,67.96,389.89,138.61,34.65,563.15,2.79,Aprobado con Observaciones,Manjar Alfajorero 5kg,Industrial,5.0,4.3,Línea 1 - Marmitas 500L,250,Mañana (06:00 - 14:00)
LOT-202604-0643,2026-04-30,PROD001,LIN002,TUR002,1909.78,100.0,10.0,500,498.5,467.51,30.99,1.0,1.0,0.0,1.0,250.17,175.08,887.11,321.21,75.0,1283.32,2.57,Rechazado / Reproceso,Manjar Tradicional 250g,Familiar,0.25,3.8,Línea 2 - Marmitas 1000L,500,Tarde (14:00 - 22:00)
LOT-202604-0644,2026-04-30,PROD001,LIN002,TUR001,1899.98,100.0,10.0,500,476.29,452.57,23.72,1.0,1.02,0.0,1.02,229.89,161.76,882.99,295.28,76.5,1254.77,2.63,Aprobado con Observaciones,Manjar Tradicional 250g,Familiar,0.25,3.8,Línea 2 - Marmitas 1000L,500,Mañana (06:00 - 14:00)
LOT-202605-0645,2026-05-01,PROD001,LIN001,TUR001,1107.11,60.0,6.0,300,301.07,297.81,3.26,1.2,1.21,0.0,1.21,157.9,103.39,515.99,201.89,54.45,772.33,2.57,Aprobado A1,Manjar Tradicional 250g,Familiar,0.25,3.8,Línea 1 - Marmitas 500L,250,Mañana (06:00 - 14:00)
LOT-202605-0646,2026-05-01,PROD002,LIN002,TUR002,2272.42,120.0,12.0,600,572.55,557.77,14.78,1.2,1.17,0.0,1.17,295.61,199.99,1056.42,378.73,87.75,1522.9,2.66,Aprobado con Observaciones,Manjar Tradicional 500g,Familiar,0.5,3.8,Línea 2 - Marmitas 1000L,500,Tarde (14:00 - 22:00)
LOT-202605-0647,2026-05-01,PROD002,LIN003,TUR003,3005.75,160.0,16.0,800,786.44,771.13,15.31,1.0,1.07,1.01,2.08,371.41,251.62,1398.41,475.89,228.8,2103.1,2.67,Aprobado A1,Manjar Tradicional 500g,Familiar,0.5,3.8,Línea 3 - Continua 2000L,800,Noche (22:00 - 06:00)
LOT-202605-0648,2026-05-01,PROD005,LIN003,TUR003,4266.56,200.0,20.0,1000,951.98,909.89,42.09,1.25,1.28,0.0,1.28,441.84,347.05,1961.96,571.85,140.8,2674.61,2.81,Aprobado con Observaciones,Manjar Alfajorero 5kg,Industrial,5.0,4.3,Línea 3 - Continua 2000L,800,Noche (22:00 - 06:00)
LOT-202605-0649,2026-05-02,PROD004,LIN001,TUR003,818.54,40.0,4.0,200,192.74,190.09,2.65,0.8,0.78,0.7,1.48,98.33,59.91,377.79,125.19,66.6,569.58,2.96,Aprobado A1,Manjar Repostero 1kg,Industrial/Repostería,1.0,4.1,Línea 1 - Marmitas 500L,250,Noche (22:00 - 06:00)
LOT-202605-0650,2026-05-02,PROD005,LIN001,TUR001,1058.08,50.0,5.0,250,235.91,228.31,7.6,1.0,0.96,0.0,0.96,110.01,75.63,486.89,141.09,43.2,671.18,2.85,Aprobado con Observaciones,Manjar Alfajorero 5kg,Industrial,5.0,4.3,Línea 1 - Marmitas 500L,250,Mañana (06:00 - 14:00)
LOT-202605-0651,2026-05-02,PROD002,LIN001,TUR002,1156.19,60.0,6.0,300,289.91,283.56,6.35,1.2,1.17,0.89,2.06,148.65,90.45,536.6,189.23,92.7,818.53,2.82,Aprobado A1,Manjar Tradicional 500g,Familiar,0.5,3.8,Línea 1 - Marmitas 500L,250,Tarde (14:00 - 22:00)
LOT-202605-0652,2026-05-02,PROD005,LIN003,TUR001,3016.44,140.0,14.0,700,685.86,677.87,7.99,0.88,0.9,0.0,0.9,342.44,200.1,1385.9,434.94,99.0,1919.84,2.8,Aprobado A1,Manjar Alfajorero 5kg,Industrial,5.0,4.3,Línea 3 - Continua 2000L,800,Mañana (06:00 - 14:00)
LOT-202605-0653,2026-05-02,PROD001,LIN003,TUR002,3706.3,200.0,20.0,1000,984.64,961.87,22.77,1.25,1.24,0.16,1.4,502.66,352.88,1726.65,645.54,154.0,2526.19,2.57,Aprobado A1,Manjar Tradicional 250g,Familiar,0.25,3.8,Línea 3 - Continua 2000L,800,Tarde (14:00 - 22:00)
LOT-202605-0654,2026-05-02,PROD001,LIN003,TUR002,3051.78,160.0,16.0,800,784.57,754.35,30.22,1.0,1.01,0.18,1.19,408.66,241.1,1417.75,519.32,130.9,2067.97,2.64,Aprobado con Observaciones,Manjar Tradicional 250g,Familiar,0.25,3.8,Línea 3 - Continua 2000L,800,Tarde (14:00 - 22:00)
LOT-202605-0655,2026-05-03,PROD001,LIN001,TUR002,748.89,40.0,4.0,200,197.4,189.66,7.74,0.8,0.81,0.86,1.67,105.75,71.81,348.53,135.52,75.15,559.2,2.83,Aprobado con Observaciones,Manjar Tradicional 250g,Familiar,0.25,3.8,Línea 1 - Marmitas 500L,250,Tarde (14:00 - 22:00)
LOT-202605-0656,2026-05-03,PROD003,LIN002,TUR002,1536.5,80.0,8.0,400,395.77,387.76,8.01,0.8,0.78,0.0,0.78,201.78,134.0,713.33,258.22,58.5,1030.05,2.6,Aprobado A1,Manjar Tradicional 1kg,Familiar,1.0,3.8,Línea 2 - Marmitas 1000L,500,Tarde (14:00 - 22:00)
LOT-202605-0657,2026-05-03,PROD003,LIN003,TUR002,3903.94,200.0,20.0,1000,971.93,846.16,125.77,1.25,1.21,0.0,1.21,520.98,323.11,1809.65,663.95,133.1,2606.7,2.68,Rechazado / Reproceso,Manjar Tradicional 1kg,Familiar,1.0,3.8,Línea 3 - Continua 2000L,800,Tarde (14:00 - 22:00)
LOT-202605-0658,2026-05-03,PROD004,LIN003,TUR001,2820.04,140.0,14.0,700,674.8,607.18,67.62,0.88,0.86,0.0,0.86,317.01,212.89,1303.42,405.96,94.6,1803.98,2.67,Rechazado / Reproceso,Manjar Repostero 1kg,Industrial/Repostería,1.0,4.1,Línea 3 - Continua 2000L,800,Mañana (06:00 - 14:00)
LOT-202605-0659,2026-05-03,PROD001,LIN003,TUR003,2994.29,160.0,16.0,800,782.68,757.01,25.67,1.0,1.04,0.36,1.4,398.1,282.29,1393.6,511.59,154.0,2059.19,2.63,Aprobado con Observaciones,Manjar Tradicional 250g,Familiar,0.25,3.8,Línea 3 - Continua 2000L,800,Noche (22:00 - 06:00)
LOT-202605-0660,2026-05-04,PROD005,LIN001,TUR003,1094.08,50.0,5.0,250,242.78,240.64,2.14,1.0,1.0,0.0,1.0,116.27,70.82,502.01,148.02,45.0,695.03,2.86,Aprobado A1,Manjar Alfajorero 5kg,Industrial,5.0,4.3,Línea 1 - Marmitas 500L,250,Noche (22:00 - 06:00)
LOT-202605-0661,2026-05-04,PROD001,LIN002,TUR002,1860.43,100.0,10.0,500,504.24,501.22,3.02,1.0,0.98,0.6,1.58,243.03,176.63,866.38,312.83,118.5,1297.71,2.57,Aprobado A1,Manjar Tradicional 250g,Familiar,0.25,3.8,Línea 2 - Marmitas 1000L,500,Tarde (14:00 - 22:00)
LOT-202605-0662,2026-05-04,PROD004,LIN002,TUR001,2519.59,120.0,12.0,600,584.66,580.8,3.86,1.2,1.15,0.0,1.15,273.75,180.03,1160.23,350.1,86.25,1596.58,2.73,Aprobado A1,Manjar Repostero 1kg,Industrial/Repostería,1.0,4.1,Línea 2 - Marmitas 1000L,500,Mañana (06:00 - 14:00)
LOT-202605-0663,2026-05-04,PROD001,LIN002,TUR001,1580.11,80.0,8.0,400,398.58,366.22,32.36,0.8,0.78,0.0,0.78,200.49,115.75,731.65,254.48,58.5,1044.63,2.62,Rechazado / Reproceso,Manjar Tradicional 250g,Familiar,0.25,3.8,Línea 2 - Marmitas 1000L,500,Mañana (06:00 - 14:00)
LOT-202605-0664,2026-05-04,PROD003,LIN003,TUR001,2589.14,140.0,14.0,700,673.91,661.13,12.78,0.88,0.85,0.0,0.85,341.45,201.9,1206.44,433.97,93.5,1733.91,2.57,Aprobado A1,Manjar Tradicional 1kg,Familiar,1.0,3.8,Línea 3 - Continua 2000L,800,Mañana (06:00 - 14:00)
LOT-202605-0665,2026-05-05,PROD005,LIN001,TUR002,1291.64,60.0,6.0,300,284.13,273.24,10.89,1.2,1.18,0.0,1.18,135.83,88.39,593.49,173.6,53.1,820.19,2.89,Aprobado con Observaciones,Manjar Alfajorero 5kg,Industrial,5.0,4.3,Línea 1 - Marmitas 500L,250,Tarde (14:00 - 22:00)
LOT-202605-0666,2026-05-05,PROD003,LIN002,TUR003,1544.57,80.0,8.0,400,394.98,388.85,6.13,0.8,0.78,0.35,1.13,197.93,124.45,716.72,252.45,84.75,1053.92,2.67,Aprobado A1,Manjar Tradicional 1kg,Familiar,1.0,3.8,Línea 2 - Marmitas 1000L,500,Noche (22:00 - 06:00)
LOT-202605-0667,2026-05-06,PROD002,LIN001,TUR003,785.83,40.0,4.0,200,191.25,186.77,4.48,0.8,0.84,0.0,0.84,92.23,57.97,364.05,117.63,37.8,519.48,2.72,Aprobado A1,Manjar Tradicional 500g,Familiar,0.5,3.8,Línea 1 - Marmitas 500L,250,Noche (22:00 - 06:00)
LOT-202605-0668,2026-05-06,PROD003,LIN001,TUR003,1113.94,60.0,6.0,300,291.78,288.03,3.75,1.2,1.23,0.0,1.23,136.98,97.46,518.85,176.07,55.35,750.27,2.57,Aprobado A1,Manjar Tradicional 1kg,Familiar,1.0,3.8,Línea 1 - Marmitas 500L,250,Noche (22:00 - 06:00)
LOT-202605-0669,2026-05-06,PROD003,LIN001,TUR002,745.21,40.0,4.0,200,194.98,186.59,8.39,0.8,0.79,0.0,0.79,96.28,61.13,346.99,122.87,35.55,505.41,2.59,Aprobado con Observaciones,Manjar Tradicional 1kg,Familiar,1.0,3.8,Línea 1 - Marmitas 500L,250,Tarde (14:00 - 22:00)
LOT-202605-0670,2026-05-06,PROD003,LIN002,TUR003,2290.38,120.0,12.0,600,582.6,545.17,37.43,1.2,1.18,0.37,1.55,286.85,187.27,1063.96,366.69,116.25,1546.9,2.66,Rechazado / Reproceso,Manjar Tradicional 1kg,Familiar,1.0,3.8,Línea 2 - Marmitas 1000L,500,Noche (22:00 - 06:00)
LOT-202605-0671,2026-05-06,PROD002,LIN002,TUR003,2254.42,120.0,12.0,600,573.08,524.43,48.65,1.2,1.27,0.0,1.27,286.69,198.31,1048.86,367.83,95.25,1511.94,2.64,Rechazado / Reproceso,Manjar Tradicional 500g,Familiar,0.5,3.8,Línea 2 - Marmitas 1000L,500,Noche (22:00 - 06:00)
LOT-202605-0672,2026-05-06,PROD004,LIN002,TUR003,2110.84,100.0,10.0,500,492.33,483.22,9.11,1.0,0.96,0.0,0.96,252.7,159.63,971.55,322.4,72.0,1365.95,2.77,Aprobado A1,Manjar Repostero 1kg,Industrial/Repostería,1.0,4.1,Línea 2 - Marmitas 1000L,500,Noche (22:00 - 06:00)
LOT-202605-0673,2026-05-06,PROD001,LIN003,TUR001,3888.23,200.0,20.0,1000,927.64,901.98,25.66,1.25,1.21,0.8,2.01,465.7,281.43,1803.06,592.61,221.1,2616.77,2.82,Aprobado con Observaciones,Manjar Tradicional 250g,Familiar,0.25,3.8,Línea 3 - Continua 2000L,800,Mañana (06:00 - 14:00)
LOT-202605-0674,2026-05-06,PROD002,LIN003,TUR001,2636.92,140.0,14.0,700,691.26,667.22,24.04,0.88,0.91,0.48,1.39,346.62,237.18,1226.51,444.41,152.9,1823.82,2.64,Aprobado con Observaciones,Manjar Tradicional 500g,Familiar,0.5,3.8,Línea 3 - Continua 2000L,800,Mañana (06:00 - 14:00)
LOT-202605-0675,2026-05-07,PROD004,LIN001,TUR001,1043.46,50.0,5.0,250,246.76,245.53,1.23,1.0,1.0,0.62,1.62,127.25,80.06,480.75,162.31,72.9,715.96,2.9,Aprobado A1,Manjar Repostero 1kg,Industrial/Repostería,1.0,4.1,Línea 1 - Marmitas 500L,250,Mañana (06:00 - 14:00)
LOT-202605-0676,2026-05-07,PROD002,LIN001,TUR003,747.51,40.0,4.0,200,201.31,192.53,8.78,0.8,0.81,0.0,0.81,108.04,66.87,347.95,137.67,36.45,522.07,2.59,Aprobado con Observaciones,Manjar Tradicional 500g,Familiar,0.5,3.8,Línea 1 - Marmitas 500L,250,Noche (22:00 - 06:00)
LOT-202605-0677,2026-05-07,PROD003,LIN001,TUR003,980.55,50.0,5.0,250,242.11,233.75,8.36,1.0,1.03,0.0,1.03,123.23,78.61,454.33,157.31,46.35,657.99,2.72,Aprobado con Observaciones,Manjar Tradicional 1kg,Familiar,1.0,3.8,Línea 1 - Marmitas 500L,250,Noche (22:00 - 06:00)
LOT-202605-0678,2026-05-07,PROD003,LIN002,TUR001,1527.49,80.0,8.0,400,393.81,380.66,13.15,0.8,0.81,0.91,1.72,188.0,140.21,709.55,242.43,129.0,1080.98,2.74,Aprobado con Observaciones,Manjar Tradicional 1kg,Familiar,1.0,3.8,Línea 2 - Marmitas 1000L,500,Mañana (06:00 - 14:00)
LOT-202605-0679,2026-05-07,PROD001,LIN002,TUR001,1883.67,100.0,10.0,500,485.41,474.32,11.09,1.0,0.98,0.0,0.98,229.31,144.11,876.14,292.47,73.5,1242.11,2.56,Aprobado A1,Manjar Tradicional 250g,Familiar,0.25,3.8,Línea 2 - Marmitas 1000L,500,Mañana (06:00 - 14:00)
LOT-202605-0680,2026-05-07,PROD002,LIN003,TUR002,3930.26,200.0,20.0,1000,961.77,955.79,5.98,1.25,1.28,0.0,1.28,511.98,347.62,1820.71,656.09,140.8,2617.6,2.72,Aprobado A1,Manjar Tradicional 500g,Familiar,0.5,3.8,Línea 3 - Continua 2000L,800,Tarde (14:00 - 22:00)
LOT-202605-0681,2026-05-07,PROD003,LIN003,TUR003,2985.68,160.0,16.0,800,776.91,676.47,100.44,1.0,1.04,0.55,1.59,362.7,260.52,1389.99,466.5,174.9,2031.39,2.61,Rechazado / Reproceso,Manjar Tradicional 1kg,Familiar,1.0,3.8,Línea 3 - Continua 2000L,800,Noche (22:00 - 06:00)
LOT-202605-0682,2026-05-07,PROD004,LIN003,TUR003,2859.43,140.0,14.0,700,698.41,674.55,23.86,0.88,0.87,0.0,0.87,347.44,226.43,1319.96,444.1,95.7,1859.76,2.66,Aprobado con Observaciones,Manjar Repostero 1kg,Industrial/Repostería,1.0,4.1,Línea 3 - Continua 2000L,800,Noche (22:00 - 06:00)
LOT-202605-0683,2026-05-08,PROD004,LIN001,TUR001,1195.37,60.0,6.0,300,296.84,294.4,2.44,1.2,1.23,0.0,1.23,151.29,107.45,553.06,194.44,55.35,802.85,2.7,Aprobado A1,Manjar Repostero 1kg,Industrial/Repostería,1.0,4.1,Línea 1 - Marmitas 500L,250,Mañana (06:00 - 14:00)
LOT-202605-0684,2026-05-08,PROD003,LIN001,TUR001,929.87,50.0,5.0,250,245.92,237.27,8.65,1.0,1.06,0.41,1.47,124.82,87.49,433.05,160.28,66.15,659.48,2.68,Aprobado con Observaciones,Manjar Tradicional 1kg,Familiar,1.0,3.8,Línea 1 - Marmitas 500L,250,Mañana (06:00 - 14:00)
LOT-202605-0685,2026-05-08,PROD003,LIN002,TUR001,1553.19,80.0,8.0,400,393.56,387.18,6.38,0.8,0.83,0.79,1.62,190.83,145.28,720.34,246.43,121.5,1088.27,2.77,Aprobado A1,Manjar Tradicional 1kg,Familiar,1.0,3.8,Línea 2 - Marmitas 1000L,500,Mañana (06:00 - 14:00)
LOT-202605-0686,2026-05-08,PROD001,LIN002,TUR002,2321.37,120.0,12.0,600,567.74,559.57,8.17,1.2,1.22,0.0,1.22,263.69,170.18,1076.98,336.85,91.5,1505.33,2.65,Aprobado A1,Manjar Tradicional 250g,Familiar,0.25,3.8,Línea 2 - Marmitas 1000L,500,Tarde (14:00 - 22:00)
LOT-202605-0687,2026-05-08,PROD004,LIN002,TUR002,1684.97,80.0,8.0,400,397.94,382.16,15.78,0.8,0.81,0.0,0.81,203.31,121.29,775.69,258.53,60.75,1094.97,2.75,Aprobado con Observaciones,Manjar Repostero 1kg,Industrial/Repostería,1.0,4.1,Línea 2 - Marmitas 1000L,500,Tarde (14:00 - 22:00)
LOT-202605-0688,2026-05-08,PROD002,LIN003,TUR001,3883.28,200.0,20.0,1000,977.27,943.95,33.32,1.25,1.24,0.0,1.24,480.13,337.95,1800.98,616.71,136.4,2554.09,2.61,Aprobado con Observaciones,Manjar Tradicional 500g,Familiar,0.5,3.8,Línea 3 - Continua 2000L,800,Mañana (06:00 - 14:00)
LOT-202605-0689,2026-05-08,PROD001,LIN003,TUR002,3121.91,160.0,16.0,800,759.85,741.68,18.17,1.0,1.0,0.77,1.77,352.12,275.49,1447.2,455.6,194.7,2097.5,2.76,Aprobado A1,Manjar Tradicional 250g,Familiar,0.25,3.8,Línea 3 - Continua 2000L,800,Tarde (14:00 - 22:00)
LOT-202605-0690,2026-05-08,PROD002,LIN003,TUR002,3807.92,200.0,20.0,1000,927.4,915.78,11.62,1.25,1.26,0.0,1.26,464.67,281.89,1769.33,591.43,138.6,2499.36,2.7,Aprobado A1,Manjar Tradicional 500g,Familiar,0.5,3.8,Línea 3 - Continua 2000L,800,Tarde (14:00 - 22:00)
LOT-202605-0691,2026-05-09,PROD005,LIN001,TUR002,1096.57,50.0,5.0,250,247.7,241.64,6.06,1.0,0.99,0.0,0.99,121.4,81.18,503.06,155.42,44.55,703.03,2.84,Aprobado A1,Manjar Alfajorero 5kg,Industrial,5.0,4.3,Línea 1 - Marmitas 500L,250,Tarde (14:00 - 22:00)
LOT-202605-0692,2026-05-09,PROD002,LIN001,TUR003,1179.81,60.0,6.0,300,297.01,284.04,12.97,1.2,1.2,0.0,1.2,146.22,87.2,546.52,185.93,54.0,786.45,2.65,Aprobado con Observaciones,Manjar Tradicional 500g,Familiar,0.5,3.8,Línea 1 - Marmitas 500L,250,Noche (22:00 - 06:00)
LOT-202605-0693,2026-05-09,PROD002,LIN001,TUR001,772.59,40.0,4.0,200,194.95,182.26,12.69,0.8,0.78,0.0,0.78,91.32,70.27,358.49,118.02,35.1,511.61,2.62,Rechazado / Reproceso,Manjar Tradicional 500g,Familiar,0.5,3.8,Línea 1 - Marmitas 500L,250,Mañana (06:00 - 14:00)
LOT-202605-0694,2026-05-09,PROD004,LIN002,TUR001,1661.05,80.0,8.0,400,378.48,354.87,23.61,0.8,0.79,0.0,0.79,185.53,139.7,765.64,239.4,59.25,1064.29,2.81,Rechazado / Reproceso,Manjar Repostero 1kg,Industrial/Repostería,1.0,4.1,Línea 2 - Marmitas 1000L,500,Mañana (06:00 - 14:00)
LOT-202605-0695,2026-05-09,PROD005,LIN002,TUR003,1691.96,80.0,8.0,400,389.71,369.25,20.46,0.8,0.78,0.0,0.78,181.95,113.77,778.62,231.99,58.5,1069.11,2.74,Rechazado / Reproceso,Manjar Alfajorero 5kg,Industrial,5.0,4.3,Línea 2 - Marmitas 1000L,500,Noche (22:00 - 06:00)
LOT-202605-0696,2026-05-10,PROD002,LIN001,TUR001,973.0,50.0,5.0,250,244.6,231.56,13.04,1.0,1.01,0.35,1.36,119.49,88.54,451.16,154.01,61.2,666.37,2.72,Rechazado / Reproceso,Manjar Tradicional 500g,Familiar,0.5,3.8,Línea 1 - Marmitas 500L,250,Mañana (06:00 - 14:00)
LOT-202605-0697,2026-05-10,PROD004,LIN002,TUR002,2450.97,120.0,12.0,600,564.37,558.51,5.86,1.2,1.29,0.72,2.01,296.69,176.76,1131.41,377.24,150.75,1659.4,2.94,Aprobado A1,Manjar Repostero 1kg,Industrial/Repostería,1.0,4.1,Línea 2 - Marmitas 1000L,500,Tarde (14:00 - 22:00)
LOT-202605-0698,2026-05-10,PROD003,LIN003,TUR001,2760.46,140.0,14.0,700,658.83,635.54,23.29,0.88,0.94,0.0,0.94,339.83,196.9,1278.39,431.42,103.4,1813.21,2.75,Aprobado con Observaciones,Manjar Tradicional 1kg,Familiar,1.0,3.8,Línea 3 - Continua 2000L,800,Mañana (06:00 - 14:00)
LOT-202605-0699,2026-05-10,PROD004,LIN003,TUR002,3985.6,200.0,20.0,1000,965.04,946.6,18.44,1.25,1.23,0.0,1.23,515.27,331.07,1843.95,658.05,135.3,2637.3,2.73,Aprobado A1,Manjar Repostero 1kg,Industrial/Repostería,1.0,4.1,Línea 3 - Continua 2000L,800,Tarde (14:00 - 22:00)
LOT-202605-0700,2026-05-11,PROD004,LIN001,TUR001,1270.96,60.0,6.0,300,295.66,277.8,17.86,1.2,1.25,0.0,1.25,136.99,86.58,584.8,174.78,56.25,815.83,2.76,Rechazado / Reproceso,Manjar Repostero 1kg,Industrial/Repostería,1.0,4.1,Línea 1 - Marmitas 500L,250,Mañana (06:00 - 14:00)
LOT-202605-0701,2026-05-11,PROD003,LIN002,TUR002,1883.35,100.0,10.0,500,497.75,494.43,3.32,1.0,0.99,0.0,0.99,258.35,166.35,876.01,329.98,74.25,1280.24,2.57,Aprobado A1,Manjar Tradicional 1kg,Familiar,1.0,3.8,Línea 2 - Marmitas 1000L,500,Tarde (14:00 - 22:00)
LOT-202605-0702,2026-05-11,PROD001,LIN002,TUR002,1935.49,100.0,10.0,500,485.39,469.16,16.23,1.0,1.03,0.0,1.03,230.8,157.71,897.91,295.89,77.25,1271.05,2.62,Aprobado con Observaciones,Manjar Tradicional 250g,Familiar,0.25,3.8,Línea 2 - Marmitas 1000L,500,Tarde (14:00 - 22:00)
LOT-202605-0703,2026-05-11,PROD001,LIN002,TUR001,1484.19,80.0,8.0,400,371.11,360.91,10.2,0.8,0.83,0.91,1.74,172.4,109.3,691.36,220.0,130.5,1041.86,2.81,Aprobado con Observaciones,Manjar Tradicional 250g,Familiar,0.25,3.8,Línea 2 - Marmitas 1000L,500,Mañana (06:00 - 14:00)
LOT-202605-0704,2026-05-11,PROD001,LIN003,TUR002,3076.99,160.0,16.0,800,799.25,776.35,22.9,1.0,1.05,0.0,1.05,412.75,283.79,1428.34,529.35,115.5,2073.19,2.59,Aprobado con Observaciones,Manjar Tradicional 250g,Familiar,0.25,3.8,Línea 3 - Continua 2000L,800,Tarde (14:00 - 22:00)
LOT-202605-0705,2026-05-11,PROD002,LIN003,TUR002,3766.52,200.0,20.0,1000,966.92,920.46,46.46,1.25,1.33,0.66,1.99,514.43,334.98,1751.94,657.51,218.9,2628.35,2.72,Aprobado con Observaciones,Manjar Tradicional 500g,Familiar,0.5,3.8,Línea 3 - Continua 2000L,800,Tarde (14:00 - 22:00)
LOT-202605-0706,2026-05-12,PROD001,LIN001,TUR001,781.96,40.0,4.0,200,195.18,189.44,5.74,0.8,0.86,0.0,0.86,93.45,63.48,362.42,119.76,38.7,520.88,2.67,Aprobado con Observaciones,Manjar Tradicional 250g,Familiar,0.25,3.8,Línea 1 - Marmitas 500L,250,Mañana (06:00 - 14:00)
LOT-202605-0707,2026-05-12,PROD004,LIN001,TUR001,824.04,40.0,4.0,200,186.85,182.23,4.62,0.8,0.77,0.0,0.77,91.7,54.85,380.1,116.62,34.65,531.37,2.84,Aprobado A1,Manjar Repostero 1kg,Industrial/Repostería,1.0,4.1,Línea 1 - Marmitas 500L,250,Mañana (06:00 - 14:00)
LOT-202605-0708,2026-05-12,PROD004,LIN002,TUR003,1666.61,80.0,8.0,400,373.48,351.59,21.89,0.8,0.78,0.0,0.78,179.64,130.82,767.98,231.27,58.5,1057.75,2.83,Rechazado / Reproceso,Manjar Repostero 1kg,Industrial/Repostería,1.0,4.1,Línea 2 - Marmitas 1000L,500,Noche (22:00 - 06:00)
LOT-202605-0709,2026-05-12,PROD003,LIN003,TUR003,3801.46,200.0,20.0,1000,970.65,903.61,67.04,1.25,1.21,0.0,1.21,519.33,317.48,1766.61,661.29,133.1,2561.0,2.64,Rechazado / Reproceso,Manjar Tradicional 1kg,Familiar,1.0,3.8,Línea 3 - Continua 2000L,800,Noche (22:00 - 06:00)
LOT-202605-0710,2026-05-13,PROD005,LIN001,TUR002,892.01,40.0,4.0,200,194.59,182.22,12.37,0.8,0.79,0.41,1.2,101.69,69.04,408.64,130.31,54.0,592.95,3.05,Rechazado / Reproceso,Manjar Alfajorero 5kg,Industrial,5.0,4.3,Línea 1 - Marmitas 500L,250,Tarde (14:00 - 22:00)
LOT-202605-0711,2026-05-13,PROD005,LIN001,TUR001,852.68,40.0,4.0,200,196.63,177.98,18.65,0.8,0.81,0.19,1.0,103.73,60.45,392.13,131.73,45.0,568.86,2.89,Rechazado / Reproceso,Manjar Alfajorero 5kg,Industrial,5.0,4.3,Línea 1 - Marmitas 500L,250,Mañana (06:00 - 14:00)
LOT-202605-0712,2026-05-13,PROD001,LIN001,TUR003,751.91,40.0,4.0,200,196.1,190.45,5.65,0.8,0.84,0.98,1.82,92.94,70.54,349.8,119.99,81.9,551.69,2.81,Aprobado con Observaciones,Manjar Tradicional 250g,Familiar,0.25,3.8,Línea 1 - Marmitas 500L,250,Noche (22:00 - 06:00)
LOT-202605-0713,2026-05-13,PROD001,LIN002,TUR003,1494.0,80.0,8.0,400,390.06,377.2,12.86,0.8,0.76,0.0,0.76,209.86,113.62,695.48,265.47,57.0,1017.95,2.61,Aprobado con Observaciones,Manjar Tradicional 250g,Familiar,0.25,3.8,Línea 2 - Marmitas 1000L,500,Noche (22:00 - 06:00)
LOT-202605-0714,2026-05-13,PROD005,LIN003,TUR003,3046.24,140.0,14.0,700,676.07,669.69,6.38,0.88,0.9,0.0,0.9,355.49,218.56,1398.42,452.82,99.0,1950.24,2.88,Aprobado A1,Manjar Alfajorero 5kg,Industrial,5.0,4.3,Línea 3 - Continua 2000L,800,Noche (22:00 - 06:00)
LOT-202605-0715,2026-05-13,PROD004,LIN003,TUR002,2788.86,140.0,14.0,700,686.24,670.75,15.49,0.88,0.91,0.0,0.91,317.38,219.23,1290.32,407.16,100.1,1797.58,2.62,Aprobado A1,Manjar Repostero 1kg,Industrial/Repostería,1.0,4.1,Línea 3 - Continua 2000L,800,Tarde (14:00 - 22:00)
LOT-202605-0716,2026-05-14,PROD005,LIN001,TUR001,870.86,40.0,4.0,200,198.46,190.67,7.79,0.8,0.84,0.0,0.84,104.48,58.07,399.76,132.34,37.8,569.9,2.87,Aprobado con Observaciones,Manjar Alfajorero 5kg,Industrial,5.0,4.3,Línea 1 - Marmitas 500L,250,Mañana (06:00 - 14:00)
LOT-202605-0717,2026-05-14,PROD001,LIN002,TUR001,1534.56,80.0,8.0,400,406.82,386.13,20.69,0.8,0.78,0.0,0.78,206.9,139.43,712.52,265.01,58.5,1036.03,2.55,Rechazado / Reproceso,Manjar Tradicional 250g,Familiar,0.25,3.8,Línea 2 - Marmitas 1000L,500,Mañana (06:00 - 14:00)
LOT-202605-0718,2026-05-14,PROD005,LIN002,TUR002,2126.01,100.0,10.0,500,497.19,484.13,13.06,1.0,1.02,0.0,1.02,258.47,148.78,977.92,328.02,76.5,1382.44,2.78,Aprobado con Observaciones,Manjar Alfajorero 5kg,Industrial,5.0,4.3,Línea 2 - Marmitas 1000L,500,Tarde (14:00 - 22:00)
LOT-202605-0719,2026-05-14,PROD004,LIN003,TUR002,2854.61,140.0,14.0,700,682.56,648.26,34.3,0.88,0.93,0.0,0.93,343.33,240.34,1317.94,440.84,102.3,1861.08,2.73,Rechazado / Reproceso,Manjar Repostero 1kg,Industrial/Repostería,1.0,4.1,Línea 3 - Continua 2000L,800,Tarde (14:00 - 22:00)
LOT-202605-0720,2026-05-14,PROD004,LIN003,TUR003,4168.11,200.0,20.0,1000,980.28,885.2,95.08,1.25,1.32,0.0,1.32,489.69,353.41,1920.61,630.04,145.2,2695.85,2.75,Rechazado / Reproceso,Manjar Repostero 1kg,Industrial/Repostería,1.0,4.1,Línea 3 - Continua 2000L,800,Noche (22:00 - 06:00)
LOT-202605-0721,2026-05-14,PROD002,LIN003,TUR001,2952.1,160.0,16.0,800,757.54,744.86,12.68,1.0,1.07,0.18,1.25,358.59,224.11,1375.88,457.2,137.5,1970.58,2.6,Aprobado A1,Manjar Tradicional 500g,Familiar,0.5,3.8,Línea 3 - Continua 2000L,800,Mañana (06:00 - 14:00)
LOT-202605-0722,2026-05-15,PROD004,LIN001,TUR002,1003.39,50.0,5.0,250,246.3,240.97,5.33,1.0,1.0,0.0,1.0,115.42,85.66,463.92,148.78,45.0,657.7,2.67,Aprobado A1,Manjar Repostero 1kg,Industrial/Repostería,1.0,4.1,Línea 1 - Marmitas 500L,250,Tarde (14:00 - 22:00)
LOT-202605-0723,2026-05-15,PROD001,LIN001,TUR003,984.67,50.0,5.0,250,250.27,237.01,13.26,1.0,0.98,0.0,0.98,129.61,84.38,456.06,165.66,44.1,665.82,2.66,Rechazado / Reproceso,Manjar Tradicional 250g,Familiar,0.25,3.8,Línea 1 - Marmitas 500L,250,Noche (22:00 - 06:00)
LOT-202605-0724,2026-05-15,PROD005,LIN001,TUR001,888.12,40.0,4.0,200,195.94,190.07,5.87,0.8,0.8,0.0,0.8,104.94,58.34,407.01,132.93,36.0,575.94,2.94,Aprobado con Observaciones,Manjar Alfajorero 5kg,Industrial,5.0,4.3,Línea 1 - Marmitas 500L,250,Mañana (06:00 - 14:00)
LOT-202605-0725,2026-05-15,PROD001,LIN002,TUR003,2354.81,120.0,12.0,600,587.39,570.06,17.33,1.2,1.18,0.0,1.18,316.68,180.24,1091.02,401.64,88.5,1581.16,2.69,Aprobado con Observaciones,Manjar Tradicional 250g,Familiar,0.25,3.8,Línea 2 - Marmitas 1000L,500,Noche (22:00 - 06:00)
LOT-202605-0726,2026-05-15,PROD005,LIN002,TUR002,2661.45,120.0,12.0,600,578.06,560.98,17.08,1.2,1.14,0.31,1.45,300.75,210.39,1219.81,386.15,108.75,1714.71,2.97,Aprobado con Observaciones,Manjar Alfajorero 5kg,Industrial,5.0,4.3,Línea 2 - Marmitas 1000L,500,Tarde (14:00 - 22:00)
LOT-202605-0727,2026-05-15,PROD001,LIN003,TUR001,3909.12,200.0,20.0,1000,988.69,982.95,5.74,1.25,1.23,0.0,1.23,496.0,352.45,1811.83,637.49,135.3,2584.62,2.61,Aprobado A1,Manjar Tradicional 250g,Familiar,0.25,3.8,Línea 3 - Continua 2000L,800,Mañana (06:00 - 14:00)
LOT-202605-0728,2026-05-16,PROD001,LIN001,TUR002,954.3,50.0,5.0,250,235.71,232.72,2.99,1.0,0.98,0.0,0.98,112.62,69.76,443.31,143.52,44.1,630.93,2.68,Aprobado A1,Manjar Tradicional 250g,Familiar,0.25,3.8,Línea 1 - Marmitas 500L,250,Tarde (14:00 - 22:00)
LOT-202605-0729,2026-05-16,PROD003,LIN002,TUR002,2328.99,120.0,12.0,600,590.27,583.5,6.77,1.2,1.26,0.0,1.26,297.88,210.73,1080.18,382.74,94.5,1557.42,2.64,Aprobado A1,Manjar Tradicional 1kg,Familiar,1.0,3.8,Línea 2 - Marmitas 1000L,500,Tarde (14:00 - 22:00)
LOT-202605-0730,2026-05-16,PROD001,LIN002,TUR003,2212.87,120.0,12.0,600,569.19,553.81,15.38,1.2,1.21,0.92,2.13,267.83,193.97,1031.41,344.67,159.75,1535.83,2.7,Aprobado con Observaciones,Manjar Tradicional 250g,Familiar,0.25,3.8,Línea 2 - Marmitas 1000L,500,Noche (22:00 - 06:00)
LOT-202605-0731,2026-05-16,PROD002,LIN003,TUR001,2963.11,160.0,16.0,800,782.28,767.58,14.7,1.0,1.0,0.0,1.0,399.76,257.17,1380.51,510.57,110.0,2001.08,2.56,Aprobado A1,Manjar Tradicional 500g,Familiar,0.5,3.8,Línea 3 - Continua 2000L,800,Mañana (06:00 - 14:00)
LOT-202605-0732,2026-05-16,PROD002,LIN003,TUR002,2743.13,140.0,14.0,700,688.49,663.55,24.94,0.88,0.9,0.36,1.26,341.34,213.29,1271.11,435.2,138.6,1844.91,2.68,Aprobado con Observaciones,Manjar Tradicional 500g,Familiar,0.5,3.8,Línea 3 - Continua 2000L,800,Tarde (14:00 - 22:00)
LOT-202605-0733,2026-05-16,PROD004,LIN003,TUR001,2877.27,140.0,14.0,700,674.62,667.16,7.46,0.88,0.86,0.0,0.86,336.73,217.88,1327.45,430.22,94.6,1852.27,2.75,Aprobado A1,Manjar Repostero 1kg,Industrial/Repostería,1.0,4.1,Línea 3 - Continua 2000L,800,Mañana (06:00 - 14:00)
LOT-202605-0734,2026-05-17,PROD003,LIN001,TUR003,784.54,40.0,4.0,200,198.11,196.32,1.79,0.8,0.81,0.0,0.81,97.45,71.91,363.51,125.57,36.45,525.53,2.65,Aprobado A1,Manjar Tradicional 1kg,Familiar,1.0,3.8,Línea 1 - Marmitas 500L,250,Noche (22:00 - 06:00)
LOT-202605-0735,2026-05-17,PROD003,LIN001,TUR002,1123.27,60.0,6.0,300,294.56,292.27,2.29,1.2,1.17,0.0,1.17,138.1,108.24,522.77,178.71,52.65,754.13,2.56,Aprobado A1,Manjar Tradicional 1kg,Familiar,1.0,3.8,Línea 1 - Marmitas 500L,250,Tarde (14:00 - 22:00)
LOT-202605-0736,2026-05-17,PROD005,LIN002,TUR003,1782.81,80.0,8.0,400,372.5,360.86,11.64,0.8,0.85,0.0,0.85,172.82,114.3,816.78,221.1,63.75,1101.63,2.96,Aprobado con Observaciones,Manjar Alfajorero 5kg,Industrial,5.0,4.3,Línea 2 - Marmitas 1000L,500,Noche (22:00 - 06:00)
LOT-202605-0737,2026-05-17,PROD005,LIN003,TUR002,4240.03,200.0,20.0,1000,991.81,964.74,27.07,1.25,1.34,0.53,1.87,478.69,289.55,1950.81,609.17,205.7,2765.68,2.79,Aprobado con Observaciones,Manjar Alfajorero 5kg,Industrial,5.0,4.3,Línea 3 - Continua 2000L,800,Tarde (14:00 - 22:00)
LOT-202605-0738,2026-05-18,PROD002,LIN001,TUR001,971.37,50.0,5.0,250,248.16,241.92,6.24,1.0,1.06,0.0,1.06,124.17,85.93,450.48,159.32,47.7,657.5,2.65,Aprobado con Observaciones,Manjar Tradicional 500g,Familiar,0.5,3.8,Línea 1 - Marmitas 500L,250,Mañana (06:00 - 14:00)
LOT-202605-0739,2026-05-18,PROD004,LIN001,TUR001,838.03,40.0,4.0,200,195.4,187.55,7.85,0.8,0.82,0.0,0.82,101.51,61.39,385.97,129.18,36.9,552.05,2.83,Aprobado con Observaciones,Manjar Repostero 1kg,Industrial/Repostería,1.0,4.1,Línea 1 - Marmitas 500L,250,Mañana (06:00 - 14:00)
LOT-202605-0740,2026-05-18,PROD004,LIN001,TUR001,810.57,40.0,4.0,200,196.58,187.74,8.84,0.8,0.81,0.0,0.81,104.7,65.39,374.44,133.49,36.45,544.38,2.77,Aprobado con Observaciones,Manjar Repostero 1kg,Industrial/Repostería,1.0,4.1,Línea 1 - Marmitas 500L,250,Mañana (06:00 - 14:00)
LOT-202605-0741,2026-05-18,PROD004,LIN002,TUR003,2125.03,100.0,10.0,500,494.6,464.05,30.55,1.0,1.02,0.0,1.02,246.38,147.74,977.51,313.38,76.5,1367.39,2.76,Rechazado / Reproceso,Manjar Repostero 1kg,Industrial/Repostería,1.0,4.1,Línea 2 - Marmitas 1000L,500,Noche (22:00 - 06:00)
LOT-202605-0742,2026-05-18,PROD001,LIN003,TUR001,3731.02,200.0,20.0,1000,996.75,952.15,44.6,1.25,1.23,0.0,1.23,503.69,307.59,1737.03,641.34,135.3,2513.67,2.52,Aprobado con Observaciones,Manjar Tradicional 250g,Familiar,0.25,3.8,Línea 3 - Continua 2000L,800,Mañana (06:00 - 14:00)
LOT-202605-0743,2026-05-19,PROD004,LIN001,TUR002,1222.19,60.0,6.0,300,285.02,277.53,7.49,1.2,1.18,0.0,1.18,149.23,95.1,564.32,190.49,53.1,807.91,2.83,Aprobado con Observaciones,Manjar Repostero 1kg,Industrial/Repostería,1.0,4.1,Línea 1 - Marmitas 500L,250,Tarde (14:00 - 22:00)
LOT-202605-0744,2026-05-19,PROD003,LIN001,TUR003,754.32,40.0,4.0,200,197.17,187.55,9.62,0.8,0.78,0.0,0.78,93.25,68.98,350.81,120.18,35.1,506.09,2.57,Aprobado con Observaciones,Manjar Tradicional 1kg,Familiar,1.0,3.8,Línea 1 - Marmitas 500L,250,Noche (22:00 - 06:00)
LOT-202605-0745,2026-05-19,PROD001,LIN002,TUR001,1908.86,100.0,10.0,500,490.67,474.15,16.52,1.0,0.98,0.26,1.24,260.26,152.94,886.72,330.66,93.0,1310.38,2.67,Aprobado con Observaciones,Manjar Tradicional 250g,Familiar,0.25,3.8,Línea 2 - Marmitas 1000L,500,Mañana (06:00 - 14:00)
LOT-202605-0746,2026-05-19,PROD003,LIN002,TUR003,1917.99,100.0,10.0,500,475.78,466.12,9.66,1.0,1.0,0.0,1.0,236.83,145.99,890.56,301.71,75.0,1267.27,2.66,Aprobado A1,Manjar Tradicional 1kg,Familiar,1.0,3.8,Línea 2 - Marmitas 1000L,500,Noche (22:00 - 06:00)
LOT-202605-0747,2026-05-19,PROD002,LIN003,TUR001,3876.21,200.0,20.0,1000,973.32,948.62,24.7,1.25,1.23,0.82,2.05,489.6,308.04,1798.01,624.48,225.5,2647.99,2.72,Aprobado con Observaciones,Manjar Tradicional 500g,Familiar,0.5,3.8,Línea 3 - Continua 2000L,800,Mañana (06:00 - 14:00)
LOT-202605-0748,2026-05-19,PROD001,LIN003,TUR003,3075.3,160.0,16.0,800,752.01,710.16,41.85,1.0,1.0,0.42,1.42,364.32,255.65,1427.63,467.86,156.2,2051.69,2.73,Rechazado / Reproceso,Manjar Tradicional 250g,Familiar,0.25,3.8,Línea 3 - Continua 2000L,800,Noche (22:00 - 06:00)
LOT-202605-0749,2026-05-19,PROD004,LIN003,TUR002,4132.27,200.0,20.0,1000,983.09,974.65,8.44,1.25,1.25,0.25,1.5,512.47,311.06,1905.55,652.29,165.0,2722.84,2.77,Aprobado A1,Manjar Repostero 1kg,Industrial/Repostería,1.0,4.1,Línea 3 - Continua 2000L,800,Tarde (14:00 - 22:00)
LOT-202605-0750,2026-05-20,PROD005,LIN001,TUR002,1329.98,60.0,6.0,300,295.08,285.64,9.44,1.2,1.27,0.91,2.18,146.96,85.58,609.59,186.62,98.1,894.31,3.03,Aprobado con Observaciones,Manjar Alfajorero 5kg,Industrial,5.0,4.3,Línea 1 - Marmitas 500L,250,Tarde (14:00 - 22:00)
LOT-202605-0751,2026-05-20,PROD001,LIN001,TUR001,764.42,40.0,4.0,200,194.27,183.38,10.89,0.8,0.82,0.0,0.82,95.36,63.71,355.06,122.08,36.9,514.04,2.65,Rechazado / Reproceso,Manjar Tradicional 250g,Familiar,0.25,3.8,Línea 1 - Marmitas 500L,250,Mañana (06:00 - 14:00)
LOT-202605-0752,2026-05-20,PROD003,LIN001,TUR003,956.79,50.0,5.0,250,249.6,231.33,18.27,1.0,0.97,0.0,0.97,126.01,82.17,444.35,161.07,43.65,649.07,2.6,Rechazado / Reproceso,Manjar Tradicional 1kg,Familiar,1.0,3.8,Línea 1 - Marmitas 500L,250,Noche (22:00 - 06:00)
LOT-202605-0753,2026-05-20,PROD001,LIN002,TUR003,1929.73,100.0,10.0,500,476.34,431.44,44.9,1.0,1.0,0.0,1.0,252.51,173.22,895.49,323.8,75.0,1294.29,2.72,Rechazado / Reproceso,Manjar Tradicional 250g,Familiar,0.25,3.8,Línea 2 - Marmitas 1000L,500,Noche (22:00 - 06:00)
LOT-202605-0754,2026-05-20,PROD002,LIN002,TUR002,1866.81,100.0,10.0,500,494.11,491.64,2.47,1.0,0.96,0.24,1.2,247.17,143.81,869.06,313.86,90.0,1272.92,2.58,Aprobado A1,Manjar Tradicional 500g,Familiar,0.5,3.8,Línea 2 - Marmitas 1000L,500,Tarde (14:00 - 22:00)
LOT-202605-0755,2026-05-20,PROD003,LIN002,TUR001,2255.48,120.0,12.0,600,584.16,579.79,4.37,1.2,1.17,0.0,1.17,309.05,212.75,1049.3,396.39,87.75,1533.44,2.63,Aprobado A1,Manjar Tradicional 1kg,Familiar,1.0,3.8,Línea 2 - Marmitas 1000L,500,Mañana (06:00 - 14:00)
LOT-202605-0756,2026-05-21,PROD002,LIN001,TUR002,1175.62,60.0,6.0,300,296.52,294.68,1.84,1.2,1.27,0.0,1.27,146.35,106.05,544.76,188.35,57.15,790.26,2.67,Aprobado A1,Manjar Tradicional 500g,Familiar,0.5,3.8,Línea 1 - Marmitas 500L,250,Tarde (14:00 - 22:00)
LOT-202605-0757,2026-05-21,PROD001,LIN001,TUR002,1162.51,60.0,6.0,300,289.03,262.92,26.11,1.2,1.16,0.0,1.16,153.71,87.73,539.25,194.98,52.2,786.43,2.72,Rechazado / Reproceso,Manjar Tradicional 250g,Familiar,0.25,3.8,Línea 1 - Marmitas 500L,250,Tarde (14:00 - 22:00)
LOT-202605-0758,2026-05-21,PROD005,LIN003,TUR001,4292.36,200.0,20.0,1000,994.52,913.52,81.0,1.25,1.3,0.0,1.3,473.29,328.63,1972.79,607.38,143.0,2723.17,2.74,Rechazado / Reproceso,Manjar Alfajorero 5kg,Industrial,5.0,4.3,Línea 3 - Continua 2000L,800,Mañana (06:00 - 14:00)
LOT-202605-0759,2026-05-21,PROD002,LIN003,TUR003,3910.0,200.0,20.0,1000,1004.65,974.49,30.16,1.25,1.33,0.0,1.33,536.91,298.43,1812.2,680.1,146.3,2638.6,2.63,Aprobado con Observaciones,Manjar Tradicional 500g,Familiar,0.5,3.8,Línea 3 - Continua 2000L,800,Noche (22:00 - 06:00)
LOT-202605-0760,2026-05-22,PROD002,LIN002,TUR002,2311.61,120.0,12.0,600,558.59,534.27,24.32,1.2,1.18,0.8,1.98,289.94,175.87,1072.88,369.03,148.5,1590.41,2.85,Aprobado con Observaciones,Manjar Tradicional 500g,Familiar,0.5,3.8,Línea 2 - Marmitas 1000L,500,Tarde (14:00 - 22:00)
LOT-202605-0761,2026-05-22,PROD002,LIN003,TUR002,2685.41,140.0,14.0,700,678.89,665.64,13.25,0.88,0.91,0.49,1.4,347.15,221.3,1246.87,443.14,154.0,1844.01,2.72,Aprobado A1,Manjar Tradicional 500g,Familiar,0.5,3.8,Línea 3 - Continua 2000L,800,Tarde (14:00 - 22:00)
LOT-202605-0762,2026-05-22,PROD002,LIN003,TUR001,3788.59,200.0,20.0,1000,976.81,957.77,19.04,1.25,1.31,0.0,1.31,504.01,322.64,1761.21,643.53,144.1,2548.84,2.61,Aprobado A1,Manjar Tradicional 500g,Familiar,0.5,3.8,Línea 3 - Continua 2000L,800,Mañana (06:00 - 14:00)
LOT-202605-0763,2026-05-23,PROD001,LIN001,TUR003,750.94,40.0,4.0,200,194.59,181.84,12.75,0.8,0.82,0.0,0.82,98.67,56.96,349.39,125.24,36.9,511.53,2.63,Rechazado / Reproceso,Manjar Tradicional 250g,Familiar,0.25,3.8,Línea 1 - Marmitas 500L,250,Noche (22:00 - 06:00)
LOT-202605-0764,2026-05-23,PROD001,LIN001,TUR003,979.31,50.0,5.0,250,231.72,224.68,7.04,1.0,1.03,0.0,1.03,115.25,70.65,453.81,146.78,46.35,646.94,2.79,Aprobado con Observaciones,Manjar Tradicional 250g,Familiar,0.25,3.8,Línea 1 - Marmitas 500L,250,Noche (22:00 - 06:00)
LOT-202605-0765,2026-05-23,PROD004,LIN002,TUR003,2505.79,120.0,12.0,600,592.32,572.75,19.57,1.2,1.23,0.0,1.23,274.37,215.79,1154.43,355.14,92.25,1601.82,2.7,Aprobado con Observaciones,Manjar Repostero 1kg,Industrial/Repostería,1.0,4.1,Línea 2 - Marmitas 1000L,500,Noche (22:00 - 06:00)
LOT-202605-0766,2026-05-23,PROD002,LIN002,TUR003,1519.19,80.0,8.0,400,395.98,394.0,1.98,0.8,0.77,0.0,0.77,188.44,145.64,706.06,243.6,57.75,1007.41,2.54,Aprobado A1,Manjar Tradicional 500g,Familiar,0.5,3.8,Línea 2 - Marmitas 1000L,500,Noche (22:00 - 06:00)
LOT-202605-0767,2026-05-23,PROD002,LIN002,TUR001,2264.77,120.0,12.0,600,604.4,559.31,45.09,1.2,1.24,0.29,1.53,281.91,186.7,1053.2,360.7,114.75,1528.65,2.53,Rechazado / Reproceso,Manjar Tradicional 500g,Familiar,0.5,3.8,Línea 2 - Marmitas 1000L,500,Mañana (06:00 - 14:00)
LOT-202605-0768,2026-05-23,PROD002,LIN003,TUR001,3833.72,200.0,20.0,1000,990.04,978.55,11.49,1.25,1.28,0.0,1.28,492.13,306.34,1780.16,627.32,140.8,2548.28,2.57,Aprobado A1,Manjar Tradicional 500g,Familiar,0.5,3.8,Línea 3 - Continua 2000L,800,Mañana (06:00 - 14:00)
LOT-202605-0769,2026-05-24,PROD002,LIN002,TUR002,1962.44,100.0,10.0,500,496.58,462.25,34.33,1.0,0.98,0.0,0.98,251.72,152.82,909.22,320.4,73.5,1303.12,2.62,Rechazado / Reproceso,Manjar Tradicional 500g,Familiar,0.5,3.8,Línea 2 - Marmitas 1000L,500,Tarde (14:00 - 22:00)
LOT-202605-0770,2026-05-24,PROD005,LIN002,TUR001,1712.84,80.0,8.0,400,386.06,355.16,30.9,0.8,0.85,0.0,0.85,183.39,118.48,787.39,234.29,63.75,1085.43,2.81,Rechazado / Reproceso,Manjar Alfajorero 5kg,Industrial,5.0,4.3,Línea 2 - Marmitas 1000L,500,Mañana (06:00 - 14:00)
LOT-202605-0771,2026-05-24,PROD004,LIN003,TUR003,2869.43,140.0,14.0,700,672.94,645.31,27.63,0.88,0.93,0.0,0.93,346.29,240.06,1324.16,444.36,102.3,1870.82,2.78,Aprobado con Observaciones,Manjar Repostero 1kg,Industrial/Repostería,1.0,4.1,Línea 3 - Continua 2000L,800,Noche (22:00 - 06:00)
LOT-202605-0772,2026-05-24,PROD004,LIN003,TUR001,3339.12,160.0,16.0,800,755.73,679.61,76.12,1.0,1.01,0.0,1.01,405.67,243.45,1538.43,516.02,111.1,2165.55,2.87,Rechazado / Reproceso,Manjar Repostero 1kg,Industrial/Repostería,1.0,4.1,Línea 3 - Continua 2000L,800,Mañana (06:00 - 14:00)
LOT-202605-0773,2026-05-25,PROD004,LIN001,TUR002,1247.7,60.0,6.0,300,294.05,268.62,25.43,1.2,1.21,0.0,1.21,143.85,103.75,575.03,185.07,54.45,814.55,2.77,Rechazado / Reproceso,Manjar Repostero 1kg,Industrial/Repostería,1.0,4.1,Línea 1 - Marmitas 500L,250,Tarde (14:00 - 22:00)
LOT-202605-0774,2026-05-25,PROD004,LIN001,TUR003,1056.7,50.0,5.0,250,235.48,234.3,1.18,1.0,1.0,0.0,1.0,124.75,76.48,486.31,158.88,45.0,690.19,2.93,Aprobado A1,Manjar Repostero 1kg,Industrial/Repostería,1.0,4.1,Línea 1 - Marmitas 500L,250,Noche (22:00 - 06:00)
LOT-202605-0775,2026-05-25,PROD001,LIN002,TUR002,1891.82,100.0,10.0,500,499.47,467.98,31.49,1.0,1.0,0.0,1.0,236.9,159.11,879.56,303.37,75.0,1257.93,2.52,Rechazado / Reproceso,Manjar Tradicional 250g,Familiar,0.25,3.8,Línea 2 - Marmitas 1000L,500,Tarde (14:00 - 22:00)
LOT-202605-0776,2026-05-25,PROD003,LIN003,TUR003,2691.13,140.0,14.0,700,676.41,671.86,4.55,0.88,0.89,0.84,1.73,359.46,214.85,1249.27,457.13,190.3,1896.7,2.8,Aprobado A1,Manjar Tradicional 1kg,Familiar,1.0,3.8,Línea 3 - Continua 2000L,800,Noche (22:00 - 06:00)
LOT-202605-0777,2026-05-25,PROD004,LIN003,TUR003,4047.06,200.0,20.0,1000,993.59,902.43,91.16,1.25,1.25,0.5,1.75,514.59,352.72,1869.77,659.83,192.5,2722.1,2.74,Rechazado / Reproceso,Manjar Repostero 1kg,Industrial/Repostería,1.0,4.1,Línea 3 - Continua 2000L,800,Noche (22:00 - 06:00)
LOT-202605-0778,2026-05-26,PROD001,LIN001,TUR002,1165.59,60.0,6.0,300,291.11,289.65,1.46,1.2,1.16,0.0,1.16,144.0,87.13,540.55,183.26,52.2,776.01,2.67,Aprobado A1,Manjar Tradicional 250g,Familiar,0.25,3.8,Línea 1 - Marmitas 500L,250,Tarde (14:00 - 22:00)
LOT-202605-0779,2026-05-26,PROD002,LIN001,TUR003,987.66,50.0,5.0,250,245.2,235.69,9.51,1.0,1.05,0.0,1.05,131.14,76.5,457.32,166.55,47.25,671.12,2.74,Aprobado con Observaciones,Manjar Tradicional 500g,Familiar,0.5,3.8,Línea 1 - Marmitas 500L,250,Noche (22:00 - 06:00)
LOT-202605-0780,2026-05-26,PROD002,LIN001,TUR002,1159.38,60.0,6.0,300,294.07,286.2,7.87,1.2,1.15,0.0,1.15,142.76,90.49,537.94,182.17,51.75,771.86,2.62,Aprobado con Observaciones,Manjar Tradicional 500g,Familiar,0.5,3.8,Línea 1 - Marmitas 500L,250,Tarde (14:00 - 22:00)
LOT-202605-0781,2026-05-26,PROD002,LIN002,TUR001,2257.54,120.0,12.0,600,591.64,541.12,50.52,1.2,1.15,0.0,1.15,272.75,187.7,1050.17,349.82,86.25,1486.24,2.51,Rechazado / Reproceso,Manjar Tradicional 500g,Familiar,0.5,3.8,Línea 2 - Marmitas 1000L,500,Mañana (06:00 - 14:00)
LOT-202605-0782,2026-05-26,PROD003,LIN002,TUR002,1523.55,80.0,8.0,400,395.16,388.42,6.74,0.8,0.8,0.96,1.76,199.52,125.51,707.89,254.49,132.0,1094.38,2.77,Aprobado A1,Manjar Tradicional 1kg,Familiar,1.0,3.8,Línea 2 - Marmitas 1000L,500,Tarde (14:00 - 22:00)
LOT-202605-0783,2026-05-26,PROD003,LIN003,TUR002,3108.58,160.0,16.0,800,777.64,750.74,26.9,1.0,1.02,0.0,1.02,405.3,272.26,1441.6,519.03,112.2,2072.83,2.67,Aprobado con Observaciones,Manjar Tradicional 1kg,Familiar,1.0,3.8,Línea 3 - Continua 2000L,800,Tarde (14:00 - 22:00)
LOT-202605-0784,2026-05-26,PROD003,LIN003,TUR003,3816.54,200.0,20.0,1000,957.53,899.63,57.9,1.25,1.25,0.0,1.25,454.15,289.87,1772.95,579.76,137.5,2490.21,2.6,Rechazado / Reproceso,Manjar Tradicional 1kg,Familiar,1.0,3.8,Línea 3 - Continua 2000L,800,Noche (22:00 - 06:00)
LOT-202605-0785,2026-05-26,PROD004,LIN003,TUR003,3262.42,160.0,16.0,800,764.92,711.45,53.47,1.0,0.99,0.0,0.99,382.6,254.41,1506.22,489.65,108.9,2104.77,2.75,Rechazado / Reproceso,Manjar Repostero 1kg,Industrial/Repostería,1.0,4.1,Línea 3 - Continua 2000L,800,Noche (22:00 - 06:00)
LOT-202605-0786,2026-05-27,PROD004,LIN001,TUR002,1053.53,50.0,5.0,250,242.98,236.95,6.03,1.0,1.0,1.01,2.01,119.9,78.59,484.98,153.31,90.45,728.74,3.0,Aprobado A1,Manjar Repostero 1kg,Industrial/Repostería,1.0,4.1,Línea 1 - Marmitas 500L,250,Tarde (14:00 - 22:00)
LOT-202605-0787,2026-05-27,PROD002,LIN001,TUR003,770.12,40.0,4.0,200,189.77,180.57,9.2,0.8,0.83,0.0,0.83,91.09,63.68,357.45,116.95,37.35,511.75,2.7,Aprobado con Observaciones,Manjar Tradicional 500g,Familiar,0.5,3.8,Línea 1 - Marmitas 500L,250,Noche (22:00 - 06:00)
LOT-202605-0788,2026-05-27,PROD003,LIN002,TUR001,2307.57,120.0,12.0,600,594.61,574.16,20.45,1.2,1.18,0.0,1.18,284.9,194.9,1071.18,365.27,88.5,1524.95,2.56,Aprobado con Observaciones,Manjar Tradicional 1kg,Familiar,1.0,3.8,Línea 2 - Marmitas 1000L,500,Mañana (06:00 - 14:00)
LOT-202605-0789,2026-05-27,PROD003,LIN003,TUR001,2962.59,160.0,16.0,800,746.89,715.17,31.72,1.0,1.01,0.32,1.33,350.21,252.69,1380.29,450.57,146.3,1977.16,2.65,Aprobado con Observaciones,Manjar Tradicional 1kg,Familiar,1.0,3.8,Línea 3 - Continua 2000L,800,Mañana (06:00 - 14:00)
LOT-202605-0790,2026-05-28,PROD002,LIN001,TUR002,1182.61,60.0,6.0,300,277.93,276.54,1.39,1.2,1.28,0.0,1.28,137.12,86.38,547.7,174.91,57.6,780.21,2.81,Aprobado A1,Manjar Tradicional 500g,Familiar,0.5,3.8,Línea 1 - Marmitas 500L,250,Tarde (14:00 - 22:00)
LOT-202605-0791,2026-05-28,PROD005,LIN002,TUR003,2631.69,120.0,12.0,600,582.78,537.45,45.33,1.2,1.15,0.0,1.15,297.42,189.52,1207.31,379.65,86.25,1673.21,2.87,Rechazado / Reproceso,Manjar Alfajorero 5kg,Industrial,5.0,4.3,Línea 2 - Marmitas 1000L,500,Noche (22:00 - 06:00)
LOT-202605-0792,2026-05-28,PROD002,LIN003,TUR002,3886.45,200.0,20.0,1000,945.9,930.05,15.85,1.25,1.31,0.0,1.31,442.46,322.9,1802.31,569.7,144.1,2516.11,2.66,Aprobado A1,Manjar Tradicional 500g,Familiar,0.5,3.8,Línea 3 - Continua 2000L,800,Tarde (14:00 - 22:00)
LOT-202605-0793,2026-05-29,PROD004,LIN001,TUR001,1018.82,50.0,5.0,250,246.19,239.11,7.08,1.0,1.04,0.28,1.32,117.6,78.7,470.4,150.56,59.4,680.36,2.76,Aprobado con Observaciones,Manjar Repostero 1kg,Industrial/Repostería,1.0,4.1,Línea 1 - Marmitas 500L,250,Mañana (06:00 - 14:00)
LOT-202605-0794,2026-05-29,PROD003,LIN001,TUR003,941.89,50.0,5.0,250,246.57,236.47,10.1,1.0,1.06,0.91,1.97,119.19,79.08,438.09,152.52,88.65,679.26,2.75,Aprobado con Observaciones,Manjar Tradicional 1kg,Familiar,1.0,3.8,Línea 1 - Marmitas 500L,250,Noche (22:00 - 06:00)
LOT-202605-0795,2026-05-29,PROD002,LIN001,TUR001,768.23,40.0,4.0,200,189.97,189.02,0.95,0.8,0.81,0.0,0.81,101.06,69.87,356.66,129.66,36.45,522.77,2.75,Aprobado A1,Manjar Tradicional 500g,Familiar,0.5,3.8,Línea 1 - Marmitas 500L,250,Mañana (06:00 - 14:00)
LOT-202605-0796,2026-05-29,PROD005,LIN002,TUR002,2570.21,120.0,12.0,600,598.08,576.04,22.04,1.2,1.29,0.0,1.29,320.42,189.82,1181.49,407.28,96.75,1685.52,2.82,Aprobado con Observaciones,Manjar Alfajorero 5kg,Industrial,5.0,4.3,Línea 2 - Marmitas 1000L,500,Tarde (14:00 - 22:00)
LOT-202605-0797,2026-05-29,PROD003,LIN002,TUR001,1490.37,80.0,8.0,400,392.17,385.51,6.66,0.8,0.77,0.86,1.63,203.66,125.14,693.96,259.41,122.25,1075.62,2.74,Aprobado A1,Manjar Tradicional 1kg,Familiar,1.0,3.8,Línea 2 - Marmitas 1000L,500,Mañana (06:00 - 14:00)
LOT-202605-0798,2026-05-29,PROD001,LIN002,TUR002,2227.37,120.0,12.0,600,578.68,573.72,4.96,1.2,1.15,0.0,1.15,268.78,194.05,1037.5,345.82,86.25,1469.57,2.54,Aprobado A1,Manjar Tradicional 250g,Familiar,0.25,3.8,Línea 2 - Marmitas 1000L,500,Tarde (14:00 - 22:00)
LOT-202605-0799,2026-05-29,PROD002,LIN003,TUR003,3914.1,200.0,20.0,1000,957.01,889.91,67.1,1.25,1.2,0.0,1.2,509.6,287.68,1813.92,646.04,132.0,2591.96,2.71,Rechazado / Reproceso,Manjar Tradicional 500g,Familiar,0.5,3.8,Línea 3 - Continua 2000L,800,Noche (22:00 - 06:00)
LOT-202605-0800,2026-05-29,PROD003,LIN003,TUR001,2622.58,140.0,14.0,700,685.5,654.34,31.16,0.88,0.89,0.75,1.64,339.56,224.9,1220.48,434.46,180.4,1835.34,2.68,Aprobado con Observaciones,Manjar Tradicional 1kg,Familiar,1.0,3.8,Línea 3 - Continua 2000L,800,Mañana (06:00 - 14:00)
LOT-202605-0801,2026-05-30,PROD002,LIN001,TUR003,941.45,50.0,5.0,250,231.9,224.95,6.95,1.0,1.0,0.0,1.0,118.45,81.27,437.91,151.89,45.0,634.8,2.74,Aprobado con Observaciones,Manjar Tradicional 500g,Familiar,0.5,3.8,Línea 1 - Marmitas 500L,250,Noche (22:00 - 06:00)
LOT-202605-0802,2026-05-30,PROD001,LIN001,TUR002,961.49,50.0,5.0,250,243.59,239.67,3.92,1.0,1.03,0.97,2.0,125.26,80.44,446.33,159.96,90.0,696.29,2.86,Aprobado A1,Manjar Tradicional 250g,Familiar,0.25,3.8,Línea 1 - Marmitas 500L,250,Tarde (14:00 - 22:00)
LOT-202605-0803,2026-05-30,PROD004,LIN001,TUR001,823.39,40.0,4.0,200,192.75,189.72,3.03,0.8,0.81,0.0,0.81,98.5,64.2,379.82,125.9,36.45,542.17,2.81,Aprobado A1,Manjar Repostero 1kg,Industrial/Repostería,1.0,4.1,Línea 1 - Marmitas 500L,250,Mañana (06:00 - 14:00)
LOT-202605-0804,2026-05-30,PROD002,LIN002,TUR001,1909.74,100.0,10.0,500,481.91,460.4,21.51,1.0,1.05,0.0,1.05,227.71,169.3,887.09,293.57,78.75,1259.41,2.61,Aprobado con Observaciones,Manjar Tradicional 500g,Familiar,0.5,3.8,Línea 2 - Marmitas 1000L,500,Mañana (06:00 - 14:00)
LOT-202605-0805,2026-05-30,PROD005,LIN003,TUR003,2988.32,140.0,14.0,700,682.97,657.37,25.6,0.88,0.9,0.4,1.3,330.9,237.77,1374.09,425.61,143.0,1942.7,2.84,Aprobado con Observaciones,Manjar Alfajorero 5kg,Industrial,5.0,4.3,Línea 3 - Continua 2000L,800,Noche (22:00 - 06:00)
LOT-202605-0806,2026-05-31,PROD004,LIN001,TUR002,1034.67,50.0,5.0,250,247.3,246.06,1.24,1.0,1.06,0.0,1.06,122.8,77.14,477.06,156.62,47.7,681.38,2.76,Aprobado A1,Manjar Repostero 1kg,Industrial/Repostería,1.0,4.1,Línea 1 - Marmitas 500L,250,Tarde (14:00 - 22:00)
LOT-202605-0807,2026-05-31,PROD002,LIN001,TUR001,1162.99,60.0,6.0,300,288.62,281.32,7.3,1.2,1.26,0.0,1.26,137.73,95.31,539.46,176.71,56.7,772.87,2.68,Aprobado con Observaciones,Manjar Tradicional 500g,Familiar,0.5,3.8,Línea 1 - Marmitas 500L,250,Mañana (06:00 - 14:00)
LOT-202605-0808,2026-05-31,PROD001,LIN002,TUR001,1509.03,80.0,8.0,400,389.46,365.76,23.7,0.8,0.81,0.0,0.81,187.88,131.85,701.79,241.28,60.75,1003.82,2.58,Rechazado / Reproceso,Manjar Tradicional 250g,Familiar,0.25,3.8,Línea 2 - Marmitas 1000L,500,Mañana (06:00 - 14:00)
LOT-202605-0809,2026-05-31,PROD001,LIN003,TUR003,3007.54,160.0,16.0,800,773.67,762.48,11.19,1.0,1.05,0.0,1.05,365.2,242.86,1399.17,467.38,115.5,1982.05,2.56,Aprobado A1,Manjar Tradicional 250g,Familiar,0.25,3.8,Línea 3 - Continua 2000L,800,Noche (22:00 - 06:00)
LOT-202606-0810,2026-06-01,PROD004,LIN001,TUR001,1035.34,50.0,5.0,250,247.3,241.51,5.79,1.0,1.07,0.0,1.07,129.31,85.79,477.34,165.47,48.15,690.96,2.79,Aprobado A1,Manjar Repostero 1kg,Industrial/Repostería,1.0,4.1,Línea 1 - Marmitas 500L,250,Mañana (06:00 - 14:00)
LOT-202606-0811,2026-06-01,PROD004,LIN002,TUR003,1611.94,80.0,8.0,400,389.2,376.44,12.76,0.8,0.84,0.86,1.7,199.03,126.17,745.01,253.98,127.5,1126.49,2.89,Aprobado con Observaciones,Manjar Repostero 1kg,Industrial/Repostería,1.0,4.1,Línea 2 - Marmitas 1000L,500,Noche (22:00 - 06:00)
LOT-202606-0812,2026-06-01,PROD004,LIN002,TUR001,2396.58,120.0,12.0,600,608.14,593.63,14.51,1.2,1.24,0.0,1.24,295.98,179.63,1108.56,376.73,93.0,1578.29,2.6,Aprobado A1,Manjar Repostero 1kg,Industrial/Repostería,1.0,4.1,Línea 2 - Marmitas 1000L,500,Mañana (06:00 - 14:00)
LOT-202606-0813,2026-06-01,PROD005,LIN003,TUR001,4218.63,200.0,20.0,1000,975.51,878.02,97.49,1.25,1.27,0.22,1.49,470.34,318.12,1941.82,602.58,163.9,2708.3,2.78,Rechazado / Reproceso,Manjar Alfajorero 5kg,Industrial,5.0,4.3,Línea 3 - Continua 2000L,800,Mañana (06:00 - 14:00)
LOT-202606-0814,2026-06-02,PROD003,LIN002,TUR001,1543.33,80.0,8.0,400,386.06,372.42,13.64,0.8,0.8,0.7,1.5,189.63,112.22,716.2,241.02,112.5,1069.72,2.77,Aprobado con Observaciones,Manjar Tradicional 1kg,Familiar,1.0,3.8,Línea 2 - Marmitas 1000L,500,Mañana (06:00 - 14:00)
LOT-202606-0815,2026-06-02,PROD003,LIN002,TUR002,1501.94,80.0,8.0,400,382.63,360.3,22.33,0.8,0.8,0.0,0.8,186.87,137.91,698.81,240.79,60.0,999.6,2.61,Rechazado / Reproceso,Manjar Tradicional 1kg,Familiar,1.0,3.8,Línea 2 - Marmitas 1000L,500,Tarde (14:00 - 22:00)
LOT-202606-0816,2026-06-02,PROD005,LIN002,TUR001,1761.47,80.0,8.0,400,382.07,365.71,16.36,0.8,0.83,0.0,0.83,185.39,117.83,807.82,236.61,62.25,1106.68,2.9,Aprobado con Observaciones,Manjar Alfajorero 5kg,Industrial,5.0,4.3,Línea 2 - Marmitas 1000L,500,Mañana (06:00 - 14:00)
LOT-202606-0817,2026-06-02,PROD002,LIN003,TUR002,2998.38,160.0,16.0,800,801.68,695.92,105.76,1.0,1.05,0.97,2.02,371.93,260.61,1395.32,477.59,222.2,2095.11,2.61,Rechazado / Reproceso,Manjar Tradicional 500g,Familiar,0.5,3.8,Línea 3 - Continua 2000L,800,Tarde (14:00 - 22:00)
LOT-202606-0818,2026-06-02,PROD002,LIN003,TUR001,3074.4,160.0,16.0,800,757.88,717.29,40.59,1.0,0.98,0.0,0.98,370.35,280.13,1427.25,478.04,107.8,2013.09,2.66,Rechazado / Reproceso,Manjar Tradicional 500g,Familiar,0.5,3.8,Línea 3 - Continua 2000L,800,Mañana (06:00 - 14:00)
LOT-202606-0819,2026-06-03,PROD001,LIN001,TUR003,953.29,50.0,5.0,250,243.81,236.26,7.55,1.0,1.04,1.05,2.09,131.65,72.35,442.88,166.66,94.05,703.59,2.89,Aprobado con Observaciones,Manjar Tradicional 250g,Familiar,0.25,3.8,Línea 1 - Marmitas 500L,250,Noche (22:00 - 06:00)
LOT-202606-0820,2026-06-03,PROD004,LIN002,TUR001,2093.2,100.0,10.0,500,499.87,496.48,3.39,1.0,1.07,0.0,1.07,253.78,153.35,964.14,322.94,80.25,1367.33,2.74,Aprobado A1,Manjar Repostero 1kg,Industrial/Repostería,1.0,4.1,Línea 2 - Marmitas 1000L,500,Mañana (06:00 - 14:00)
LOT-202606-0821,2026-06-03,PROD003,LIN002,TUR002,2277.81,120.0,12.0,600,570.44,563.91,6.53,1.2,1.26,0.0,1.26,302.52,170.42,1058.68,383.47,94.5,1536.65,2.69,Aprobado A1,Manjar Tradicional 1kg,Familiar,1.0,3.8,Línea 2 - Marmitas 1000L,500,Tarde (14:00 - 22:00)
LOT-202606-0822,2026-06-03,PROD002,LIN003,TUR002,3081.87,160.0,16.0,800,800.74,785.41,15.33,1.0,1.07,0.0,1.07,424.2,290.74,1430.39,543.93,117.7,2092.02,2.61,Aprobado A1,Manjar Tradicional 500g,Familiar,0.5,3.8,Línea 3 - Continua 2000L,800,Tarde (14:00 - 22:00)
LOT-202606-0823,2026-06-03,PROD001,LIN003,TUR003,3111.06,160.0,16.0,800,789.35,776.13,13.22,1.0,1.07,0.0,1.07,424.27,258.24,1442.65,540.11,117.7,2100.46,2.66,Aprobado A1,Manjar Tradicional 250g,Familiar,0.25,3.8,Línea 3 - Continua 2000L,800,Noche (22:00 - 06:00)
LOT-202606-0824,2026-06-04,PROD004,LIN001,TUR001,1262.79,60.0,6.0,300,276.62,265.44,11.18,1.2,1.15,0.0,1.15,142.04,82.35,581.37,180.33,51.75,813.45,2.94,Aprobado con Observaciones,Manjar Repostero 1kg,Industrial/Repostería,1.0,4.1,Línea 1 - Marmitas 500L,250,Mañana (06:00 - 14:00)
LOT-202606-0825,2026-06-04,PROD004,LIN001,TUR003,1210.0,60.0,6.0,300,286.88,282.61,4.27,1.2,1.27,0.53,1.8,137.16,87.43,559.2,175.08,81.0,815.28,2.84,Aprobado A1,Manjar Repostero 1kg,Industrial/Repostería,1.0,4.1,Línea 1 - Marmitas 500L,250,Noche (22:00 - 06:00)
LOT-202606-0826,2026-06-04,PROD003,LIN001,TUR002,1183.52,60.0,6.0,300,295.07,285.32,9.75,1.2,1.27,0.55,1.82,153.12,105.65,548.08,196.42,81.9,826.4,2.8,Aprobado con Observaciones,Manjar Tradicional 1kg,Familiar,1.0,3.8,Línea 1 - Marmitas 500L,250,Tarde (14:00 - 22:00)
LOT-202606-0827,2026-06-04,PROD001,LIN002,TUR001,1475.92,80.0,8.0,400,392.71,380.66,12.05,0.8,0.82,0.98,1.8,211.83,128.12,687.89,269.57,135.0,1092.46,2.78,Aprobado con Observaciones,Manjar Tradicional 250g,Familiar,0.25,3.8,Línea 2 - Marmitas 1000L,500,Mañana (06:00 - 14:00)
LOT-202606-0828,2026-06-04,PROD003,LIN002,TUR003,1858.67,100.0,10.0,500,480.47,442.59,37.88,1.0,0.98,0.92,1.9,238.56,143.05,865.64,303.44,142.5,1311.58,2.73,Rechazado / Reproceso,Manjar Tradicional 1kg,Familiar,1.0,3.8,Línea 2 - Marmitas 1000L,500,Noche (22:00 - 06:00)
LOT-202606-0829,2026-06-04,PROD003,LIN003,TUR001,3039.56,160.0,16.0,800,745.88,723.74,22.14,1.0,0.97,0.83,1.8,361.43,242.33,1412.62,462.8,198.0,2073.42,2.78,Aprobado con Observaciones,Manjar Tradicional 1kg,Familiar,1.0,3.8,Línea 3 - Continua 2000L,800,Mañana (06:00 - 14:00)
LOT-202606-0830,2026-06-04,PROD001,LIN003,TUR003,2654.23,140.0,14.0,700,703.27,699.75,3.52,0.88,0.94,0.97,1.91,353.5,234.3,1233.78,452.32,210.1,1896.2,2.7,Aprobado A1,Manjar Tradicional 250g,Familiar,0.25,3.8,Línea 3 - Continua 2000L,800,Noche (22:00 - 06:00)
LOT-202606-0831,2026-06-04,PROD005,LIN003,TUR001,3375.03,160.0,16.0,800,787.4,741.22,46.18,1.0,1.01,0.0,1.01,422.37,255.06,1553.51,537.45,111.1,2202.06,2.8,Rechazado / Reproceso,Manjar Alfajorero 5kg,Industrial,5.0,4.3,Línea 3 - Continua 2000L,800,Mañana (06:00 - 14:00)
LOT-202606-0832,2026-06-05,PROD004,LIN001,TUR002,1058.89,50.0,5.0,250,252.35,249.0,3.35,1.0,1.0,0.0,1.0,135.45,74.38,487.23,171.47,45.0,703.7,2.79,Aprobado A1,Manjar Repostero 1kg,Industrial/Repostería,1.0,4.1,Línea 1 - Marmitas 500L,250,Tarde (14:00 - 22:00)
LOT-202606-0833,2026-06-05,PROD004,LIN002,TUR001,1635.71,80.0,8.0,400,380.37,366.79,13.58,0.8,0.77,1.05,1.82,178.73,132.81,755.0,230.41,136.5,1121.91,2.95,Aprobado con Observaciones,Manjar Repostero 1kg,Industrial/Repostería,1.0,4.1,Línea 2 - Marmitas 1000L,500,Mañana (06:00 - 14:00)
LOT-202606-0834,2026-06-06,PROD002,LIN001,TUR003,972.08,50.0,5.0,250,232.01,228.47,3.54,1.0,0.99,0.0,0.99,112.27,69.6,450.77,143.08,44.55,638.4,2.75,Aprobado A1,Manjar Tradicional 500g,Familiar,0.5,3.8,Línea 1 - Marmitas 500L,250,Noche (22:00 - 06:00)
LOT-202606-0835,2026-06-06,PROD005,LIN001,TUR002,838.44,40.0,4.0,200,202.17,197.47,4.7,0.8,0.84,0.59,1.43,104.48,72.63,386.14,134.09,64.35,584.58,2.89,Aprobado A1,Manjar Alfajorero 5kg,Industrial,5.0,4.3,Línea 1 - Marmitas 500L,250,Tarde (14:00 - 22:00)
LOT-202606-0836,2026-06-06,PROD002,LIN002,TUR003,1483.82,80.0,8.0,400,394.9,386.9,8.0,0.8,0.85,0.0,0.85,184.98,138.85,691.2,238.64,63.75,993.59,2.52,Aprobado A1,Manjar Tradicional 500g,Familiar,0.5,3.8,Línea 2 - Marmitas 1000L,500,Noche (22:00 - 06:00)
LOT-202606-0837,2026-06-06,PROD003,LIN002,TUR002,2292.65,120.0,12.0,600,582.11,534.59,47.52,1.2,1.2,0.0,1.2,298.77,173.65,1064.91,379.36,90.0,1534.27,2.64,Rechazado / Reproceso,Manjar Tradicional 1kg,Familiar,1.0,3.8,Línea 2 - Marmitas 1000L,500,Tarde (14:00 - 22:00)
LOT-202606-0838,2026-06-06,PROD004,LIN003,TUR003,4217.34,200.0,20.0,1000,967.49,926.85,40.64,1.25,1.22,0.0,1.22,518.89,325.13,1941.28,661.68,134.2,2737.16,2.83,Aprobado con Observaciones,Manjar Repostero 1kg,Industrial/Repostería,1.0,4.1,Línea 3 - Continua 2000L,800,Noche (22:00 - 06:00)
LOT-202606-0839,2026-06-06,PROD001,LIN003,TUR001,3072.25,160.0,16.0,800,788.72,753.72,35.0,1.0,1.02,0.0,1.02,391.88,283.21,1426.35,504.24,112.2,2042.79,2.59,Aprobado con Observaciones,Manjar Tradicional 250g,Familiar,0.25,3.8,Línea 3 - Continua 2000L,800,Mañana (06:00 - 14:00)
LOT-202606-0840,2026-06-06,PROD001,LIN003,TUR002,3884.01,200.0,20.0,1000,970.9,953.77,17.13,1.25,1.34,0.0,1.34,482.08,350.76,1801.28,620.59,147.4,2569.27,2.65,Aprobado A1,Manjar Tradicional 250g,Familiar,0.25,3.8,Línea 3 - Continua 2000L,800,Tarde (14:00 - 22:00)
LOT-202606-0841,2026-06-07,PROD003,LIN001,TUR002,751.92,40.0,4.0,200,198.12,193.33,4.79,0.8,0.79,0.68,1.47,102.88,69.39,349.81,131.78,66.15,547.74,2.76,Aprobado A1,Manjar Tradicional 1kg,Familiar,1.0,3.8,Línea 1 - Marmitas 500L,250,Tarde (14:00 - 22:00)
LOT-202606-0842,2026-06-07,PROD002,LIN001,TUR002,754.96,40.0,4.0,200,196.17,181.19,14.98,0.8,0.82,0.84,1.66,100.0,66.92,351.08,128.03,74.7,553.81,2.82,Rechazado / Reproceso,Manjar Tradicional 500g,Familiar,0.5,3.8,Línea 1 - Marmitas 500L,250,Tarde (14:00 - 22:00)
LOT-202606-0843,2026-06-07,PROD004,LIN001,TUR001,1055.67,50.0,5.0,250,243.49,236.71,6.78,1.0,1.0,0.17,1.17,129.71,84.25,485.88,165.76,52.65,704.29,2.89,Aprobado con Observaciones,Manjar Repostero 1kg,Industrial/Repostería,1.0,4.1,Línea 1 - Marmitas 500L,250,Mañana (06:00 - 14:00)
LOT-202606-0844,2026-06-07,PROD005,LIN002,TUR001,2178.58,100.0,10.0,500,470.67,466.71,3.96,1.0,1.06,0.0,1.06,229.32,149.82,1000.0,293.16,79.5,1372.66,2.92,Aprobado A1,Manjar Alfajorero 5kg,Industrial,5.0,4.3,Línea 2 - Marmitas 1000L,500,Mañana (06:00 - 14:00)
LOT-202606-0845,2026-06-07,PROD002,LIN002,TUR002,1564.31,80.0,8.0,400,395.01,353.21,41.8,0.8,0.84,0.0,0.84,207.81,122.32,725.01,264.05,63.0,1052.06,2.66,Rechazado / Reproceso,Manjar Tradicional 500g,Familiar,0.5,3.8,Línea 2 - Marmitas 1000L,500,Tarde (14:00 - 22:00)
LOT-202606-0846,2026-06-07,PROD002,LIN002,TUR003,1846.51,100.0,10.0,500,478.35,454.31,24.04,1.0,1.06,0.0,1.06,231.4,175.63,860.53,298.76,79.5,1238.79,2.59,Rechazado / Reproceso,Manjar Tradicional 500g,Familiar,0.5,3.8,Línea 2 - Marmitas 1000L,500,Noche (22:00 - 06:00)
LOT-202606-0847,2026-06-07,PROD004,LIN003,TUR002,4135.2,200.0,20.0,1000,978.38,948.46,29.92,1.25,1.19,0.0,1.19,508.51,339.05,1906.78,650.9,130.9,2688.58,2.75,Aprobado con Observaciones,Manjar Repostero 1kg,Industrial/Repostería,1.0,4.1,Línea 3 - Continua 2000L,800,Tarde (14:00 - 22:00)
LOT-202606-0848,2026-06-07,PROD003,LIN003,TUR002,3027.58,160.0,16.0,800,800.0,773.44,26.56,1.0,1.04,0.0,1.04,402.45,240.24,1407.58,511.77,114.4,2033.75,2.54,Aprobado con Observaciones,Manjar Tradicional 1kg,Familiar,1.0,3.8,Línea 3 - Continua 2000L,800,Tarde (14:00 - 22:00)
LOT-202606-0849,2026-06-08,PROD004,LIN002,TUR003,2003.54,100.0,10.0,500,496.82,487.97,8.85,1.0,1.05,0.0,1.05,239.23,177.33,926.49,308.36,78.75,1313.6,2.64,Aprobado A1,Manjar Repostero 1kg,Industrial/Repostería,1.0,4.1,Línea 2 - Marmitas 1000L,500,Noche (22:00 - 06:00)
LOT-202606-0850,2026-06-08,PROD004,LIN002,TUR003,2059.84,100.0,10.0,500,485.58,457.71,27.87,1.0,1.06,0.0,1.06,249.86,143.36,950.13,317.04,79.5,1346.67,2.77,Rechazado / Reproceso,Manjar Repostero 1kg,Industrial/Repostería,1.0,4.1,Línea 2 - Marmitas 1000L,500,Noche (22:00 - 06:00)
LOT-202606-0851,2026-06-08,PROD003,LIN002,TUR003,1969.0,100.0,10.0,500,493.5,464.64,28.86,1.0,1.05,0.0,1.05,244.86,164.37,911.98,313.56,78.75,1304.29,2.64,Rechazado / Reproceso,Manjar Tradicional 1kg,Familiar,1.0,3.8,Línea 2 - Marmitas 1000L,500,Noche (22:00 - 06:00)
LOT-202606-0852,2026-06-08,PROD002,LIN003,TUR003,3937.71,200.0,20.0,1000,949.42,906.44,42.98,1.25,1.23,0.0,1.23,463.95,284.42,1823.84,590.87,135.3,2550.01,2.69,Aprobado con Observaciones,Manjar Tradicional 500g,Familiar,0.5,3.8,Línea 3 - Continua 2000L,800,Noche (22:00 - 06:00)
LOT-202606-0853,2026-06-08,PROD001,LIN003,TUR003,2678.84,140.0,14.0,700,691.01,646.61,44.4,0.88,0.84,0.32,1.16,358.15,218.73,1244.11,456.03,127.6,1827.74,2.65,Rechazado / Reproceso,Manjar Tradicional 250g,Familiar,0.25,3.8,Línea 3 - Continua 2000L,800,Noche (22:00 - 06:00)
LOT-202606-0854,2026-06-09,PROD005,LIN001,TUR003,1286.29,60.0,6.0,300,290.84,272.08,18.76,1.2,1.18,0.0,1.18,154.24,95.97,591.24,196.6,53.1,840.94,2.89,Rechazado / Reproceso,Manjar Alfajorero 5kg,Industrial,5.0,4.3,Línea 1 - Marmitas 500L,250,Noche (22:00 - 06:00)
LOT-202606-0855,2026-06-09,PROD002,LIN001,TUR002,934.84,50.0,5.0,250,241.48,228.26,13.22,1.0,0.95,0.99,1.94,112.22,77.24,435.13,143.93,87.3,666.36,2.76,Rechazado / Reproceso,Manjar Tradicional 500g,Familiar,0.5,3.8,Línea 1 - Marmitas 500L,250,Tarde (14:00 - 22:00)
LOT-202606-0856,2026-06-09,PROD001,LIN002,TUR001,1894.17,100.0,10.0,500,466.44,412.16,54.28,1.0,1.06,0.36,1.42,240.06,141.04,880.55,305.0,106.5,1292.05,2.77,Rechazado / Reproceso,Manjar Tradicional 250g,Familiar,0.25,3.8,Línea 2 - Marmitas 1000L,500,Mañana (06:00 - 14:00)
LOT-202606-0857,2026-06-09,PROD003,LIN002,TUR003,1569.25,80.0,8.0,400,394.29,388.69,5.6,0.8,0.78,0.0,0.78,191.2,123.54,727.08,244.26,58.5,1029.84,2.61,Aprobado A1,Manjar Tradicional 1kg,Familiar,1.0,3.8,Línea 2 - Marmitas 1000L,500,Noche (22:00 - 06:00)
LOT-202606-0858,2026-06-09,PROD003,LIN002,TUR003,1537.19,80.0,8.0,400,380.68,375.68,5.0,0.8,0.81,0.0,0.81,195.17,135.73,713.62,250.49,60.75,1024.86,2.69,Aprobado A1,Manjar Tradicional 1kg,Familiar,1.0,3.8,Línea 2 - Marmitas 1000L,500,Noche (22:00 - 06:00)
LOT-202606-0859,2026-06-09,PROD005,LIN003,TUR001,3396.09,160.0,16.0,800,759.3,753.19,6.11,1.0,0.98,0.0,0.98,385.19,271.69,1562.36,494.83,107.8,2164.99,2.85,Aprobado A1,Manjar Alfajorero 5kg,Industrial,5.0,4.3,Línea 3 - Continua 2000L,800,Mañana (06:00 - 14:00)
LOT-202606-0860,2026-06-10,PROD003,LIN001,TUR003,1151.69,60.0,6.0,300,292.95,282.81,10.14,1.2,1.26,0.0,1.26,156.89,94.95,534.71,199.66,56.7,791.07,2.7,Aprobado con Observaciones,Manjar Tradicional 1kg,Familiar,1.0,3.8,Línea 1 - Marmitas 500L,250,Noche (22:00 - 06:00)
LOT-202606-0861,2026-06-10,PROD004,LIN001,TUR002,823.55,40.0,4.0,200,194.86,189.7,5.16,0.8,0.83,0.0,0.83,100.3,57.37,379.89,127.24,37.35,544.48,2.79,Aprobado con Observaciones,Manjar Repostero 1kg,Industrial/Repostería,1.0,4.1,Línea 1 - Marmitas 500L,250,Tarde (14:00 - 22:00)
LOT-202606-0862,2026-06-10,PROD001,LIN001,TUR001,753.54,40.0,4.0,200,195.87,185.64,10.23,0.8,0.85,0.33,1.18,103.03,70.49,350.49,132.09,53.1,535.68,2.73,Rechazado / Reproceso,Manjar Tradicional 250g,Familiar,0.25,3.8,Línea 1 - Marmitas 500L,250,Mañana (06:00 - 14:00)
LOT-202606-0863,2026-06-10,PROD002,LIN002,TUR003,1933.59,100.0,10.0,500,468.19,458.14,10.05,1.0,0.98,0.0,0.98,233.92,157.17,897.11,299.56,73.5,1270.17,2.71,Aprobado A1,Manjar Tradicional 500g,Familiar,0.5,3.8,Línea 2 - Marmitas 1000L,500,Noche (22:00 - 06:00)
LOT-202606-0864,2026-06-10,PROD005,LIN002,TUR001,1779.42,80.0,8.0,400,382.06,362.26,19.8,0.8,0.76,0.0,0.76,201.01,122.16,815.36,255.87,57.0,1128.23,2.95,Rechazado / Reproceso,Manjar Alfajorero 5kg,Industrial,5.0,4.3,Línea 2 - Marmitas 1000L,500,Mañana (06:00 - 14:00)
LOT-202606-0865,2026-06-10,PROD004,LIN002,TUR001,1607.06,80.0,8.0,400,383.37,361.03,22.34,0.8,0.8,0.0,0.8,182.63,138.13,742.97,235.73,60.0,1038.7,2.71,Rechazado / Reproceso,Manjar Repostero 1kg,Industrial/Repostería,1.0,4.1,Línea 2 - Marmitas 1000L,500,Mañana (06:00 - 14:00)
LOT-202606-0866,2026-06-10,PROD004,LIN003,TUR003,2867.45,140.0,14.0,700,678.87,665.66,13.21,0.88,0.88,0.0,0.88,333.76,234.67,1323.33,428.67,96.8,1848.8,2.72,Aprobado A1,Manjar Repostero 1kg,Industrial/Repostería,1.0,4.1,Línea 3 - Continua 2000L,800,Noche (22:00 - 06:00)
LOT-202606-0867,2026-06-10,PROD004,LIN003,TUR001,4174.89,200.0,20.0,1000,940.57,930.58,9.99,1.25,1.32,0.0,1.32,488.35,344.65,1923.45,627.38,145.2,2696.03,2.87,Aprobado A1,Manjar Repostero 1kg,Industrial/Repostería,1.0,4.1,Línea 3 - Continua 2000L,800,Mañana (06:00 - 14:00)
LOT-202606-0868,2026-06-11,PROD004,LIN001,TUR002,1217.76,60.0,6.0,300,298.79,292.09,6.7,1.2,1.26,0.23,1.49,149.83,87.5,562.46,190.3,67.05,819.81,2.74,Aprobado A1,Manjar Repostero 1kg,Industrial/Repostería,1.0,4.1,Línea 1 - Marmitas 500L,250,Tarde (14:00 - 22:00)
LOT-202606-0869,2026-06-11,PROD004,LIN001,TUR001,808.52,40.0,4.0,200,198.83,195.95,2.88,0.8,0.81,0.0,0.81,93.73,67.16,373.58,120.54,36.45,530.57,2.67,Aprobado A1,Manjar Repostero 1kg,Industrial/Repostería,1.0,4.1,Línea 1 - Marmitas 500L,250,Mañana (06:00 - 14:00)
LOT-202606-0870,2026-06-11,PROD001,LIN001,TUR003,1166.99,60.0,6.0,300,286.1,281.01,5.09,1.2,1.15,0.0,1.15,152.71,90.98,541.14,194.17,51.75,787.06,2.75,Aprobado A1,Manjar Tradicional 250g,Familiar,0.25,3.8,Línea 1 - Marmitas 500L,250,Noche (22:00 - 06:00)
LOT-202606-0871,2026-06-11,PROD001,LIN002,TUR002,1863.36,100.0,10.0,500,480.92,476.27,4.65,1.0,0.97,0.0,0.97,223.89,148.92,867.61,286.54,72.75,1226.9,2.55,Aprobado A1,Manjar Tradicional 250g,Familiar,0.25,3.8,Línea 2 - Marmitas 1000L,500,Tarde (14:00 - 22:00)
LOT-202606-0872,2026-06-11,PROD005,LIN002,TUR002,2531.69,120.0,12.0,600,586.38,567.31,19.07,1.2,1.15,0.83,1.98,287.11,176.78,1165.31,365.75,148.5,1679.56,2.86,Aprobado con Observaciones,Manjar Alfajorero 5kg,Industrial,5.0,4.3,Línea 2 - Marmitas 1000L,500,Tarde (14:00 - 22:00)
LOT-202606-0873,2026-06-11,PROD001,LIN002,TUR003,1475.03,80.0,8.0,400,369.81,366.94,2.87,0.8,0.86,0.0,0.86,186.25,107.83,687.51,236.44,64.5,988.45,2.67,Aprobado A1,Manjar Tradicional 250g,Familiar,0.25,3.8,Línea 2 - Marmitas 1000L,500,Noche (22:00 - 06:00)
LOT-202606-0874,2026-06-11,PROD005,LIN003,TUR003,3404.82,160.0,16.0,800,784.65,759.62,25.03,1.0,0.95,0.0,0.95,389.5,285.26,1566.02,501.63,104.5,2172.15,2.77,Aprobado con Observaciones,Manjar Alfajorero 5kg,Industrial,5.0,4.3,Línea 3 - Continua 2000L,800,Noche (22:00 - 06:00)
LOT-202606-0875,2026-06-11,PROD002,LIN003,TUR002,3919.93,200.0,20.0,1000,956.65,932.13,24.52,1.25,1.27,0.0,1.27,463.01,280.69,1816.37,589.29,139.7,2545.36,2.66,Aprobado con Observaciones,Manjar Tradicional 500g,Familiar,0.5,3.8,Línea 3 - Continua 2000L,800,Tarde (14:00 - 22:00)
LOT-202606-0876,2026-06-12,PROD002,LIN001,TUR002,781.9,40.0,4.0,200,193.2,186.89,6.31,0.8,0.83,0.0,0.83,95.04,67.21,362.4,122.11,37.35,521.86,2.7,Aprobado con Observaciones,Manjar Tradicional 500g,Familiar,0.5,3.8,Línea 1 - Marmitas 500L,250,Tarde (14:00 - 22:00)
LOT-202606-0877,2026-06-12,PROD002,LIN001,TUR001,775.11,40.0,4.0,200,195.68,180.27,15.41,0.8,0.82,0.0,0.82,94.82,62.9,359.55,121.33,36.9,517.78,2.65,Rechazado / Reproceso,Manjar Tradicional 500g,Familiar,0.5,3.8,Línea 1 - Marmitas 500L,250,Mañana (06:00 - 14:00)
LOT-202606-0878,2026-06-12,PROD004,LIN001,TUR001,1249.26,60.0,6.0,300,288.73,263.41,25.32,1.2,1.19,0.67,1.86,154.46,93.71,575.69,196.6,83.7,855.99,2.96,Rechazado / Reproceso,Manjar Repostero 1kg,Industrial/Repostería,1.0,4.1,Línea 1 - Marmitas 500L,250,Mañana (06:00 - 14:00)
LOT-202606-0879,2026-06-12,PROD004,LIN003,TUR003,4026.46,200.0,20.0,1000,1011.91,956.07,55.84,1.25,1.32,0.0,1.32,491.1,313.34,1861.11,626.92,145.2,2633.23,2.6,Rechazado / Reproceso,Manjar Repostero 1kg,Industrial/Repostería,1.0,4.1,Línea 3 - Continua 2000L,800,Noche (22:00 - 06:00)
LOT-202606-0880,2026-06-13,PROD003,LIN001,TUR003,1148.14,60.0,6.0,300,294.43,287.54,6.89,1.2,1.15,0.21,1.36,149.18,104.89,533.22,191.6,61.2,786.02,2.67,Aprobado A1,Manjar Tradicional 1kg,Familiar,1.0,3.8,Línea 1 - Marmitas 500L,250,Noche (22:00 - 06:00)
LOT-202606-0881,2026-06-13,PROD004,LIN001,TUR002,1208.19,60.0,6.0,300,288.8,285.09,3.71,1.2,1.18,0.0,1.18,139.35,103.34,558.44,179.62,53.1,791.16,2.74,Aprobado A1,Manjar Repostero 1kg,Industrial/Repostería,1.0,4.1,Línea 1 - Marmitas 500L,250,Tarde (14:00 - 22:00)
LOT-202606-0882,2026-06-13,PROD002,LIN002,TUR002,1554.8,80.0,8.0,400,379.41,369.11,10.3,0.8,0.8,0.0,0.8,180.05,137.16,721.02,232.52,60.0,1013.54,2.67,Aprobado con Observaciones,Manjar Tradicional 500g,Familiar,0.5,3.8,Línea 2 - Marmitas 1000L,500,Tarde (14:00 - 22:00)
LOT-202606-0883,2026-06-14,PROD001,LIN002,TUR002,1493.26,80.0,8.0,400,392.49,364.88,27.61,0.8,0.84,0.0,0.84,200.46,123.0,695.17,255.31,63.0,1013.48,2.58,Rechazado / Reproceso,Manjar Tradicional 250g,Familiar,0.25,3.8,Línea 2 - Marmitas 1000L,500,Tarde (14:00 - 22:00)
LOT-202606-0884,2026-06-14,PROD001,LIN002,TUR002,2368.58,120.0,12.0,600,584.69,551.88,32.81,1.2,1.16,0.0,1.16,270.05,184.46,1096.8,346.2,87.0,1530.0,2.62,Rechazado / Reproceso,Manjar Tradicional 250g,Familiar,0.25,3.8,Línea 2 - Marmitas 1000L,500,Tarde (14:00 - 22:00)
LOT-202606-0885,2026-06-14,PROD002,LIN003,TUR003,3004.79,160.0,16.0,800,812.86,792.76,20.1,1.0,1.07,0.98,2.05,411.22,255.41,1398.01,524.11,225.5,2147.62,2.64,Aprobado A1,Manjar Tradicional 500g,Familiar,0.5,3.8,Línea 3 - Continua 2000L,800,Noche (22:00 - 06:00)
LOT-202606-0886,2026-06-14,PROD002,LIN003,TUR002,3031.45,160.0,16.0,800,788.07,769.74,18.33,1.0,1.02,0.0,1.02,407.1,236.88,1409.21,516.95,112.2,2038.36,2.59,Aprobado A1,Manjar Tradicional 500g,Familiar,0.5,3.8,Línea 3 - Continua 2000L,800,Tarde (14:00 - 22:00)
LOT-202606-0887,2026-06-14,PROD003,LIN003,TUR003,3066.35,160.0,16.0,800,779.33,763.44,15.89,1.0,1.06,0.0,1.06,409.04,276.27,1423.87,524.0,116.6,2064.47,2.65,Aprobado A1,Manjar Tradicional 1kg,Familiar,1.0,3.8,Línea 3 - Continua 2000L,800,Noche (22:00 - 06:00)
LOT-202606-0888,2026-06-15,PROD002,LIN001,TUR002,745.39,40.0,4.0,200,198.36,185.09,13.27,0.8,0.84,0.0,0.84,101.18,71.35,347.06,129.98,37.8,514.84,2.6,Rechazado / Reproceso,Manjar Tradicional 500g,Familiar,0.5,3.8,Línea 1 - Marmitas 500L,250,Tarde (14:00 - 22:00)
LOT-202606-0889,2026-06-15,PROD001,LIN002,TUR003,1480.38,80.0,8.0,400,379.54,319.7,59.84,0.8,0.84,0.56,1.4,176.11,112.48,689.76,224.83,105.0,1019.59,2.69,Rechazado / Reproceso,Manjar Tradicional 250g,Familiar,0.25,3.8,Línea 2 - Marmitas 1000L,500,Noche (22:00 - 06:00)
LOT-202606-0890,2026-06-15,PROD003,LIN002,TUR003,2242.35,120.0,12.0,600,595.79,561.48,34.31,1.2,1.2,0.0,1.2,315.1,193.87,1043.79,401.38,90.0,1535.17,2.58,Rechazado / Reproceso,Manjar Tradicional 1kg,Familiar,1.0,3.8,Línea 2 - Marmitas 1000L,500,Noche (22:00 - 06:00)
LOT-202606-0891,2026-06-15,PROD002,LIN003,TUR001,2979.42,160.0,16.0,800,781.62,769.16,12.46,1.0,1.01,0.0,1.01,377.39,253.34,1387.36,483.27,111.1,1981.73,2.54,Aprobado A1,Manjar Tradicional 500g,Familiar,0.5,3.8,Línea 3 - Continua 2000L,800,Mañana (06:00 - 14:00)
LOT-202606-0892,2026-06-16,PROD002,LIN001,TUR003,772.04,40.0,4.0,200,201.74,197.25,4.49,0.8,0.78,0.0,0.78,94.09,70.84,358.26,121.41,35.1,514.77,2.55,Aprobado A1,Manjar Tradicional 500g,Familiar,0.5,3.8,Línea 1 - Marmitas 500L,250,Noche (22:00 - 06:00)
LOT-202606-0893,2026-06-16,PROD004,LIN001,TUR001,1251.17,60.0,6.0,300,289.11,269.14,19.97,1.2,1.2,0.0,1.2,149.81,91.22,576.49,190.72,54.0,821.21,2.84,Rechazado / Reproceso,Manjar Repostero 1kg,Industrial/Repostería,1.0,4.1,Línea 1 - Marmitas 500L,250,Mañana (06:00 - 14:00)
LOT-202606-0894,2026-06-16,PROD003,LIN001,TUR003,946.13,50.0,5.0,250,240.61,232.47,8.14,1.0,1.01,0.81,1.82,119.57,87.55,439.87,153.99,81.9,675.76,2.81,Aprobado con Observaciones,Manjar Tradicional 1kg,Familiar,1.0,3.8,Línea 1 - Marmitas 500L,250,Noche (22:00 - 06:00)
LOT-202606-0895,2026-06-16,PROD004,LIN002,TUR002,2010.41,100.0,10.0,500,493.81,481.68,12.13,1.0,0.97,0.0,0.97,233.05,157.65,929.37,298.58,72.75,1300.7,2.63,Aprobado A1,Manjar Repostero 1kg,Industrial/Repostería,1.0,4.1,Línea 2 - Marmitas 1000L,500,Tarde (14:00 - 22:00)
LOT-202606-0896,2026-06-16,PROD004,LIN002,TUR003,1608.14,80.0,8.0,400,402.12,385.47,16.65,0.8,0.83,0.94,1.77,191.09,136.14,743.42,245.64,132.75,1121.81,2.79,Aprobado con Observaciones,Manjar Repostero 1kg,Industrial/Repostería,1.0,4.1,Línea 2 - Marmitas 1000L,500,Noche (22:00 - 06:00)
LOT-202606-0897,2026-06-16,PROD002,LIN003,TUR002,3701.9,200.0,20.0,1000,1007.58,998.77,8.81,1.25,1.28,1.05,2.33,464.53,317.03,1724.8,595.48,256.3,2576.58,2.56,Aprobado A1,Manjar Tradicional 500g,Familiar,0.5,3.8,Línea 3 - Continua 2000L,800,Tarde (14:00 - 22:00)
LOT-202606-0898,2026-06-16,PROD002,LIN003,TUR002,3768.62,200.0,20.0,1000,980.93,933.0,47.93,1.25,1.23,0.0,1.23,461.28,328.83,1752.82,593.0,135.3,2481.12,2.53,Aprobado con Observaciones,Manjar Tradicional 500g,Familiar,0.5,3.8,Línea 3 - Continua 2000L,800,Tarde (14:00 - 22:00)
LOT-202606-0899,2026-06-17,PROD004,LIN001,TUR002,1011.91,50.0,5.0,250,251.28,239.19,12.09,1.0,1.01,0.0,1.01,121.23,79.72,467.5,155.04,45.45,667.99,2.66,Aprobado con Observaciones,Manjar Repostero 1kg,Industrial/Repostería,1.0,4.1,Línea 1 - Marmitas 500L,250,Tarde (14:00 - 22:00)
LOT-202606-0900,2026-06-17,PROD002,LIN002,TUR001,1946.95,100.0,10.0,500,489.3,462.57,26.73,1.0,1.03,0.0,1.03,259.55,156.93,902.72,330.29,77.25,1310.26,2.68,Rechazado / Reproceso,Manjar Tradicional 500g,Familiar,0.5,3.8,Línea 2 - Marmitas 1000L,500,Mañana (06:00 - 14:00)
LOT-202606-0901,2026-06-17,PROD002,LIN002,TUR003,1853.81,100.0,10.0,500,487.14,463.1,24.04,1.0,1.04,0.0,1.04,229.66,174.31,863.6,296.51,78.0,1238.11,2.54,Aprobado con Observaciones,Manjar Tradicional 500g,Familiar,0.5,3.8,Línea 2 - Marmitas 1000L,500,Noche (22:00 - 06:00)
LOT-202606-0902,2026-06-17,PROD001,LIN002,TUR002,1498.16,80.0,8.0,400,369.71,359.74,9.97,0.8,0.81,0.0,0.81,179.36,133.34,697.23,231.23,60.75,989.21,2.68,Aprobado con Observaciones,Manjar Tradicional 250g,Familiar,0.25,3.8,Línea 2 - Marmitas 1000L,500,Tarde (14:00 - 22:00)
LOT-202606-0903,2026-06-17,PROD002,LIN003,TUR003,3718.02,200.0,20.0,1000,987.35,928.97,58.38,1.25,1.27,0.0,1.27,518.84,287.19,1731.57,657.07,139.7,2528.34,2.56,Rechazado / Reproceso,Manjar Tradicional 500g,Familiar,0.5,3.8,Línea 3 - Continua 2000L,800,Noche (22:00 - 06:00)
LOT-202606-0904,2026-06-17,PROD003,LIN003,TUR001,2635.33,140.0,14.0,700,653.21,616.55,36.66,0.88,0.89,0.0,0.89,320.44,197.63,1225.84,408.24,97.9,1731.98,2.65,Rechazado / Reproceso,Manjar Tradicional 1kg,Familiar,1.0,3.8,Línea 3 - Continua 2000L,800,Mañana (06:00 - 14:00)
LOT-202606-0905,2026-06-17,PROD004,LIN003,TUR002,2972.12,140.0,14.0,700,680.61,667.56,13.05,0.88,0.94,0.0,0.94,315.93,215.16,1367.29,404.94,103.4,1875.63,2.76,Aprobado A1,Manjar Repostero 1kg,Industrial/Repostería,1.0,4.1,Línea 3 - Continua 2000L,800,Tarde (14:00 - 22:00)
LOT-202606-0906,2026-06-18,PROD003,LIN001,TUR003,958.08,50.0,5.0,250,245.37,231.28,14.09,1.0,0.98,0.42,1.4,113.64,81.2,444.89,146.11,63.0,654.0,2.67,Rechazado / Reproceso,Manjar Tradicional 1kg,Familiar,1.0,3.8,Línea 1 - Marmitas 500L,250,Noche (22:00 - 06:00)
LOT-202606-0907,2026-06-18,PROD002,LIN002,TUR002,1573.03,80.0,8.0,400,379.59,375.68,3.91,0.8,0.82,0.0,0.82,177.08,120.51,728.67,226.96,61.5,1017.13,2.68,Aprobado A1,Manjar Tradicional 500g,Familiar,0.5,3.8,Línea 2 - Marmitas 1000L,500,Tarde (14:00 - 22:00)
LOT-202606-0908,2026-06-18,PROD001,LIN002,TUR002,1915.5,100.0,10.0,500,488.05,457.65,30.4,1.0,1.02,0.0,1.02,229.0,177.12,889.51,296.05,76.5,1262.06,2.59,Rechazado / Reproceso,Manjar Tradicional 250g,Familiar,0.25,3.8,Línea 2 - Marmitas 1000L,500,Tarde (14:00 - 22:00)
LOT-202606-0909,2026-06-18,PROD003,LIN002,TUR001,1480.41,80.0,8.0,400,393.77,391.8,1.97,0.8,0.77,0.87,1.64,185.47,124.26,689.77,237.48,123.0,1050.25,2.67,Aprobado A1,Manjar Tradicional 1kg,Familiar,1.0,3.8,Línea 2 - Marmitas 1000L,500,Mañana (06:00 - 14:00)
LOT-202606-0910,2026-06-18,PROD004,LIN003,TUR001,4196.71,200.0,20.0,1000,974.34,920.1,54.24,1.25,1.31,0.0,1.31,493.62,283.12,1932.62,626.32,144.1,2703.04,2.77,Rechazado / Reproceso,Manjar Repostero 1kg,Industrial/Repostería,1.0,4.1,Línea 3 - Continua 2000L,800,Mañana (06:00 - 14:00)
LOT-202606-0911,2026-06-18,PROD001,LIN003,TUR003,3057.15,160.0,16.0,800,795.08,772.0,23.08,1.0,1.02,0.0,1.02,418.84,278.54,1420.0,536.03,112.2,2068.23,2.6,Aprobado con Observaciones,Manjar Tradicional 250g,Familiar,0.25,3.8,Línea 3 - Continua 2000L,800,Noche (22:00 - 06:00)
LOT-202606-0912,2026-06-18,PROD003,LIN003,TUR002,2641.1,140.0,14.0,700,671.67,659.83,11.84,0.88,0.89,0.0,0.89,330.77,204.72,1228.26,421.49,97.9,1747.65,2.6,Aprobado A1,Manjar Tradicional 1kg,Familiar,1.0,3.8,Línea 3 - Continua 2000L,800,Tarde (14:00 - 22:00)
LOT-202606-0913,2026-06-19,PROD002,LIN001,TUR001,1164.51,60.0,6.0,300,288.7,272.08,16.62,1.2,1.19,0.0,1.19,138.11,104.28,540.09,178.25,53.55,771.89,2.67,Rechazado / Reproceso,Manjar Tradicional 500g,Familiar,0.5,3.8,Línea 1 - Marmitas 500L,250,Mañana (06:00 - 14:00)
LOT-202606-0914,2026-06-19,PROD005,LIN002,TUR001,2087.36,100.0,10.0,500,496.95,484.68,12.27,1.0,1.0,0.0,1.0,239.94,183.35,961.69,309.93,75.0,1346.62,2.71,Aprobado A1,Manjar Alfajorero 5kg,Industrial,5.0,4.3,Línea 2 - Marmitas 1000L,500,Mañana (06:00 - 14:00)
LOT-202606-0915,2026-06-19,PROD001,LIN003,TUR003,2744.88,140.0,14.0,700,697.01,670.42,26.59,0.88,0.84,0.51,1.35,326.05,222.66,1271.85,417.98,148.5,1838.33,2.64,Aprobado con Observaciones,Manjar Tradicional 250g,Familiar,0.25,3.8,Línea 3 - Continua 2000L,800,Noche (22:00 - 06:00)
LOT-202606-0916,2026-06-20,PROD003,LIN001,TUR001,949.26,50.0,5.0,250,232.9,214.15,18.75,1.0,0.96,0.0,0.96,122.05,71.35,441.19,155.02,43.2,639.41,2.75,Rechazado / Reproceso,Manjar Tradicional 1kg,Familiar,1.0,3.8,Línea 1 - Marmitas 500L,250,Mañana (06:00 - 14:00)
LOT-202606-0917,2026-06-20,PROD001,LIN001,TUR002,737.96,40.0,4.0,200,188.55,184.93,3.62,0.8,0.85,0.82,1.67,97.17,57.93,343.94,123.56,75.15,542.65,2.88,Aprobado A1,Manjar Tradicional 250g,Familiar,0.25,3.8,Línea 1 - Marmitas 500L,250,Tarde (14:00 - 22:00)
LOT-202606-0918,2026-06-20,PROD001,LIN002,TUR001,1900.52,100.0,10.0,500,486.43,451.67,34.76,1.0,0.96,0.0,0.96,231.08,167.9,883.22,297.44,72.0,1252.66,2.58,Rechazado / Reproceso,Manjar Tradicional 250g,Familiar,0.25,3.8,Línea 2 - Marmitas 1000L,500,Mañana (06:00 - 14:00)
LOT-202606-0919,2026-06-20,PROD001,LIN002,TUR003,1567.34,80.0,8.0,400,397.74,384.45,13.29,0.8,0.85,0.0,0.85,194.54,134.37,726.28,249.57,63.75,1039.6,2.61,Aprobado con Observaciones,Manjar Tradicional 250g,Familiar,0.25,3.8,Línea 2 - Marmitas 1000L,500,Noche (22:00 - 06:00)
LOT-202606-0920,2026-06-20,PROD005,LIN003,TUR001,3495.39,160.0,16.0,800,773.76,743.55,30.21,1.0,0.95,0.53,1.48,403.43,233.53,1604.06,512.14,162.8,2279.0,2.95,Aprobado con Observaciones,Manjar Alfajorero 5kg,Industrial,5.0,4.3,Línea 3 - Continua 2000L,800,Mañana (06:00 - 14:00)
LOT-202606-0921,2026-06-20,PROD004,LIN003,TUR003,4094.05,200.0,20.0,1000,1007.57,995.3,12.27,1.25,1.27,0.0,1.27,506.95,347.03,1889.5,649.98,139.7,2679.18,2.66,Aprobado A1,Manjar Repostero 1kg,Industrial/Repostería,1.0,4.1,Línea 3 - Continua 2000L,800,Noche (22:00 - 06:00)
LOT-202606-0922,2026-06-21,PROD002,LIN002,TUR003,1914.85,100.0,10.0,500,497.04,488.06,8.98,1.0,0.97,0.81,1.78,263.66,183.53,889.24,338.42,133.5,1361.16,2.74,Aprobado A1,Manjar Tradicional 500g,Familiar,0.5,3.8,Línea 2 - Marmitas 1000L,500,Noche (22:00 - 06:00)
LOT-202606-0923,2026-06-21,PROD005,LIN002,TUR001,2521.35,120.0,12.0,600,554.95,547.12,7.83,1.2,1.21,0.85,2.06,272.81,190.1,1160.97,350.18,154.5,1665.65,3.0,Aprobado A1,Manjar Alfajorero 5kg,Industrial,5.0,4.3,Línea 2 - Marmitas 1000L,500,Mañana (06:00 - 14:00)
LOT-202606-0924,2026-06-21,PROD004,LIN002,TUR001,2446.67,120.0,12.0,600,581.69,555.34,26.35,1.2,1.17,0.15,1.32,290.62,211.31,1129.6,374.1,99.0,1602.7,2.76,Aprobado con Observaciones,Manjar Repostero 1kg,Industrial/Repostería,1.0,4.1,Línea 2 - Marmitas 1000L,500,Mañana (06:00 - 14:00)
LOT-202606-0925,2026-06-21,PROD002,LIN003,TUR002,3124.41,160.0,16.0,800,781.62,771.26,10.36,1.0,1.07,0.0,1.07,375.39,286.14,1448.25,484.8,117.7,2050.75,2.62,Aprobado A1,Manjar Tradicional 500g,Familiar,0.5,3.8,Línea 3 - Continua 2000L,800,Tarde (14:00 - 22:00)
LOT-202606-0926,2026-06-21,PROD004,LIN003,TUR002,4092.66,200.0,20.0,1000,985.23,958.34,26.89,1.25,1.27,0.0,1.27,501.66,289.02,1888.92,636.67,139.7,2665.29,2.71,Aprobado con Observaciones,Manjar Repostero 1kg,Industrial/Repostería,1.0,4.1,Línea 3 - Continua 2000L,800,Tarde (14:00 - 22:00)
LOT-202606-0927,2026-06-22,PROD004,LIN001,TUR002,996.48,50.0,5.0,250,246.35,236.78,9.57,1.0,0.96,0.0,0.96,122.98,71.98,461.02,156.21,43.2,660.43,2.68,Aprobado con Observaciones,Manjar Repostero 1kg,Industrial/Repostería,1.0,4.1,Línea 1 - Marmitas 500L,250,Tarde (14:00 - 22:00)
LOT-202606-0928,2026-06-22,PROD001,LIN002,TUR002,1915.32,100.0,10.0,500,471.16,446.82,24.34,1.0,1.04,0.0,1.04,253.82,137.93,889.43,321.14,78.0,1288.57,2.73,Rechazado / Reproceso,Manjar Tradicional 250g,Familiar,0.25,3.8,Línea 2 - Marmitas 1000L,500,Tarde (14:00 - 22:00)
LOT-202606-0929,2026-06-22,PROD003,LIN002,TUR003,2348.0,120.0,12.0,600,573.63,551.91,21.72,1.2,1.15,0.0,1.15,284.26,189.39,1088.16,363.84,86.25,1538.25,2.68,Aprobado con Observaciones,Manjar Tradicional 1kg,Familiar,1.0,3.8,Línea 2 - Marmitas 1000L,500,Noche (22:00 - 06:00)
LOT-202606-0930,2026-06-22,PROD005,LIN003,TUR002,4367.76,200.0,20.0,1000,937.1,893.31,43.79,1.25,1.25,0.3,1.55,463.06,323.25,2004.46,594.46,170.5,2769.42,2.96,Aprobado con Observaciones,Manjar Alfajorero 5kg,Industrial,5.0,4.3,Línea 3 - Continua 2000L,800,Tarde (14:00 - 22:00)
LOT-202606-0931,2026-06-22,PROD001,LIN003,TUR001,3052.27,160.0,16.0,800,740.68,695.31,45.37,1.0,0.97,0.32,1.29,375.29,244.03,1417.95,479.63,141.9,2039.48,2.75,Rechazado / Reproceso,Manjar Tradicional 250g,Familiar,0.25,3.8,Línea 3 - Continua 2000L,800,Mañana (06:00 - 14:00)
LOT-202606-0932,2026-06-22,PROD004,LIN003,TUR003,2804.3,140.0,14.0,700,664.23,619.96,44.27,0.88,0.87,0.0,0.87,306.64,220.53,1296.81,394.43,95.7,1786.94,2.69,Rechazado / Reproceso,Manjar Repostero 1kg,Industrial/Repostería,1.0,4.1,Línea 3 - Continua 2000L,800,Noche (22:00 - 06:00)
LOT-202606-0933,2026-06-23,PROD005,LIN001,TUR001,1078.39,50.0,5.0,250,240.23,226.7,13.53,1.0,1.03,0.0,1.03,118.22,87.33,495.42,152.34,46.35,694.11,2.89,Rechazado / Reproceso,Manjar Alfajorero 5kg,Industrial,5.0,4.3,Línea 1 - Marmitas 500L,250,Mañana (06:00 - 14:00)
LOT-202606-0934,2026-06-23,PROD002,LIN001,TUR001,745.82,40.0,4.0,200,195.7,183.61,12.09,0.8,0.84,0.0,0.84,96.49,65.52,347.24,123.65,37.8,508.69,2.6,Rechazado / Reproceso,Manjar Tradicional 500g,Familiar,0.5,3.8,Línea 1 - Marmitas 500L,250,Mañana (06:00 - 14:00)
LOT-202606-0935,2026-06-23,PROD002,LIN001,TUR001,753.18,40.0,4.0,200,197.63,191.72,5.91,0.8,0.83,0.0,0.83,99.3,62.11,350.34,126.61,37.35,514.3,2.6,Aprobado con Observaciones,Manjar Tradicional 500g,Familiar,0.5,3.8,Línea 1 - Marmitas 500L,250,Mañana (06:00 - 14:00)
LOT-202606-0936,2026-06-23,PROD002,LIN002,TUR002,1494.47,80.0,8.0,400,389.35,374.42,14.93,0.8,0.78,0.0,0.78,183.65,116.87,695.68,234.4,58.5,988.58,2.54,Aprobado con Observaciones,Manjar Tradicional 500g,Familiar,0.5,3.8,Línea 2 - Marmitas 1000L,500,Tarde (14:00 - 22:00)
LOT-202606-0937,2026-06-23,PROD005,LIN002,TUR001,1725.91,80.0,8.0,400,405.45,401.94,3.51,0.8,0.77,0.0,0.77,213.36,130.76,792.88,271.72,57.75,1122.35,2.77,Aprobado A1,Manjar Alfajorero 5kg,Industrial,5.0,4.3,Línea 2 - Marmitas 1000L,500,Mañana (06:00 - 14:00)
LOT-202606-0938,2026-06-23,PROD003,LIN003,TUR002,2616.06,140.0,14.0,700,690.85,673.87,16.98,0.88,0.89,0.0,0.89,370.26,228.51,1217.75,471.73,97.9,1787.38,2.59,Aprobado A1,Manjar Tradicional 1kg,Familiar,1.0,3.8,Línea 3 - Continua 2000L,800,Tarde (14:00 - 22:00)
LOT-202606-0939,2026-06-24,PROD002,LIN001,TUR001,1147.4,60.0,6.0,300,292.38,289.57,2.81,1.2,1.17,0.0,1.17,152.57,85.72,532.91,193.37,52.65,778.93,2.66,Aprobado A1,Manjar Tradicional 500g,Familiar,0.5,3.8,Línea 1 - Marmitas 500L,250,Mañana (06:00 - 14:00)
LOT-202606-0940,2026-06-24,PROD003,LIN001,TUR002,952.39,50.0,5.0,250,248.05,236.9,11.15,1.0,1.02,0.0,1.02,131.39,85.6,442.5,167.94,45.9,656.34,2.65,Aprobado con Observaciones,Manjar Tradicional 1kg,Familiar,1.0,3.8,Línea 1 - Marmitas 500L,250,Tarde (14:00 - 22:00)
LOT-202606-0941,2026-06-24,PROD005,LIN001,TUR003,1305.42,60.0,6.0,300,297.22,293.47,3.75,1.2,1.2,0.0,1.2,138.22,101.15,599.28,178.0,54.0,831.28,2.8,Aprobado A1,Manjar Alfajorero 5kg,Industrial,5.0,4.3,Línea 1 - Marmitas 500L,250,Noche (22:00 - 06:00)
LOT-202606-0942,2026-06-24,PROD005,LIN003,TUR001,3559.98,160.0,16.0,800,771.28,754.69,16.59,1.0,0.99,0.72,1.71,402.2,278.62,1631.19,516.07,188.1,2335.36,3.03,Aprobado A1,Manjar Alfajorero 5kg,Industrial,5.0,4.3,Línea 3 - Continua 2000L,800,Mañana (06:00 - 14:00)
LOT-202606-0943,2026-06-24,PROD002,LIN003,TUR003,2989.22,160.0,16.0,800,787.65,731.03,56.62,1.0,1.06,0.0,1.06,407.86,246.78,1391.47,519.05,116.6,2027.12,2.57,Rechazado / Reproceso,Manjar Tradicional 500g,Familiar,0.5,3.8,Línea 3 - Continua 2000L,800,Noche (22:00 - 06:00)
LOT-202606-0944,2026-06-24,PROD002,LIN003,TUR001,3896.13,200.0,20.0,1000,993.95,977.44,16.51,1.25,1.3,0.0,1.3,502.4,330.98,1806.37,642.6,143.0,2591.97,2.61,Aprobado A1,Manjar Tradicional 500g,Familiar,0.5,3.8,Línea 3 - Continua 2000L,800,Mañana (06:00 - 14:00)
LOT-202606-0945,2026-06-25,PROD001,LIN001,TUR002,788.62,40.0,4.0,200,198.53,195.92,2.61,0.8,0.8,0.0,0.8,95.72,66.59,365.22,122.85,36.0,524.07,2.64,Aprobado A1,Manjar Tradicional 250g,Familiar,0.25,3.8,Línea 1 - Marmitas 500L,250,Tarde (14:00 - 22:00)
LOT-202606-0946,2026-06-25,PROD002,LIN001,TUR002,789.42,40.0,4.0,200,196.29,188.73,7.56,0.8,0.86,0.27,1.13,91.4,58.61,365.56,116.71,50.85,533.12,2.72,Aprobado con Observaciones,Manjar Tradicional 500g,Familiar,0.5,3.8,Línea 1 - Marmitas 500L,250,Tarde (14:00 - 22:00)
LOT-202606-0947,2026-06-25,PROD005,LIN001,TUR002,881.39,40.0,4.0,200,200.55,190.83,9.72,0.8,0.79,0.47,1.26,96.81,62.02,404.18,123.61,56.7,584.49,2.91,Aprobado con Observaciones,Manjar Alfajorero 5kg,Industrial,5.0,4.3,Línea 1 - Marmitas 500L,250,Tarde (14:00 - 22:00)
LOT-202606-0948,2026-06-25,PROD005,LIN002,TUR002,2566.45,120.0,12.0,600,574.6,571.73,2.87,1.2,1.23,0.0,1.23,289.22,167.44,1179.91,367.16,92.25,1639.32,2.85,Aprobado A1,Manjar Alfajorero 5kg,Industrial,5.0,4.3,Línea 2 - Marmitas 1000L,500,Tarde (14:00 - 22:00)
LOT-202606-0949,2026-06-25,PROD002,LIN002,TUR001,2329.78,120.0,12.0,600,606.46,589.82,16.64,1.2,1.16,0.59,1.75,323.49,189.43,1080.51,410.92,131.25,1622.68,2.68,Aprobado con Observaciones,Manjar Tradicional 500g,Familiar,0.5,3.8,Línea 2 - Marmitas 1000L,500,Mañana (06:00 - 14:00)
LOT-202606-0950,2026-06-25,PROD001,LIN002,TUR001,2260.84,120.0,12.0,600,587.38,555.39,31.99,1.2,1.27,0.83,2.1,311.93,210.31,1051.55,399.55,157.5,1608.6,2.74,Rechazado / Reproceso,Manjar Tradicional 250g,Familiar,0.25,3.8,Línea 2 - Marmitas 1000L,500,Mañana (06:00 - 14:00)
LOT-202606-0951,2026-06-25,PROD005,LIN003,TUR002,3105.5,140.0,14.0,700,682.01,624.27,57.74,0.88,0.85,0.0,0.85,346.82,218.13,1423.31,442.36,93.5,1959.17,2.87,Rechazado / Reproceso,Manjar Alfajorero 5kg,Industrial,5.0,4.3,Línea 3 - Continua 2000L,800,Tarde (14:00 - 22:00)
LOT-202606-0952,2026-06-26,PROD004,LIN001,TUR001,1009.11,50.0,5.0,250,240.85,232.69,8.16,1.0,1.01,0.0,1.01,111.26,87.87,466.33,144.06,45.45,655.84,2.72,Aprobado con Observaciones,Manjar Repostero 1kg,Industrial/Repostería,1.0,4.1,Línea 1 - Marmitas 500L,250,Mañana (06:00 - 14:00)
LOT-202606-0953,2026-06-26,PROD002,LIN001,TUR003,1110.96,60.0,6.0,300,295.84,294.36,1.48,1.2,1.22,0.0,1.22,146.12,96.14,517.6,186.88,54.9,759.38,2.57,Aprobado A1,Manjar Tradicional 500g,Familiar,0.5,3.8,Línea 1 - Marmitas 500L,250,Noche (22:00 - 06:00)
LOT-202606-0954,2026-06-26,PROD003,LIN001,TUR001,945.88,50.0,5.0,250,254.15,246.3,7.85,1.0,0.97,0.0,0.97,134.11,93.61,439.77,172.17,43.65,655.59,2.58,Aprobado con Observaciones,Manjar Tradicional 1kg,Familiar,1.0,3.8,Línea 1 - Marmitas 500L,250,Mañana (06:00 - 14:00)
LOT-202606-0955,2026-06-26,PROD001,LIN002,TUR003,1484.23,80.0,8.0,400,394.04,383.87,10.17,0.8,0.85,0.45,1.3,208.74,133.85,691.38,266.55,97.5,1055.43,2.68,Aprobado con Observaciones,Manjar Tradicional 250g,Familiar,0.25,3.8,Línea 2 - Marmitas 1000L,500,Noche (22:00 - 06:00)
LOT-202606-0956,2026-06-26,PROD002,LIN003,TUR002,3811.09,200.0,20.0,1000,970.39,960.26,10.13,1.25,1.22,0.0,1.22,489.34,310.05,1770.66,624.41,134.2,2529.27,2.61,Aprobado A1,Manjar Tradicional 500g,Familiar,0.5,3.8,Línea 3 - Continua 2000L,800,Tarde (14:00 - 22:00)
LOT-202606-0957,2026-06-26,PROD002,LIN003,TUR001,3933.95,200.0,20.0,1000,958.39,953.6,4.79,1.25,1.28,0.63,1.91,453.66,313.9,1822.26,582.06,210.1,2614.42,2.73,Aprobado A1,Manjar Tradicional 500g,Familiar,0.5,3.8,Línea 3 - Continua 2000L,800,Mañana (06:00 - 14:00)
LOT-202606-0958,2026-06-26,PROD002,LIN003,TUR001,3907.92,200.0,20.0,1000,978.68,952.91,25.77,1.25,1.33,0.76,2.09,479.74,283.86,1811.33,609.75,229.9,2650.98,2.71,Aprobado con Observaciones,Manjar Tradicional 500g,Familiar,0.5,3.8,Línea 3 - Continua 2000L,800,Mañana (06:00 - 14:00)
LOT-202606-0959,2026-06-27,PROD004,LIN001,TUR003,1255.63,60.0,6.0,300,299.67,289.05,10.62,1.2,1.16,0.0,1.16,147.56,92.93,578.36,188.22,52.2,818.78,2.73,Aprobado con Observaciones,Manjar Repostero 1kg,Industrial/Repostería,1.0,4.1,Línea 1 - Marmitas 500L,250,Noche (22:00 - 06:00)
LOT-202606-0960,2026-06-27,PROD004,LIN001,TUR001,1266.97,60.0,6.0,300,284.26,280.62,3.64,1.2,1.26,0.61,1.87,148.39,99.5,583.13,190.01,84.15,857.29,3.02,Aprobado A1,Manjar Repostero 1kg,Industrial/Repostería,1.0,4.1,Línea 1 - Marmitas 500L,250,Mañana (06:00 - 14:00)
LOT-202606-0961,2026-06-27,PROD002,LIN002,TUR003,1895.72,100.0,10.0,500,474.61,409.46,65.15,1.0,1.03,0.0,1.03,226.09,142.59,881.2,288.42,77.25,1246.87,2.63,Rechazado / Reproceso,Manjar Tradicional 500g,Familiar,0.5,3.8,Línea 2 - Marmitas 1000L,500,Noche (22:00 - 06:00)
LOT-202606-0962,2026-06-27,PROD001,LIN002,TUR001,1569.84,80.0,8.0,400,400.97,391.36,9.61,0.8,0.81,0.0,0.81,203.64,127.66,727.33,259.69,60.75,1047.77,2.61,Aprobado A1,Manjar Tradicional 250g,Familiar,0.25,3.8,Línea 2 - Marmitas 1000L,500,Mañana (06:00 - 14:00)
LOT-202606-0963,2026-06-27,PROD005,LIN002,TUR003,2091.6,100.0,10.0,500,505.68,492.58,13.1,1.0,1.04,0.86,1.9,233.61,155.49,963.47,298.99,142.5,1404.96,2.78,Aprobado con Observaciones,Manjar Alfajorero 5kg,Industrial,5.0,4.3,Línea 2 - Marmitas 1000L,500,Noche (22:00 - 06:00)
LOT-202606-0964,2026-06-27,PROD004,LIN003,TUR002,3364.94,160.0,16.0,800,778.04,726.11,51.93,1.0,1.02,0.57,1.59,389.89,267.11,1549.27,499.92,174.9,2224.09,2.86,Rechazado / Reproceso,Manjar Repostero 1kg,Industrial/Repostería,1.0,4.1,Línea 3 - Continua 2000L,800,Tarde (14:00 - 22:00)
LOT-202606-0965,2026-06-28,PROD005,LIN001,TUR003,894.32,40.0,4.0,200,190.07,178.6,11.47,0.8,0.84,0.0,0.84,96.81,59.31,409.61,123.29,37.8,570.7,3.0,Rechazado / Reproceso,Manjar Alfajorero 5kg,Industrial,5.0,4.3,Línea 1 - Marmitas 500L,250,Noche (22:00 - 06:00)
LOT-202606-0966,2026-06-28,PROD002,LIN001,TUR001,753.31,40.0,4.0,200,201.27,197.67,3.6,0.8,0.76,0.67,1.43,95.98,74.33,350.39,124.1,64.35,538.84,2.68,Aprobado A1,Manjar Tradicional 500g,Familiar,0.5,3.8,Línea 1 - Marmitas 500L,250,Mañana (06:00 - 14:00)
LOT-202606-0967,2026-06-28,PROD002,LIN001,TUR001,969.86,50.0,5.0,250,247.7,242.23,5.47,1.0,1.0,0.79,1.79,133.35,88.69,449.84,170.66,80.55,701.05,2.83,Aprobado A1,Manjar Tradicional 500g,Familiar,0.5,3.8,Línea 1 - Marmitas 500L,250,Mañana (06:00 - 14:00)
LOT-202606-0968,2026-06-28,PROD005,LIN003,TUR003,3488.87,160.0,16.0,800,771.41,760.97,10.44,1.0,1.04,0.71,1.75,356.22,253.54,1601.33,457.89,192.5,2251.72,2.92,Aprobado A1,Manjar Alfajorero 5kg,Industrial,5.0,4.3,Línea 3 - Continua 2000L,800,Noche (22:00 - 06:00)
LOT-202606-0969,2026-06-28,PROD003,LIN003,TUR003,3054.96,160.0,16.0,800,789.43,762.84,26.59,1.0,0.97,0.29,1.26,376.97,289.32,1419.08,487.08,138.6,2044.76,2.59,Aprobado con Observaciones,Manjar Tradicional 1kg,Familiar,1.0,3.8,Línea 3 - Continua 2000L,800,Noche (22:00 - 06:00)
LOT-202606-0970,2026-06-28,PROD004,LIN003,TUR001,2924.0,140.0,14.0,700,682.56,661.55,21.01,0.88,0.94,0.74,1.68,331.12,246.5,1347.08,426.92,184.8,1958.8,2.87,Aprobado con Observaciones,Manjar Repostero 1kg,Industrial/Repostería,1.0,4.1,Línea 3 - Continua 2000L,800,Mañana (06:00 - 14:00)
LOT-202606-0971,2026-06-29,PROD002,LIN001,TUR002,986.56,50.0,5.0,250,241.19,234.25,6.94,1.0,1.02,0.0,1.02,115.08,78.24,456.86,147.48,45.9,650.24,2.7,Aprobado con Observaciones,Manjar Tradicional 500g,Familiar,0.5,3.8,Línea 1 - Marmitas 500L,250,Tarde (14:00 - 22:00)
LOT-202606-0972,2026-06-29,PROD002,LIN001,TUR002,769.68,40.0,4.0,200,190.29,187.28,3.01,0.8,0.84,0.91,1.75,94.06,68.83,357.27,121.13,78.75,557.15,2.93,Aprobado A1,Manjar Tradicional 500g,Familiar,0.5,3.8,Línea 1 - Marmitas 500L,250,Tarde (14:00 - 22:00)
LOT-202606-0973,2026-06-29,PROD002,LIN003,TUR001,2667.94,140.0,14.0,700,653.8,639.59,14.21,0.88,0.87,0.0,0.87,305.33,198.24,1239.53,390.18,95.7,1725.41,2.64,Aprobado A1,Manjar Tradicional 500g,Familiar,0.5,3.8,Línea 3 - Continua 2000L,800,Mañana (06:00 - 14:00)
LOT-202606-0974,2026-06-29,PROD003,LIN003,TUR002,2587.45,140.0,14.0,700,685.4,675.0,10.4,0.88,0.85,0.0,0.85,330.88,202.33,1205.73,421.34,93.5,1720.57,2.51,Aprobado A1,Manjar Tradicional 1kg,Familiar,1.0,3.8,Línea 3 - Continua 2000L,800,Tarde (14:00 - 22:00)
LOT-202606-0975,2026-06-29,PROD005,LIN003,TUR002,3055.28,140.0,14.0,700,689.75,682.84,6.91,0.88,0.87,0.0,0.87,355.63,244.74,1402.22,456.12,95.7,1954.04,2.83,Aprobado A1,Manjar Alfajorero 5kg,Industrial,5.0,4.3,Línea 3 - Continua 2000L,800,Tarde (14:00 - 22:00)
LOT-202606-0976,2026-06-30,PROD003,LIN001,TUR002,1162.11,60.0,6.0,300,290.72,281.87,8.85,1.2,1.27,0.71,1.98,156.95,87.24,539.09,198.81,89.1,827.0,2.84,Aprobado con Observaciones,Manjar Tradicional 1kg,Familiar,1.0,3.8,Línea 1 - Marmitas 500L,250,Tarde (14:00 - 22:00)
LOT-202606-0977,2026-06-30,PROD001,LIN001,TUR002,967.23,50.0,5.0,250,244.74,225.82,18.92,1.0,1.0,0.0,1.0,124.09,89.33,448.74,159.63,45.0,653.37,2.67,Rechazado / Reproceso,Manjar Tradicional 250g,Familiar,0.25,3.8,Línea 1 - Marmitas 500L,250,Tarde (14:00 - 22:00)
LOT-202606-0978,2026-06-30,PROD002,LIN001,TUR002,1108.5,60.0,6.0,300,285.19,278.35,6.84,1.2,1.22,0.33,1.55,153.24,100.59,516.57,195.96,69.75,782.28,2.74,Aprobado A1,Manjar Tradicional 500g,Familiar,0.5,3.8,Línea 1 - Marmitas 500L,250,Tarde (14:00 - 22:00)
LOT-202606-0979,2026-06-30,PROD002,LIN002,TUR002,2365.88,120.0,12.0,600,582.2,568.08,14.12,1.2,1.22,0.89,2.11,290.49,214.87,1095.67,374.37,158.25,1628.29,2.8,Aprobado A1,Manjar Tradicional 500g,Familiar,0.5,3.8,Línea 2 - Marmitas 1000L,500,Tarde (14:00 - 22:00)
LOT-202606-0980,2026-06-30,PROD002,LIN002,TUR001,1499.94,80.0,8.0,400,392.08,369.46,22.62,0.8,0.78,0.0,0.78,192.06,113.79,697.97,244.13,58.5,1000.6,2.55,Rechazado / Reproceso,Manjar Tradicional 500g,Familiar,0.5,3.8,Línea 2 - Marmitas 1000L,500,Mañana (06:00 - 14:00)
LOT-202606-0981,2026-06-30,PROD002,LIN003,TUR001,2642.11,140.0,14.0,700,688.13,642.2,45.93,0.88,0.88,0.0,0.88,350.24,223.5,1228.69,447.11,96.8,1772.6,2.58,Rechazado / Reproceso,Manjar Tradicional 500g,Familiar,0.5,3.8,Línea 3 - Continua 2000L,800,Mañana (06:00 - 14:00)
LOT-202606-0982,2026-06-30,PROD001,LIN003,TUR002,3843.2,200.0,20.0,1000,961.73,903.33,58.4,1.25,1.27,0.0,1.27,510.44,322.9,1784.14,651.28,139.7,2575.12,2.68,Rechazado / Reproceso,Manjar Tradicional 250g,Familiar,0.25,3.8,Línea 3 - Continua 2000L,800,Tarde (14:00 - 22:00)
LOT-202606-0983,2026-06-30,PROD003,LIN003,TUR003,2663.85,140.0,14.0,700,673.71,659.11,14.6,0.88,0.94,0.0,0.94,361.22,219.59,1237.82,459.81,103.4,1801.03,2.67,Aprobado A1,Manjar Tradicional 1kg,Familiar,1.0,3.8,Línea 3 - Continua 2000L,800,Noche (22:00 - 06:00)
LOT-202607-0984,2026-07-01,PROD001,LIN001,TUR001,957.09,50.0,5.0,250,249.99,226.12,23.87,1.0,0.99,0.0,0.99,124.93,84.1,444.48,160.01,44.55,649.04,2.6,Rechazado / Reproceso,Manjar Tradicional 250g,Familiar,0.25,3.8,Línea 1 - Marmitas 500L,250,Mañana (06:00 - 14:00)
LOT-202607-0985,2026-07-01,PROD005,LIN001,TUR003,1277.27,60.0,6.0,300,283.91,278.42,5.49,1.2,1.26,0.0,1.26,146.16,84.14,587.45,185.49,56.7,829.64,2.92,Aprobado A1,Manjar Alfajorero 5kg,Industrial,5.0,4.3,Línea 1 - Marmitas 500L,250,Noche (22:00 - 06:00)
LOT-202607-0986,2026-07-01,PROD001,LIN002,TUR001,1573.47,80.0,8.0,400,394.88,388.0,6.88,0.8,0.79,0.0,0.79,193.06,138.68,728.86,248.31,59.25,1036.42,2.62,Aprobado A1,Manjar Tradicional 250g,Familiar,0.25,3.8,Línea 2 - Marmitas 1000L,500,Mañana (06:00 - 14:00)
LOT-202607-0987,2026-07-01,PROD003,LIN002,TUR002,2321.97,120.0,12.0,600,589.2,582.47,6.73,1.2,1.28,0.0,1.28,307.34,206.62,1077.23,393.6,96.0,1566.83,2.66,Aprobado A1,Manjar Tradicional 1kg,Familiar,1.0,3.8,Línea 2 - Marmitas 1000L,500,Tarde (14:00 - 22:00)
LOT-202607-0988,2026-07-01,PROD001,LIN003,TUR002,2974.64,160.0,16.0,800,791.52,718.83,72.69,1.0,1.03,0.23,1.26,388.66,241.53,1385.35,495.38,138.6,2019.33,2.55,Rechazado / Reproceso,Manjar Tradicional 250g,Familiar,0.25,3.8,Línea 3 - Continua 2000L,800,Tarde (14:00 - 22:00)
LOT-202607-0989,2026-07-02,PROD001,LIN002,TUR001,1489.91,80.0,8.0,400,380.41,347.39,33.02,0.8,0.86,0.0,0.86,200.96,134.44,693.76,257.28,64.5,1015.54,2.67,Rechazado / Reproceso,Manjar Tradicional 250g,Familiar,0.25,3.8,Línea 2 - Marmitas 1000L,500,Mañana (06:00 - 14:00)
LOT-202607-0990,2026-07-02,PROD004,LIN002,TUR001,2519.8,120.0,12.0,600,581.48,572.35,9.13,1.2,1.15,0.0,1.15,302.12,207.45,1160.32,387.44,86.25,1634.01,2.81,Aprobado A1,Manjar Repostero 1kg,Industrial/Repostería,1.0,4.1,Línea 2 - Marmitas 1000L,500,Mañana (06:00 - 14:00)
LOT-202607-0991,2026-07-02,PROD004,LIN002,TUR003,2044.07,100.0,10.0,500,491.09,473.08,18.01,1.0,0.99,0.0,0.99,242.23,175.32,943.51,311.71,74.25,1329.47,2.71,Aprobado con Observaciones,Manjar Repostero 1kg,Industrial/Repostería,1.0,4.1,Línea 2 - Marmitas 1000L,500,Noche (22:00 - 06:00)
LOT-202607-0992,2026-07-03,PROD002,LIN001,TUR001,1147.34,60.0,6.0,300,296.82,283.05,13.77,1.2,1.27,0.0,1.27,155.79,104.75,532.88,199.52,57.15,789.55,2.66,Aprobado con Observaciones,Manjar Tradicional 500g,Familiar,0.5,3.8,Línea 1 - Marmitas 500L,250,Mañana (06:00 - 14:00)
LOT-202607-0993,2026-07-03,PROD003,LIN002,TUR003,1882.03,100.0,10.0,500,498.11,493.86,4.25,1.0,0.95,0.47,1.42,267.99,158.95,875.45,340.66,106.5,1322.61,2.66,Aprobado A1,Manjar Tradicional 1kg,Familiar,1.0,3.8,Línea 2 - Marmitas 1000L,500,Noche (22:00 - 06:00)
LOT-202607-0994,2026-07-03,PROD003,LIN003,TUR002,2585.07,140.0,14.0,700,672.95,659.48,13.47,0.88,0.93,0.0,0.93,315.66,247.63,1204.73,408.51,102.3,1715.54,2.55,Aprobado A1,Manjar Tradicional 1kg,Familiar,1.0,3.8,Línea 3 - Continua 2000L,800,Tarde (14:00 - 22:00)
LOT-202607-0995,2026-07-03,PROD003,LIN003,TUR002,2614.2,140.0,14.0,700,668.98,654.26,14.72,0.88,0.86,0.0,0.86,337.11,224.9,1216.96,431.52,94.6,1743.08,2.61,Aprobado A1,Manjar Tradicional 1kg,Familiar,1.0,3.8,Línea 3 - Continua 2000L,800,Tarde (14:00 - 22:00)
LOT-202607-0996,2026-07-03,PROD005,LIN003,TUR002,4369.03,200.0,20.0,1000,944.55,912.99,31.56,1.25,1.34,0.47,1.81,439.69,345.63,2004.99,569.1,199.1,2773.19,2.94,Aprobado con Observaciones,Manjar Alfajorero 5kg,Industrial,5.0,4.3,Línea 3 - Continua 2000L,800,Tarde (14:00 - 22:00)
LOT-202607-0997,2026-07-04,PROD004,LIN001,TUR001,1052.33,50.0,5.0,250,242.34,240.2,2.14,1.0,0.99,0.47,1.46,122.51,87.08,484.48,157.46,65.7,707.64,2.92,Aprobado A1,Manjar Repostero 1kg,Industrial/Repostería,1.0,4.1,Línea 1 - Marmitas 500L,250,Mañana (06:00 - 14:00)
LOT-202607-0998,2026-07-04,PROD004,LIN002,TUR001,2508.15,120.0,12.0,600,571.13,546.47,24.66,1.2,1.26,0.0,1.26,287.74,168.34,1155.42,365.49,94.5,1615.41,2.83,Aprobado con Observaciones,Manjar Repostero 1kg,Industrial/Repostería,1.0,4.1,Línea 2 - Marmitas 1000L,500,Mañana (06:00 - 14:00)
LOT-202607-0999,2026-07-04,PROD004,LIN003,TUR001,4061.01,200.0,20.0,1000,948.59,907.07,41.52,1.25,1.3,0.0,1.3,482.28,275.2,1875.62,611.76,143.0,2630.38,2.77,Aprobado con Observaciones,Manjar Repostero 1kg,Industrial/Repostería,1.0,4.1,Línea 3 - Continua 2000L,800,Mañana (06:00 - 14:00)
LOT-202607-1000,2026-07-04,PROD001,LIN003,TUR002,3736.85,200.0,20.0,1000,958.96,947.14,11.82,1.25,1.32,0.0,1.32,444.21,354.67,1739.48,575.61,145.2,2460.29,2.57,Aprobado A1,Manjar Tradicional 250g,Familiar,0.25,3.8,Línea 3 - Continua 2000L,800,Tarde (14:00 - 22:00)
LOT-202607-1001,2026-07-04,PROD001,LIN003,TUR003,2707.57,140.0,14.0,700,663.77,651.67,12.1,0.88,0.85,0.0,0.85,306.06,198.17,1256.18,391.05,93.5,1740.73,2.62,Aprobado A1,Manjar Tradicional 250g,Familiar,0.25,3.8,Línea 3 - Continua 2000L,800,Noche (22:00 - 06:00)
LOT-202607-1002,2026-07-05,PROD002,LIN001,TUR003,1168.49,60.0,6.0,300,299.13,291.96,7.17,1.2,1.26,0.0,1.26,152.8,91.7,541.77,194.36,56.7,792.83,2.65,Aprobado A1,Manjar Tradicional 500g,Familiar,0.5,3.8,Línea 1 - Marmitas 500L,250,Noche (22:00 - 06:00)
LOT-202607-1003,2026-07-05,PROD002,LIN002,TUR002,1969.24,100.0,10.0,500,485.62,473.66,11.96,1.0,0.98,0.0,0.98,243.75,148.75,912.08,310.35,73.5,1295.93,2.67,Aprobado A1,Manjar Tradicional 500g,Familiar,0.5,3.8,Línea 2 - Marmitas 1000L,500,Tarde (14:00 - 22:00)
LOT-202607-1004,2026-07-05,PROD001,LIN002,TUR002,1504.56,80.0,8.0,400,381.04,355.7,25.34,0.8,0.83,0.0,0.83,182.12,116.63,699.92,232.54,62.25,994.71,2.61,Rechazado / Reproceso,Manjar Tradicional 250g,Familiar,0.25,3.8,Línea 2 - Marmitas 1000L,500,Tarde (14:00 - 22:00)
LOT-202607-1005,2026-07-05,PROD003,LIN002,TUR002,1878.86,100.0,10.0,500,486.84,472.43,14.41,1.0,0.95,0.0,0.95,245.44,166.18,874.12,314.47,71.25,1259.84,2.59,Aprobado con Observaciones,Manjar Tradicional 1kg,Familiar,1.0,3.8,Línea 2 - Marmitas 1000L,500,Tarde (14:00 - 22:00)
LOT-202607-1006,2026-07-05,PROD003,LIN003,TUR003,3095.61,160.0,16.0,800,768.31,726.99,41.32,1.0,0.98,0.42,1.4,394.51,256.98,1436.16,504.25,154.0,2094.41,2.73,Rechazado / Reproceso,Manjar Tradicional 1kg,Familiar,1.0,3.8,Línea 3 - Continua 2000L,800,Noche (22:00 - 06:00)
LOT-202607-1007,2026-07-05,PROD005,LIN003,TUR003,4448.47,200.0,20.0,1000,981.4,924.36,57.04,1.25,1.23,0.25,1.48,484.8,339.25,2038.36,622.47,162.8,2823.63,2.88,Rechazado / Reproceso,Manjar Alfajorero 5kg,Industrial,5.0,4.3,Línea 3 - Continua 2000L,800,Noche (22:00 - 06:00)
LOT-202607-1008,2026-07-06,PROD004,LIN001,TUR003,1241.77,60.0,6.0,300,289.88,282.97,6.91,1.2,1.23,0.0,1.23,150.94,96.41,572.54,192.7,55.35,820.59,2.83,Aprobado A1,Manjar Repostero 1kg,Industrial/Repostería,1.0,4.1,Línea 1 - Marmitas 500L,250,Noche (22:00 - 06:00)
LOT-202607-1009,2026-07-06,PROD005,LIN002,TUR001,2516.37,120.0,12.0,600,586.94,576.09,10.85,1.2,1.18,0.0,1.18,274.81,216.69,1158.88,355.77,88.5,1603.15,2.73,Aprobado A1,Manjar Alfajorero 5kg,Industrial,5.0,4.3,Línea 2 - Marmitas 1000L,500,Mañana (06:00 - 14:00)
LOT-202607-1010,2026-07-06,PROD005,LIN002,TUR002,2527.11,120.0,12.0,600,592.58,580.21,12.37,1.2,1.14,0.0,1.14,303.07,214.03,1163.39,389.37,85.5,1638.26,2.76,Aprobado A1,Manjar Alfajorero 5kg,Industrial,5.0,4.3,Línea 2 - Marmitas 1000L,500,Tarde (14:00 - 22:00)
LOT-202607-1011,2026-07-07,PROD005,LIN001,TUR001,882.69,40.0,4.0,200,198.22,190.82,7.4,0.8,0.8,0.0,0.8,101.6,68.52,404.73,130.14,36.0,570.87,2.88,Aprobado con Observaciones,Manjar Alfajorero 5kg,Industrial,5.0,4.3,Línea 1 - Marmitas 500L,250,Mañana (06:00 - 14:00)
LOT-202607-1012,2026-07-07,PROD002,LIN002,TUR002,1856.31,100.0,10.0,500,487.49,480.19,7.3,1.0,1.05,0.0,1.05,253.06,179.62,864.65,325.23,78.75,1268.63,2.6,Aprobado A1,Manjar Tradicional 500g,Familiar,0.5,3.8,Línea 2 - Marmitas 1000L,500,Tarde (14:00 - 22:00)
LOT-202607-1013,2026-07-07,PROD005,LIN002,TUR001,2552.31,120.0,12.0,600,571.28,563.56,7.72,1.2,1.28,0.28,1.56,283.33,193.94,1173.97,363.27,117.0,1654.24,2.9,Aprobado A1,Manjar Alfajorero 5kg,Industrial,5.0,4.3,Línea 2 - Marmitas 1000L,500,Mañana (06:00 - 14:00)
LOT-202607-1014,2026-07-07,PROD002,LIN003,TUR002,3887.25,200.0,20.0,1000,989.09,920.4,68.69,1.25,1.24,0.18,1.42,525.63,295.42,1802.64,666.21,156.2,2625.05,2.65,Rechazado / Reproceso,Manjar Tradicional 500g,Familiar,0.5,3.8,Línea 3 - Continua 2000L,800,Tarde (14:00 - 22:00)
LOT-202607-1015,2026-07-07,PROD002,LIN003,TUR001,2608.83,140.0,14.0,700,661.86,647.62,14.24,0.88,0.87,0.0,0.87,354.76,241.29,1214.71,454.67,95.7,1765.08,2.67,Aprobado A1,Manjar Tradicional 500g,Familiar,0.5,3.8,Línea 3 - Continua 2000L,800,Mañana (06:00 - 14:00)
LOT-202607-1016,2026-07-07,PROD005,LIN003,TUR002,3374.7,160.0,16.0,800,813.33,781.11,32.22,1.0,0.96,0.4,1.36,426.07,290.24,1553.37,546.11,149.6,2249.08,2.77,Aprobado con Observaciones,Manjar Alfajorero 5kg,Industrial,5.0,4.3,Línea 3 - Continua 2000L,800,Tarde (14:00 - 22:00)
LOT-202607-1017,2026-07-08,PROD004,LIN001,TUR003,1060.78,50.0,5.0,250,249.4,246.61,2.79,1.0,1.0,0.61,1.61,129.44,75.02,488.03,164.33,72.45,724.81,2.91,Aprobado A1,Manjar Repostero 1kg,Industrial/Repostería,1.0,4.1,Línea 1 - Marmitas 500L,250,Noche (22:00 - 06:00)
LOT-202607-1018,2026-07-08,PROD005,LIN001,TUR001,1330.38,60.0,6.0,300,297.49,292.46,5.03,1.2,1.24,0.66,1.9,149.64,92.45,609.76,190.66,85.5,885.92,2.98,Aprobado A1,Manjar Alfajorero 5kg,Industrial,5.0,4.3,Línea 1 - Marmitas 500L,250,Mañana (06:00 - 14:00)
LOT-202607-1019,2026-07-08,PROD002,LIN002,TUR001,1908.24,100.0,10.0,500,497.27,490.95,6.32,1.0,0.98,0.57,1.55,250.49,173.56,886.46,321.42,116.25,1324.13,2.66,Aprobado A1,Manjar Tradicional 500g,Familiar,0.5,3.8,Línea 2 - Marmitas 1000L,500,Mañana (06:00 - 14:00)
LOT-202607-1020,2026-07-08,PROD003,LIN003,TUR002,2586.36,140.0,14.0,700,649.82,645.06,4.76,0.88,0.86,0.46,1.32,329.37,192.74,1205.27,418.37,145.2,1768.84,2.72,Aprobado A1,Manjar Tradicional 1kg,Familiar,1.0,3.8,Línea 3 - Continua 2000L,800,Tarde (14:00 - 22:00)
LOT-202607-1021,2026-07-09,PROD004,LIN001,TUR003,1225.09,60.0,6.0,300,297.25,278.25,19.0,1.2,1.19,0.79,1.98,154.63,92.4,565.54,196.64,89.1,851.28,2.86,Rechazado / Reproceso,Manjar Repostero 1kg,Industrial/Repostería,1.0,4.1,Línea 1 - Marmitas 500L,250,Noche (22:00 - 06:00)
LOT-202607-1022,2026-07-09,PROD005,LIN002,TUR003,2600.13,120.0,12.0,600,576.91,549.38,27.53,1.2,1.24,0.74,1.98,287.02,190.71,1194.05,367.31,148.5,1709.86,2.96,Aprobado con Observaciones,Manjar Alfajorero 5kg,Industrial,5.0,4.3,Línea 2 - Marmitas 1000L,500,Noche (22:00 - 06:00)
LOT-202607-1023,2026-07-09,PROD005,LIN003,TUR001,3059.19,140.0,14.0,700,699.04,673.51,25.53,0.88,0.88,0.29,1.17,334.75,211.07,1403.86,427.03,128.7,1959.59,2.8,Aprobado con Observaciones,Manjar Alfajorero 5kg,Industrial,5.0,4.3,Línea 3 - Continua 2000L,800,Mañana (06:00 - 14:00)
LOT-202607-1024,2026-07-10,PROD003,LIN001,TUR002,1109.71,60.0,6.0,300,288.94,284.81,4.13,1.2,1.26,0.6,1.86,142.39,103.58,517.08,183.3,83.7,784.08,2.71,Aprobado A1,Manjar Tradicional 1kg,Familiar,1.0,3.8,Línea 1 - Marmitas 500L,250,Tarde (14:00 - 22:00)
LOT-202607-1025,2026-07-10,PROD003,LIN002,TUR001,2335.87,120.0,12.0,600,603.78,561.96,41.82,1.2,1.16,0.0,1.16,321.95,210.77,1083.07,411.63,87.0,1581.7,2.62,Rechazado / Reproceso,Manjar Tradicional 1kg,Familiar,1.0,3.8,Línea 2 - Marmitas 1000L,500,Mañana (06:00 - 14:00)
LOT-202607-1026,2026-07-10,PROD003,LIN002,TUR003,2252.88,120.0,12.0,600,597.65,587.94,9.71,1.2,1.23,0.0,1.23,311.44,198.58,1048.21,397.56,92.25,1538.02,2.57,Aprobado A1,Manjar Tradicional 1kg,Familiar,1.0,3.8,Línea 2 - Marmitas 1000L,500,Noche (22:00 - 06:00)
LOT-202607-1027,2026-07-10,PROD001,LIN002,TUR002,1875.22,100.0,10.0,500,491.92,485.56,6.36,1.0,0.99,0.0,0.99,252.53,154.76,872.59,321.61,74.25,1268.45,2.58,Aprobado A1,Manjar Tradicional 250g,Familiar,0.25,3.8,Línea 2 - Marmitas 1000L,500,Tarde (14:00 - 22:00)
LOT-202607-1028,2026-07-10,PROD002,LIN003,TUR002,3720.72,200.0,20.0,1000,986.67,974.13,12.54,1.25,1.28,0.52,1.8,481.86,345.36,1732.7,619.68,198.0,2550.38,2.58,Aprobado A1,Manjar Tradicional 500g,Familiar,0.5,3.8,Línea 3 - Continua 2000L,800,Tarde (14:00 - 22:00)
LOT-202607-1029,2026-07-11,PROD002,LIN001,TUR002,775.56,40.0,4.0,200,193.41,184.0,9.41,0.8,0.79,0.0,0.79,96.24,60.85,359.74,122.79,35.55,518.08,2.68,Aprobado con Observaciones,Manjar Tradicional 500g,Familiar,0.5,3.8,Línea 1 - Marmitas 500L,250,Tarde (14:00 - 22:00)
LOT-202607-1030,2026-07-11,PROD005,LIN002,TUR003,2593.84,120.0,12.0,600,601.14,553.84,47.3,1.2,1.26,0.0,1.26,323.76,190.28,1191.41,411.35,94.5,1697.26,2.82,Rechazado / Reproceso,Manjar Alfajorero 5kg,Industrial,5.0,4.3,Línea 2 - Marmitas 1000L,500,Noche (22:00 - 06:00)
LOT-202607-1031,2026-07-11,PROD002,LIN002,TUR002,2344.35,120.0,12.0,600,563.53,527.9,35.63,1.2,1.18,0.82,2.0,295.59,199.76,1086.63,378.68,150.0,1615.31,2.87,Rechazado / Reproceso,Manjar Tradicional 500g,Familiar,0.5,3.8,Línea 2 - Marmitas 1000L,500,Tarde (14:00 - 22:00)
LOT-202607-1032,2026-07-11,PROD005,LIN003,TUR002,4311.4,200.0,20.0,1000,997.96,987.44,10.52,1.25,1.19,0.0,1.19,462.19,321.87,1980.79,593.25,130.9,2704.94,2.71,Aprobado A1,Manjar Alfajorero 5kg,Industrial,5.0,4.3,Línea 3 - Continua 2000L,800,Tarde (14:00 - 22:00)
LOT-202607-1033,2026-07-11,PROD001,LIN003,TUR003,2758.25,140.0,14.0,700,701.33,670.25,31.08,0.88,0.89,0.0,0.89,350.7,226.23,1277.46,447.99,97.9,1823.35,2.6,Aprobado con Observaciones,Manjar Tradicional 250g,Familiar,0.25,3.8,Línea 3 - Continua 2000L,800,Noche (22:00 - 06:00)
LOT-202607-1034,2026-07-11,PROD005,LIN003,TUR003,4439.44,200.0,20.0,1000,928.0,908.89,19.11,1.25,1.26,0.27,1.53,427.85,320.23,2034.56,551.85,168.3,2754.71,2.97,Aprobado A1,Manjar Alfajorero 5kg,Industrial,5.0,4.3,Línea 3 - Continua 2000L,800,Noche (22:00 - 06:00)
LOT-202607-1035,2026-07-12,PROD004,LIN001,TUR002,1217.52,60.0,6.0,300,303.25,299.33,3.92,1.2,1.26,0.0,1.26,148.42,107.16,562.36,190.96,56.7,810.02,2.67,Aprobado A1,Manjar Repostero 1kg,Industrial/Repostería,1.0,4.1,Línea 1 - Marmitas 500L,250,Tarde (14:00 - 22:00)
LOT-202607-1036,2026-07-12,PROD002,LIN001,TUR001,753.76,40.0,4.0,200,188.13,186.01,2.12,0.8,0.84,0.0,0.84,92.51,61.74,350.58,118.42,37.8,506.8,2.69,Aprobado A1,Manjar Tradicional 500g,Familiar,0.5,3.8,Línea 1 - Marmitas 500L,250,Mañana (06:00 - 14:00)
LOT-202607-1037,2026-07-12,PROD001,LIN001,TUR003,777.45,40.0,4.0,200,193.89,191.56,2.33,0.8,0.85,0.0,0.85,96.19,61.43,360.53,122.8,38.25,521.58,2.69,Aprobado A1,Manjar Tradicional 250g,Familiar,0.25,3.8,Línea 1 - Marmitas 500L,250,Noche (22:00 - 06:00)
LOT-202607-1038,2026-07-12,PROD003,LIN002,TUR001,2330.66,120.0,12.0,600,592.31,584.07,8.24,1.2,1.25,0.0,1.25,316.8,192.08,1080.88,403.21,93.75,1577.84,2.66,Aprobado A1,Manjar Tradicional 1kg,Familiar,1.0,3.8,Línea 2 - Marmitas 1000L,500,Mañana (06:00 - 14:00)
LOT-202607-1039,2026-07-13,PROD001,LIN001,TUR001,1116.08,60.0,6.0,300,297.11,292.04,5.07,1.2,1.16,0.0,1.16,138.77,106.87,519.75,179.35,52.2,751.3,2.53,Aprobado A1,Manjar Tradicional 250g,Familiar,0.25,3.8,Línea 1 - Marmitas 500L,250,Mañana (06:00 - 14:00)
LOT-202607-1040,2026-07-13,PROD001,LIN001,TUR002,773.64,40.0,4.0,200,188.18,182.92,5.26,0.8,0.81,0.0,0.81,88.2,64.0,358.93,113.52,36.45,508.9,2.7,Aprobado con Observaciones,Manjar Tradicional 250g,Familiar,0.25,3.8,Línea 1 - Marmitas 500L,250,Tarde (14:00 - 22:00)
LOT-202607-1041,2026-07-13,PROD004,LIN001,TUR002,1248.56,60.0,6.0,300,284.78,279.0,5.78,1.2,1.29,0.38,1.67,143.02,92.78,575.4,182.76,75.15,833.31,2.93,Aprobado A1,Manjar Repostero 1kg,Industrial/Repostería,1.0,4.1,Línea 1 - Marmitas 500L,250,Tarde (14:00 - 22:00)
LOT-202607-1042,2026-07-13,PROD002,LIN002,TUR002,2357.27,120.0,12.0,600,592.53,564.98,27.55,1.2,1.27,0.0,1.27,277.42,189.4,1092.05,355.63,95.25,1542.93,2.6,Aprobado con Observaciones,Manjar Tradicional 500g,Familiar,0.5,3.8,Línea 2 - Marmitas 1000L,500,Tarde (14:00 - 22:00)
LOT-202607-1043,2026-07-13,PROD001,LIN002,TUR003,1528.39,80.0,8.0,400,405.91,385.53,20.38,0.8,0.79,0.0,0.79,201.43,126.0,709.92,256.84,59.25,1026.01,2.53,Rechazado / Reproceso,Manjar Tradicional 250g,Familiar,0.25,3.8,Línea 2 - Marmitas 1000L,500,Noche (22:00 - 06:00)
LOT-202607-1044,2026-07-13,PROD005,LIN003,TUR003,4358.76,200.0,20.0,1000,981.32,905.58,75.74,1.25,1.22,0.68,1.9,509.97,337.65,2000.68,652.48,209.0,2862.16,2.92,Rechazado / Reproceso,Manjar Alfajorero 5kg,Industrial,5.0,4.3,Línea 3 - Continua 2000L,800,Noche (22:00 - 06:00)
LOT-202607-1045,2026-07-13,PROD004,LIN003,TUR001,4061.82,200.0,20.0,1000,976.67,947.04,29.63,1.25,1.25,0.63,1.88,511.17,350.18,1875.96,655.43,206.8,2738.19,2.8,Aprobado con Observaciones,Manjar Repostero 1kg,Industrial/Repostería,1.0,4.1,Línea 3 - Continua 2000L,800,Mañana (06:00 - 14:00)
LOT-202607-1046,2026-07-14,PROD003,LIN003,TUR001,3034.82,160.0,16.0,800,782.37,734.0,48.37,1.0,0.99,0.88,1.87,370.78,240.4,1410.62,473.78,205.7,2090.1,2.67,Rechazado / Reproceso,Manjar Tradicional 1kg,Familiar,1.0,3.8,Línea 3 - Continua 2000L,800,Mañana (06:00 - 14:00)
LOT-202607-1047,2026-07-15,PROD002,LIN001,TUR003,1123.39,60.0,6.0,300,295.1,279.2,15.9,1.2,1.16,1.0,2.16,158.9,105.13,522.82,203.3,97.2,823.32,2.79,Rechazado / Reproceso,Manjar Tradicional 500g,Familiar,0.5,3.8,Línea 1 - Marmitas 500L,250,Noche (22:00 - 06:00)
LOT-202607-1048,2026-07-15,PROD003,LIN001,TUR002,1115.2,60.0,6.0,300,284.77,266.45,18.32,1.2,1.27,0.0,1.27,144.45,90.76,519.38,184.23,57.15,760.76,2.67,Rechazado / Reproceso,Manjar Tradicional 1kg,Familiar,1.0,3.8,Línea 1 - Marmitas 500L,250,Tarde (14:00 - 22:00)
LOT-202607-1049,2026-07-15,PROD002,LIN001,TUR002,1127.03,60.0,6.0,300,297.17,288.09,9.08,1.2,1.29,0.0,1.29,148.16,96.31,524.35,189.35,58.05,771.75,2.6,Aprobado con Observaciones,Manjar Tradicional 500g,Familiar,0.5,3.8,Línea 1 - Marmitas 500L,250,Tarde (14:00 - 22:00)
LOT-202607-1050,2026-07-15,PROD002,LIN002,TUR001,2261.67,120.0,12.0,600,578.97,521.52,57.45,1.2,1.17,0.0,1.17,305.69,180.5,1051.9,388.49,87.75,1528.14,2.64,Rechazado / Reproceso,Manjar Tradicional 500g,Familiar,0.5,3.8,Línea 2 - Marmitas 1000L,500,Mañana (06:00 - 14:00)
LOT-202607-1051,2026-07-15,PROD001,LIN002,TUR001,1525.3,80.0,8.0,400,382.66,380.75,1.91,0.8,0.85,0.0,0.85,177.71,136.49,708.63,229.63,63.75,1002.01,2.62,Aprobado A1,Manjar Tradicional 250g,Familiar,0.25,3.8,Línea 2 - Marmitas 1000L,500,Mañana (06:00 - 14:00)
LOT-202607-1052,2026-07-15,PROD004,LIN002,TUR003,1599.42,80.0,8.0,400,393.43,375.8,17.63,0.8,0.77,0.0,0.77,191.09,128.36,739.76,244.71,57.75,1042.22,2.65,Aprobado con Observaciones,Manjar Repostero 1kg,Industrial/Repostería,1.0,4.1,Línea 2 - Marmitas 1000L,500,Noche (22:00 - 06:00)
LOT-202607-1053,2026-07-15,PROD005,LIN003,TUR001,4456.78,200.0,20.0,1000,982.16,929.2,52.96,1.25,1.27,1.0,2.27,473.91,297.58,2041.85,604.4,249.7,2895.95,2.95,Rechazado / Reproceso,Manjar Alfajorero 5kg,Industrial,5.0,4.3,Línea 3 - Continua 2000L,800,Mañana (06:00 - 14:00)
LOT-202607-1054,2026-07-15,PROD004,LIN003,TUR001,4092.72,200.0,20.0,1000,996.59,936.24,60.35,1.25,1.24,0.98,2.22,496.23,319.66,1888.94,633.84,244.2,2766.98,2.78,Rechazado / Reproceso,Manjar Repostero 1kg,Industrial/Repostería,1.0,4.1,Línea 3 - Continua 2000L,800,Mañana (06:00 - 14:00)
LOT-202607-1055,2026-07-15,PROD001,LIN003,TUR001,3872.01,200.0,20.0,1000,980.09,904.51,75.58,1.25,1.33,0.0,1.33,466.15,300.12,1796.24,595.39,146.3,2537.93,2.59,Rechazado / Reproceso,Manjar Tradicional 250g,Familiar,0.25,3.8,Línea 3 - Continua 2000L,800,Mañana (06:00 - 14:00)
LOT-202607-1056,2026-07-16,PROD003,LIN001,TUR002,1180.06,60.0,6.0,300,286.46,276.08,10.38,1.2,1.16,0.0,1.16,147.31,84.87,546.63,186.96,52.2,785.79,2.74,Aprobado con Observaciones,Manjar Tradicional 1kg,Familiar,1.0,3.8,Línea 1 - Marmitas 500L,250,Tarde (14:00 - 22:00)
LOT-202607-1057,2026-07-16,PROD001,LIN002,TUR001,1874.65,100.0,10.0,500,487.75,460.03,27.72,1.0,1.06,0.0,1.06,232.88,144.35,872.35,296.78,79.5,1248.63,2.56,Rechazado / Reproceso,Manjar Tradicional 250g,Familiar,0.25,3.8,Línea 2 - Marmitas 1000L,500,Mañana (06:00 - 14:00)
LOT-202607-1058,2026-07-16,PROD005,LIN002,TUR002,2125.32,100.0,10.0,500,468.59,456.17,12.42,1.0,1.06,0.0,1.06,225.88,173.19,977.63,291.84,79.5,1348.97,2.88,Aprobado con Observaciones,Manjar Alfajorero 5kg,Industrial,5.0,4.3,Línea 2 - Marmitas 1000L,500,Tarde (14:00 - 22:00)
LOT-202607-1059,2026-07-16,PROD003,LIN003,TUR001,3048.9,160.0,16.0,800,756.39,747.15,9.24,1.0,0.97,0.33,1.3,386.61,272.49,1416.54,496.63,143.0,2056.17,2.72,Aprobado A1,Manjar Tradicional 1kg,Familiar,1.0,3.8,Línea 3 - Continua 2000L,800,Mañana (06:00 - 14:00)
LOT-202607-1060,2026-07-17,PROD001,LIN002,TUR003,1502.18,80.0,8.0,400,401.33,387.58,13.75,0.8,0.79,0.0,0.79,198.67,140.72,698.92,255.29,59.25,1013.46,2.53,Aprobado con Observaciones,Manjar Tradicional 250g,Familiar,0.25,3.8,Línea 2 - Marmitas 1000L,500,Noche (22:00 - 06:00)
LOT-202607-1061,2026-07-17,PROD005,LIN003,TUR001,3098.39,140.0,14.0,700,666.83,631.73,35.1,0.88,0.88,0.9,1.78,340.7,214.87,1420.32,434.62,195.8,2050.74,3.08,Rechazado / Reproceso,Manjar Alfajorero 5kg,Industrial,5.0,4.3,Línea 3 - Continua 2000L,800,Mañana (06:00 - 14:00)
LOT-202607-1062,2026-07-18,PROD001,LIN002,TUR002,1874.38,100.0,10.0,500,484.65,436.56,48.09,1.0,0.99,0.75,1.74,226.28,155.8,872.24,290.23,130.5,1292.97,2.67,Rechazado / Reproceso,Manjar Tradicional 250g,Familiar,0.25,3.8,Línea 2 - Marmitas 1000L,500,Tarde (14:00 - 22:00)
LOT-202607-1063,2026-07-18,PROD003,LIN002,TUR001,1914.7,100.0,10.0,500,485.9,480.48,5.42,1.0,0.98,0.0,0.98,230.29,179.07,889.17,297.84,73.5,1260.51,2.59,Aprobado A1,Manjar Tradicional 1kg,Familiar,1.0,3.8,Línea 2 - Marmitas 1000L,500,Mañana (06:00 - 14:00)
LOT-202607-1064,2026-07-18,PROD004,LIN003,TUR002,4251.05,200.0,20.0,1000,977.84,932.39,45.45,1.25,1.22,0.0,1.22,517.71,358.13,1955.44,664.23,134.2,2753.87,2.82,Aprobado con Observaciones,Manjar Repostero 1kg,Industrial/Repostería,1.0,4.1,Línea 3 - Continua 2000L,800,Tarde (14:00 - 22:00)
LOT-202607-1065,2026-07-18,PROD002,LIN003,TUR001,3118.7,160.0,16.0,800,804.85,763.67,41.18,1.0,0.98,0.0,0.98,386.38,295.8,1445.85,499.15,107.8,2052.8,2.55,Rechazado / Reproceso,Manjar Tradicional 500g,Familiar,0.5,3.8,Línea 3 - Continua 2000L,800,Mañana (06:00 - 14:00)
LOT-202607-1066,2026-07-18,PROD002,LIN003,TUR002,3775.83,200.0,20.0,1000,987.47,950.67,36.8,1.25,1.26,0.0,1.26,490.41,350.37,1755.85,630.54,138.6,2524.99,2.56,Aprobado con Observaciones,Manjar Tradicional 500g,Familiar,0.5,3.8,Línea 3 - Continua 2000L,800,Tarde (14:00 - 22:00)
LOT-202607-1067,2026-07-19,PROD001,LIN002,TUR002,1499.43,80.0,8.0,400,390.85,377.68,13.17,0.8,0.83,1.04,1.87,204.19,143.47,697.76,262.24,140.25,1100.25,2.82,Aprobado con Observaciones,Manjar Tradicional 250g,Familiar,0.25,3.8,Línea 2 - Marmitas 1000L,500,Tarde (14:00 - 22:00)
LOT-202607-1068,2026-07-19,PROD001,LIN002,TUR003,2317.53,120.0,12.0,600,583.57,555.27,28.3,1.2,1.22,0.0,1.22,291.66,208.71,1075.36,375.04,91.5,1541.9,2.64,Aprobado con Observaciones,Manjar Tradicional 250g,Familiar,0.25,3.8,Línea 2 - Marmitas 1000L,500,Noche (22:00 - 06:00)
LOT-202607-1069,2026-07-19,PROD003,LIN003,TUR003,3738.18,200.0,20.0,1000,1015.18,1008.42,6.76,1.25,1.31,0.0,1.31,517.76,313.69,1740.04,658.95,144.1,2543.09,2.51,Aprobado A1,Manjar Tradicional 1kg,Familiar,1.0,3.8,Línea 3 - Continua 2000L,800,Noche (22:00 - 06:00)
LOT-202607-1070,2026-07-20,PROD001,LIN001,TUR003,971.75,50.0,5.0,250,242.1,225.88,16.22,1.0,1.05,0.0,1.05,128.79,73.62,450.63,163.38,47.25,661.26,2.73,Rechazado / Reproceso,Manjar Tradicional 250g,Familiar,0.25,3.8,Línea 1 - Marmitas 500L,250,Noche (22:00 - 06:00)
LOT-202607-1071,2026-07-20,PROD003,LIN001,TUR002,938.21,50.0,5.0,250,250.95,242.26,8.69,1.0,1.04,0.0,1.04,128.25,85.5,436.55,164.16,46.8,647.51,2.58,Aprobado con Observaciones,Manjar Tradicional 1kg,Familiar,1.0,3.8,Línea 1 - Marmitas 500L,250,Tarde (14:00 - 22:00)
LOT-202607-1072,2026-07-20,PROD005,LIN002,TUR002,2210.46,100.0,10.0,500,478.26,472.24,6.02,1.0,1.05,0.0,1.05,249.14,166.34,1013.39,318.93,78.75,1411.07,2.95,Aprobado A1,Manjar Alfajorero 5kg,Industrial,5.0,4.3,Línea 2 - Marmitas 1000L,500,Tarde (14:00 - 22:00)
LOT-202607-1073,2026-07-20,PROD004,LIN002,TUR001,2044.33,100.0,10.0,500,504.4,495.33,9.07,1.0,1.0,0.0,1.0,259.72,150.4,943.62,329.71,75.0,1348.33,2.67,Aprobado A1,Manjar Repostero 1kg,Industrial/Repostería,1.0,4.1,Línea 2 - Marmitas 1000L,500,Mañana (06:00 - 14:00)
LOT-202607-1074,2026-07-20,PROD005,LIN002,TUR001,2630.94,120.0,12.0,600,580.24,577.34,2.9,1.2,1.2,0.0,1.2,267.64,183.14,1206.99,343.14,90.0,1640.13,2.83,Aprobado A1,Manjar Alfajorero 5kg,Industrial,5.0,4.3,Línea 2 - Marmitas 1000L,500,Mañana (06:00 - 14:00)
LOT-202607-1075,2026-07-20,PROD003,LIN003,TUR002,2581.62,140.0,14.0,700,674.02,646.13,27.89,0.88,0.88,0.94,1.82,318.94,206.2,1203.28,407.47,200.2,1810.95,2.69,Aprobado con Observaciones,Manjar Tradicional 1kg,Familiar,1.0,3.8,Línea 3 - Continua 2000L,800,Tarde (14:00 - 22:00)
LOT-202607-1076,2026-07-20,PROD003,LIN003,TUR003,2630.31,140.0,14.0,700,654.53,638.25,16.28,0.88,0.93,0.0,0.93,339.25,208.98,1223.73,432.18,102.3,1758.21,2.69,Aprobado A1,Manjar Tradicional 1kg,Familiar,1.0,3.8,Línea 3 - Continua 2000L,800,Noche (22:00 - 06:00)
LOT-202607-1077,2026-07-20,PROD002,LIN003,TUR002,3103.68,160.0,16.0,800,804.76,795.77,8.99,1.0,0.99,0.74,1.73,411.61,240.4,1439.55,522.78,190.3,2152.63,2.67,Aprobado A1,Manjar Tradicional 500g,Familiar,0.5,3.8,Línea 3 - Continua 2000L,800,Tarde (14:00 - 22:00)
LOT-202607-1078,2026-07-21,PROD003,LIN002,TUR001,1893.93,100.0,10.0,500,488.17,469.18,18.99,1.0,1.07,0.0,1.07,238.66,150.75,880.45,304.48,80.25,1265.18,2.59,Aprobado con Observaciones,Manjar Tradicional 1kg,Familiar,1.0,3.8,Línea 2 - Marmitas 1000L,500,Mañana (06:00 - 14:00)
LOT-202607-1079,2026-07-21,PROD003,LIN003,TUR002,2745.95,140.0,14.0,700,702.73,675.48,27.25,0.88,0.85,0.0,0.85,356.06,227.15,1272.3,454.53,93.5,1820.33,2.59,Aprobado con Observaciones,Manjar Tradicional 1kg,Familiar,1.0,3.8,Línea 3 - Continua 2000L,800,Tarde (14:00 - 22:00)
LOT-202607-1080,2026-07-21,PROD004,LIN003,TUR003,3245.78,160.0,16.0,800,797.24,786.35,10.89,1.0,1.04,0.0,1.04,407.05,277.94,1499.23,521.81,114.4,2135.44,2.68,Aprobado A1,Manjar Repostero 1kg,Industrial/Repostería,1.0,4.1,Línea 3 - Continua 2000L,800,Noche (22:00 - 06:00)
LOT-202607-1081,2026-07-21,PROD004,LIN003,TUR002,3362.43,160.0,16.0,800,795.86,775.86,20.0,1.0,1.02,0.23,1.25,387.25,239.47,1548.22,493.44,137.5,2179.16,2.74,Aprobado con Observaciones,Manjar Repostero 1kg,Industrial/Repostería,1.0,4.1,Línea 3 - Continua 2000L,800,Tarde (14:00 - 22:00)
LOT-202607-1082,2026-07-22,PROD001,LIN001,TUR001,946.27,50.0,5.0,250,239.28,228.62,10.66,1.0,0.97,0.0,0.97,126.69,70.72,439.93,160.51,43.65,644.09,2.69,Aprobado con Observaciones,Manjar Tradicional 250g,Familiar,0.25,3.8,Línea 1 - Marmitas 500L,250,Mañana (06:00 - 14:00)
LOT-202607-1083,2026-07-22,PROD004,LIN002,TUR001,2421.34,120.0,12.0,600,589.01,557.4,31.61,1.2,1.21,0.0,1.21,289.0,198.45,1118.96,370.61,90.75,1580.32,2.68,Rechazado / Reproceso,Manjar Repostero 1kg,Industrial/Repostería,1.0,4.1,Línea 2 - Marmitas 1000L,500,Mañana (06:00 - 14:00)
LOT-202607-1084,2026-07-22,PROD004,LIN002,TUR001,2126.7,100.0,10.0,500,492.4,436.35,56.05,1.0,0.98,0.0,0.98,231.61,176.12,978.21,299.07,73.5,1350.78,2.74,Rechazado / Reproceso,Manjar Repostero 1kg,Industrial/Repostería,1.0,4.1,Línea 2 - Marmitas 1000L,500,Mañana (06:00 - 14:00)
LOT-202607-1085,2026-07-23,PROD003,LIN001,TUR001,765.17,40.0,4.0,200,198.42,195.69,2.73,0.8,0.8,0.21,1.01,105.22,67.78,355.37,134.4,45.45,535.22,2.7,Aprobado A1,Manjar Tradicional 1kg,Familiar,1.0,3.8,Línea 1 - Marmitas 500L,250,Mañana (06:00 - 14:00)
LOT-202607-1086,2026-07-23,PROD003,LIN001,TUR003,740.34,40.0,4.0,200,197.53,190.36,7.17,0.8,0.8,0.0,0.8,102.98,63.67,344.94,131.22,36.0,512.16,2.59,Aprobado con Observaciones,Manjar Tradicional 1kg,Familiar,1.0,3.8,Línea 1 - Marmitas 500L,250,Noche (22:00 - 06:00)
LOT-202607-1087,2026-07-23,PROD004,LIN002,TUR001,1694.1,80.0,8.0,400,389.47,379.06,10.41,0.8,0.82,0.0,0.82,206.04,142.3,779.52,264.32,61.5,1105.34,2.84,Aprobado con Observaciones,Manjar Repostero 1kg,Industrial/Repostería,1.0,4.1,Línea 2 - Marmitas 1000L,500,Mañana (06:00 - 14:00)
LOT-202607-1088,2026-07-23,PROD003,LIN002,TUR001,2226.0,120.0,12.0,600,595.75,533.42,62.33,1.2,1.2,0.25,1.45,282.7,193.72,1036.92,362.49,108.75,1508.16,2.53,Rechazado / Reproceso,Manjar Tradicional 1kg,Familiar,1.0,3.8,Línea 2 - Marmitas 1000L,500,Mañana (06:00 - 14:00)
LOT-202607-1089,2026-07-23,PROD001,LIN002,TUR003,1866.35,100.0,10.0,500,486.19,477.94,8.25,1.0,1.0,0.0,1.0,230.89,173.58,868.87,297.9,75.0,1241.77,2.55,Aprobado A1,Manjar Tradicional 250g,Familiar,0.25,3.8,Línea 2 - Marmitas 1000L,500,Noche (22:00 - 06:00)
LOT-202607-1090,2026-07-23,PROD002,LIN003,TUR001,3940.08,200.0,20.0,1000,1000.99,979.32,21.67,1.25,1.29,0.0,1.29,528.83,296.32,1824.83,670.15,141.9,2636.88,2.63,Aprobado A1,Manjar Tradicional 500g,Familiar,0.5,3.8,Línea 3 - Continua 2000L,800,Mañana (06:00 - 14:00)
LOT-202607-1091,2026-07-24,PROD005,LIN001,TUR001,888.18,40.0,4.0,200,192.83,188.06,4.77,0.8,0.83,0.0,0.83,103.2,60.04,407.04,131.04,37.35,575.43,2.98,Aprobado A1,Manjar Alfajorero 5kg,Industrial,5.0,4.3,Línea 1 - Marmitas 500L,250,Mañana (06:00 - 14:00)
LOT-202607-1092,2026-07-24,PROD001,LIN001,TUR002,1157.24,60.0,6.0,300,296.27,290.76,5.51,1.2,1.18,0.0,1.18,140.56,96.51,537.04,180.25,53.1,770.39,2.6,Aprobado A1,Manjar Tradicional 250g,Familiar,0.25,3.8,Línea 1 - Marmitas 500L,250,Tarde (14:00 - 22:00)
LOT-202607-1093,2026-07-24,PROD005,LIN001,TUR002,845.45,40.0,4.0,200,190.47,186.51,3.96,0.8,0.85,0.0,0.85,95.09,68.88,389.09,122.37,38.25,549.71,2.89,Aprobado A1,Manjar Alfajorero 5kg,Industrial,5.0,4.3,Línea 1 - Marmitas 500L,250,Tarde (14:00 - 22:00)
LOT-202607-1094,2026-07-24,PROD005,LIN002,TUR003,1684.13,80.0,8.0,400,373.19,347.61,25.58,0.8,0.79,0.0,0.79,173.29,113.85,775.33,221.61,59.25,1056.19,2.83,Rechazado / Reproceso,Manjar Alfajorero 5kg,Industrial,5.0,4.3,Línea 2 - Marmitas 1000L,500,Noche (22:00 - 06:00)
LOT-202607-1095,2026-07-24,PROD001,LIN002,TUR001,1944.21,100.0,10.0,500,487.08,445.24,41.84,1.0,1.02,0.0,1.02,250.69,168.27,901.57,321.02,76.5,1299.09,2.67,Rechazado / Reproceso,Manjar Tradicional 250g,Familiar,0.25,3.8,Línea 2 - Marmitas 1000L,500,Mañana (06:00 - 14:00)
LOT-202607-1096,2026-07-24,PROD003,LIN002,TUR003,2268.64,120.0,12.0,600,574.62,553.71,20.91,1.2,1.17,0.0,1.17,266.18,167.44,1054.83,339.51,87.75,1482.09,2.58,Aprobado con Observaciones,Manjar Tradicional 1kg,Familiar,1.0,3.8,Línea 2 - Marmitas 1000L,500,Noche (22:00 - 06:00)
LOT-202607-1097,2026-07-25,PROD001,LIN001,TUR003,1131.39,60.0,6.0,300,291.76,285.91,5.85,1.2,1.15,0.0,1.15,136.39,102.79,526.18,176.0,51.75,753.93,2.58,Aprobado A1,Manjar Tradicional 250g,Familiar,0.25,3.8,Línea 1 - Marmitas 500L,250,Noche (22:00 - 06:00)
LOT-202607-1098,2026-07-25,PROD005,LIN001,TUR001,1336.35,60.0,6.0,300,296.5,277.57,18.93,1.2,1.21,0.0,1.21,137.73,105.51,612.27,177.94,54.45,844.66,2.85,Rechazado / Reproceso,Manjar Alfajorero 5kg,Industrial,5.0,4.3,Línea 1 - Marmitas 500L,250,Mañana (06:00 - 14:00)
LOT-202607-1099,2026-07-25,PROD001,LIN003,TUR001,3843.87,200.0,20.0,1000,943.61,935.64,7.97,1.25,1.2,0.8,2.0,465.02,330.46,1784.43,597.68,220.0,2602.11,2.76,Aprobado A1,Manjar Tradicional 250g,Familiar,0.25,3.8,Línea 3 - Continua 2000L,800,Mañana (06:00 - 14:00)
LOT-202607-1100,2026-07-25,PROD002,LIN003,TUR001,2693.01,140.0,14.0,700,691.69,684.24,7.45,0.88,0.94,0.26,1.2,325.7,219.57,1250.06,417.19,132.0,1799.25,2.6,Aprobado A1,Manjar Tradicional 500g,Familiar,0.5,3.8,Línea 3 - Continua 2000L,800,Mañana (06:00 - 14:00)
LOT-202607-1101,2026-07-26,PROD004,LIN001,TUR001,848.52,40.0,4.0,200,197.63,193.41,4.22,0.8,0.81,0.16,0.97,104.77,70.14,390.38,134.14,43.65,568.17,2.87,Aprobado A1,Manjar Repostero 1kg,Industrial/Repostería,1.0,4.1,Línea 1 - Marmitas 500L,250,Mañana (06:00 - 14:00)
LOT-202607-1102,2026-07-26,PROD005,LIN001,TUR001,880.21,40.0,4.0,200,192.23,190.35,1.88,0.8,0.84,0.0,0.84,93.61,55.88,403.69,119.04,37.8,560.53,2.92,Aprobado A1,Manjar Alfajorero 5kg,Industrial,5.0,4.3,Línea 1 - Marmitas 500L,250,Mañana (06:00 - 14:00)
LOT-202607-1103,2026-07-26,PROD003,LIN001,TUR001,768.92,40.0,4.0,200,193.49,192.52,0.97,0.8,0.82,0.0,0.82,94.9,68.36,356.95,122.08,36.9,515.93,2.67,Aprobado A1,Manjar Tradicional 1kg,Familiar,1.0,3.8,Línea 1 - Marmitas 500L,250,Mañana (06:00 - 14:00)
LOT-202607-1104,2026-07-26,PROD001,LIN002,TUR001,2318.05,120.0,12.0,600,587.89,580.21,7.68,1.2,1.27,1.07,2.34,279.4,214.47,1075.58,361.02,175.5,1612.1,2.74,Aprobado A1,Manjar Tradicional 250g,Familiar,0.25,3.8,Línea 2 - Marmitas 1000L,500,Mañana (06:00 - 14:00)
LOT-202607-1105,2026-07-26,PROD005,LIN002,TUR002,2568.82,120.0,12.0,600,577.75,574.86,2.89,1.2,1.22,1.09,2.31,282.49,175.03,1180.9,359.99,173.25,1714.14,2.97,Aprobado A1,Manjar Alfajorero 5kg,Industrial,5.0,4.3,Línea 2 - Marmitas 1000L,500,Tarde (14:00 - 22:00)
LOT-202607-1106,2026-07-26,PROD002,LIN002,TUR003,1879.96,100.0,10.0,500,475.8,453.94,21.86,1.0,1.0,0.0,1.0,234.56,142.93,874.58,298.62,75.0,1248.2,2.62,Aprobado con Observaciones,Manjar Tradicional 500g,Familiar,0.5,3.8,Línea 2 - Marmitas 1000L,500,Noche (22:00 - 06:00)
LOT-202607-1107,2026-07-26,PROD001,LIN003,TUR002,3004.35,160.0,16.0,800,797.34,729.25,68.09,1.0,1.04,0.0,1.04,382.7,239.18,1397.83,487.94,114.4,2000.17,2.51,Rechazado / Reproceso,Manjar Tradicional 250g,Familiar,0.25,3.8,Línea 3 - Continua 2000L,800,Tarde (14:00 - 22:00)
LOT-202607-1108,2026-07-26,PROD005,LIN003,TUR002,3567.15,160.0,16.0,800,782.56,722.94,59.62,1.0,1.03,0.0,1.03,396.92,275.67,1634.2,509.38,113.3,2256.88,2.88,Rechazado / Reproceso,Manjar Alfajorero 5kg,Industrial,5.0,4.3,Línea 3 - Continua 2000L,800,Tarde (14:00 - 22:00)
LOT-202607-1109,2026-07-26,PROD003,LIN003,TUR002,3039.28,160.0,16.0,800,761.74,742.47,19.27,1.0,1.07,0.56,1.63,354.02,228.13,1412.5,452.2,179.3,2044.0,2.68,Aprobado con Observaciones,Manjar Tradicional 1kg,Familiar,1.0,3.8,Línea 3 - Continua 2000L,800,Tarde (14:00 - 22:00)
LOT-202607-1110,2026-07-27,PROD001,LIN001,TUR001,780.08,40.0,4.0,200,197.51,191.15,6.36,0.8,0.81,0.0,0.81,97.55,57.95,361.63,124.01,36.45,522.09,2.64,Aprobado con Observaciones,Manjar Tradicional 250g,Familiar,0.25,3.8,Línea 1 - Marmitas 500L,250,Mañana (06:00 - 14:00)
LOT-202607-1111,2026-07-27,PROD003,LIN002,TUR002,1490.16,80.0,8.0,400,373.41,351.21,22.2,0.8,0.85,0.19,1.04,173.38,129.58,693.87,223.61,78.0,995.48,2.67,Rechazado / Reproceso,Manjar Tradicional 1kg,Familiar,1.0,3.8,Línea 2 - Marmitas 1000L,500,Tarde (14:00 - 22:00)
LOT-202607-1112,2026-07-27,PROD003,LIN003,TUR002,3939.73,200.0,20.0,1000,974.33,953.33,21.0,1.25,1.26,0.56,1.82,489.36,310.25,1824.69,624.46,200.2,2649.35,2.72,Aprobado A1,Manjar Tradicional 1kg,Familiar,1.0,3.8,Línea 3 - Continua 2000L,800,Tarde (14:00 - 22:00)
LOT-202607-1113,2026-07-28,PROD005,LIN001,TUR002,1044.98,50.0,5.0,250,236.72,221.36,15.36,1.0,0.96,0.0,0.96,117.21,73.46,481.39,149.47,43.2,674.06,2.85,Rechazado / Reproceso,Manjar Alfajorero 5kg,Industrial,5.0,4.3,Línea 1 - Marmitas 500L,250,Tarde (14:00 - 22:00)
LOT-202607-1114,2026-07-28,PROD004,LIN001,TUR002,1053.31,50.0,5.0,250,235.44,226.04,9.4,1.0,1.07,0.0,1.07,126.76,75.87,484.89,161.22,48.15,694.26,2.95,Aprobado con Observaciones,Manjar Repostero 1kg,Industrial/Repostería,1.0,4.1,Línea 1 - Marmitas 500L,250,Tarde (14:00 - 22:00)
LOT-202607-1115,2026-07-28,PROD003,LIN002,TUR003,2215.58,120.0,12.0,600,564.1,557.14,6.96,1.2,1.28,0.0,1.28,293.29,175.44,1032.54,373.0,96.0,1501.54,2.66,Aprobado A1,Manjar Tradicional 1kg,Familiar,1.0,3.8,Línea 2 - Marmitas 1000L,500,Noche (22:00 - 06:00)
LOT-202607-1116,2026-07-28,PROD002,LIN002,TUR003,2222.44,120.0,12.0,600,591.74,551.43,40.31,1.2,1.28,0.39,1.67,309.34,173.61,1035.42,392.04,125.25,1552.71,2.62,Rechazado / Reproceso,Manjar Tradicional 500g,Familiar,0.5,3.8,Línea 2 - Marmitas 1000L,500,Noche (22:00 - 06:00)
LOT-202607-1117,2026-07-28,PROD001,LIN003,TUR003,3086.39,160.0,16.0,800,783.92,757.48,26.44,1.0,1.05,0.0,1.05,364.69,256.39,1432.28,468.39,115.5,2016.17,2.57,Aprobado con Observaciones,Manjar Tradicional 250g,Familiar,0.25,3.8,Línea 3 - Continua 2000L,800,Noche (22:00 - 06:00)
LOT-202607-1118,2026-07-28,PROD004,LIN003,TUR003,2947.37,140.0,14.0,700,677.52,646.93,30.59,0.88,0.84,0.36,1.2,337.95,227.43,1356.9,432.83,132.0,1921.73,2.84,Aprobado con Observaciones,Manjar Repostero 1kg,Industrial/Repostería,1.0,4.1,Línea 3 - Continua 2000L,800,Noche (22:00 - 06:00)
LOT-202607-1119,2026-07-28,PROD002,LIN003,TUR001,2722.12,140.0,14.0,700,679.84,667.45,12.39,0.88,0.84,0.69,1.53,336.99,197.95,1262.29,428.14,168.3,1858.73,2.73,Aprobado A1,Manjar Tradicional 500g,Familiar,0.5,3.8,Línea 3 - Continua 2000L,800,Mañana (06:00 - 14:00)
LOT-202607-1120,2026-07-29,PROD002,LIN001,TUR002,1116.94,60.0,6.0,300,286.76,285.08,1.68,1.2,1.19,0.54,1.73,147.03,97.63,520.11,188.15,77.85,786.11,2.74,Aprobado A1,Manjar Tradicional 500g,Familiar,0.5,3.8,Línea 1 - Marmitas 500L,250,Tarde (14:00 - 22:00)
LOT-202607-1121,2026-07-29,PROD003,LIN001,TUR001,1181.11,60.0,6.0,300,297.5,292.2,5.3,1.2,1.16,0.0,1.16,155.41,96.95,547.07,198.13,52.2,797.4,2.68,Aprobado A1,Manjar Tradicional 1kg,Familiar,1.0,3.8,Línea 1 - Marmitas 500L,250,Mañana (06:00 - 14:00)
LOT-202607-1122,2026-07-29,PROD001,LIN002,TUR002,1552.17,80.0,8.0,400,390.72,375.09,15.63,0.8,0.78,0.0,0.78,210.07,142.32,719.91,269.16,58.5,1047.57,2.68,Aprobado con Observaciones,Manjar Tradicional 250g,Familiar,0.25,3.8,Línea 2 - Marmitas 1000L,500,Tarde (14:00 - 22:00)
LOT-202607-1123,2026-07-30,PROD002,LIN001,TUR001,984.46,50.0,5.0,250,249.6,238.3,11.3,1.0,1.03,0.0,1.03,133.44,83.15,455.97,170.11,46.35,672.43,2.69,Aprobado con Observaciones,Manjar Tradicional 500g,Familiar,0.5,3.8,Línea 1 - Marmitas 500L,250,Mañana (06:00 - 14:00)
LOT-202607-1124,2026-07-30,PROD003,LIN002,TUR003,1518.96,80.0,8.0,400,385.53,360.48,25.05,0.8,0.83,0.0,0.83,189.78,135.39,705.96,243.98,62.25,1012.19,2.63,Rechazado / Reproceso,Manjar Tradicional 1kg,Familiar,1.0,3.8,Línea 2 - Marmitas 1000L,500,Noche (22:00 - 06:00)
LOT-202607-1125,2026-07-30,PROD005,LIN003,TUR002,4416.96,200.0,20.0,1000,960.28,945.78,14.5,1.25,1.23,0.0,1.23,486.18,355.23,2025.12,626.04,135.3,2786.46,2.9,Aprobado A1,Manjar Alfajorero 5kg,Industrial,5.0,4.3,Línea 3 - Continua 2000L,800,Tarde (14:00 - 22:00)
LOT-202607-1126,2026-07-31,PROD001,LIN002,TUR002,1537.05,80.0,8.0,400,382.84,376.88,5.96,0.8,0.77,0.56,1.33,195.78,116.45,713.56,248.91,99.75,1062.22,2.77,Aprobado A1,Manjar Tradicional 250g,Familiar,0.25,3.8,Línea 2 - Marmitas 1000L,500,Tarde (14:00 - 22:00)
LOT-202607-1127,2026-07-31,PROD003,LIN002,TUR003,2299.89,120.0,12.0,600,574.0,540.85,33.15,1.2,1.17,0.0,1.17,294.81,184.74,1067.95,375.94,87.75,1531.64,2.67,Rechazado / Reproceso,Manjar Tradicional 1kg,Familiar,1.0,3.8,Línea 2 - Marmitas 1000L,500,Noche (22:00 - 06:00)
LOT-202607-1128,2026-07-31,PROD003,LIN002,TUR003,1568.54,80.0,8.0,400,401.13,377.45,23.68,0.8,0.82,0.4,1.22,193.04,132.75,726.79,247.58,91.5,1065.87,2.66,Rechazado / Reproceso,Manjar Tradicional 1kg,Familiar,1.0,3.8,Línea 2 - Marmitas 1000L,500,Noche (22:00 - 06:00)
LOT-202607-1129,2026-07-31,PROD001,LIN003,TUR001,3775.91,200.0,20.0,1000,968.12,953.95,14.17,1.25,1.3,0.0,1.3,487.68,280.78,1755.88,618.91,143.0,2517.79,2.6,Aprobado A1,Manjar Tradicional 250g,Familiar,0.25,3.8,Línea 3 - Continua 2000L,800,Mañana (06:00 - 14:00)
LOT-202607-1130,2026-07-31,PROD005,LIN003,TUR001,3465.54,160.0,16.0,800,781.23,747.84,33.39,1.0,0.98,0.0,0.98,387.19,262.54,1591.53,496.13,107.8,2195.46,2.81,Aprobado con Observaciones,Manjar Alfajorero 5kg,Industrial,5.0,4.3,Línea 3 - Continua 2000L,800,Mañana (06:00 - 14:00)
